,product,monsternummer,aanduiding,datum,land,locatie,analyse,gehalte,mrl,verwerkingsfactor,resultaat
0,"aalbessen (rood, wit en zwart)",86812061,aalbessen rood,24‐4‐2024,Nederland,COÖPERATIE KONINKLIJKE FRUITMASTERS U.A.,cyprodinil,0.36,8.0,,CONFORM
1,"aalbessen (rood, wit en zwart)",86812061,aalbessen rood,24‐4‐2024,Nederland,COÖPERATIE KONINKLIJKE FRUITMASTERS U.A.,fludioxonil,0.48,4.0,,CONFORM
2,"aalbessen (rood, wit en zwart)",86812061,aalbessen rood,24‐4‐2024,Nederland,COÖPERATIE KONINKLIJKE FRUITMASTERS U.A.,fluopyram,0.94,4.0,,CONFORM
3,"aalbessen (rood, wit en zwart)",86812061,aalbessen rood,24‐4‐2024,Nederland,COÖPERATIE KONINKLIJKE FRUITMASTERS U.A.,spirotetramat (som),0.32,1.5,,CONFORM
4,"aalbessen (rood, wit en zwart)",86812061,aalbessen rood,24‐4‐2024,Nederland,COÖPERATIE KONINKLIJKE FRUITMASTERS U.A.,trifloxystrobin,1.4,3.0,,CONFORM
5,"aalbessen (rood, wit en zwart)",86812061,aalbessen rood,24‐4‐2024,Nederland,COÖPERATIE KONINKLIJKE FRUITMASTERS U.A.,Overige bestrijdingsmiddelen,,,,CONFORM
6,aardappelen,86770016,aardappelen,4‐3‐2024,Nederland,HELLOFRESH DC PRISMALAAN,propamocarb,0.011,0.3,,CONFORM
7,aardappelen,86770016,aardappelen,4‐3‐2024,Nederland,HELLOFRESH DC PRISMALAAN,Overige bestrijdingsmiddelen,,,,CONFORM
8,aardappelen,86781956,Kriel Jazzy,5‐9‐2024,Verenigd Koninkrijk,BROEKHOF GROENTEN EN FRUIT B.V.,Overige bestrijdingsmiddelen,,,,CONFORM
9,aardappelen,86782227,Sinora,19‐9‐2024,Nederland,FARM FRITES B.V.,fluopicolide,0.0061,0.03,,CONFORM
10,aardappelen,86782227,Sinora,19‐9‐2024,Nederland,FARM FRITES B.V.,propamocarb,0.026,0.3,,CONFORM
11,aardappelen,86782227,Sinora,19‐9‐2024,Nederland,FARM FRITES B.V.,Overige bestrijdingsmiddelen,,,,CONFORM
12,aardappelen,86782383,Sinora,25‐9‐2024,Nederland,LAMB‐WESTON MEIJER,propamocarb,0.0057,0.3,,CONFORM
13,aardappelen,86782383,Sinora,25‐9‐2024,Nederland,LAMB‐WESTON MEIJER,Overige bestrijdingsmiddelen,,,,CONFORM
14,aardappelen,86782391,Fontane,25‐9‐2024,Nederland,LAMB‐WESTON MEIJER,propamocarb,0.0062,0.3,,CONFORM
15,aardappelen,86782391,Fontane,25‐9‐2024,Nederland,LAMB‐WESTON MEIJER,Overige bestrijdingsmiddelen,,,,CONFORM
16,aardappelen,86782405,Primieum 35+,25‐9‐2024,Nederland,MCCAIN FOODS HOLLAND B.V.,propamocarb,0.012,0.3,,CONFORM
17,aardappelen,86782405,Primieum 35+,25‐9‐2024,Nederland,MCCAIN FOODS HOLLAND B.V.,Overige bestrijdingsmiddelen,,,,CONFORM
18,aardappelen,86782413,Arsenal 35+,25‐9‐2024,Nederland,MCCAIN FOODS HOLLAND B.V.,propamocarb,0.0084,0.3,,CONFORM
19,aardappelen,86782413,Arsenal 35+,25‐9‐2024,Nederland,MCCAIN FOODS HOLLAND B.V.,Overige bestrijdingsmiddelen,,,,CONFORM
20,aardappelen,86804085,kruimige aardappel,6‐3‐2024,Nederland,CRISP B.V.,Overige bestrijdingsmiddelen,,,,CONFORM
21,aardappelen,86807688,aardappelen,12‐8‐2024,Nederland,PICNIC FULFILLMENTCENTRUM,fluxapyroxad,0.005,0.3,,CONFORM
22,aardappelen,86807688,aardappelen,12‐8‐2024,Nederland,PICNIC FULFILLMENTCENTRUM,propamocarb,0.0088,0.3,,CONFORM
23,aardappelen,86807688,aardappelen,12‐8‐2024,Nederland,PICNIC FULFILLMENTCENTRUM,Overige bestrijdingsmiddelen,,,,CONFORM
24,aardappelen,86808846,aardappelen,30‐9‐2024,Marokko,IBRAHIM GROENTE GROOTHANDEL B.V.,omethoaat,0.011,0.01,,NIET CONFORM*
25,aardappelen,86808846,aardappelen,30‐9‐2024,Marokko,IBRAHIM GROENTE GROOTHANDEL B.V.,thiabendazool,0.042,0.04,,NIET CONFORM*
26,aardappelen,86808846,aardappelen,30‐9‐2024,Marokko,IBRAHIM GROENTE GROOTHANDEL B.V.,Overige bestrijdingsmiddelen,,,,CONFORM
27,aardappelen,86866757,aardappel,20‐3‐2024,Nederland,V.O.F. HARRIE GOESTEN,fluxapyroxad,0.0091,0.3,,CONFORM
28,aardappelen,86866757,aardappel,20‐3‐2024,Nederland,V.O.F. HARRIE GOESTEN,propamocarb,0.0056,0.3,,CONFORM
29,aardappelen,86866757,aardappel,20‐3‐2024,Nederland,V.O.F. HARRIE GOESTEN,Overige bestrijdingsmiddelen,,,,CONFORM
30,aardappelen,86869209,aardappel krieltjes,17‐6‐2024,Nederland,JUMBO DISTRIBUTIECENTRUM,Overige bestrijdingsmiddelen,,,,CONFORM
31,aardappelen,86894513,aardappelen,21‐8‐2024,Nederland,JUMBO DISTRIBUTIECENTRUM (409),Overige bestrijdingsmiddelen,,,,CONFORM
32,aardappelen,86896001,Zorba RITNR. 779093‐1,9‐9‐2024,Nederland,AVIKO B.V.,propamocarb,0.022,0.3,,CONFORM
33,aardappelen,86896001,Zorba RITNR. 779093‐1,9‐9‐2024,Nederland,AVIKO B.V.,Overige bestrijdingsmiddelen,,,,CONFORM
34,aardappelen,86896028,Zorba RITNR. 779104‐1,9‐9‐2024,Duitsland,AVIKO B.V.,propamocarb,0.015,0.3,,CONFORM
35,aardappelen,86896028,Zorba RITNR. 779104‐1,9‐9‐2024,Duitsland,AVIKO B.V.,Overige bestrijdingsmiddelen,,,,CONFORM
36,aardappelen,86896036,PREMIERE RITNR. 779082‐1,9‐9‐2024,Duitsland,AVIKO B.V.,propamocarb,0.0053,0.3,,CONFORM
37,aardappelen,86896036,PREMIERE RITNR. 779082‐1,9‐9‐2024,Duitsland,AVIKO B.V.,Overige bestrijdingsmiddelen,,,,CONFORM
38,aardappelen,86896044,PREMIERE RITNR. 779055‐1,9‐9‐2024,Duitsland,AVIKO B.V.,propamocarb,0.019,0.3,,CONFORM
39,aardappelen,86896044,PREMIERE RITNR. 779055‐1,9‐9‐2024,Duitsland,AVIKO B.V.,Overige bestrijdingsmiddelen,,,,CONFORM
40,aardappelen,86896052,PREMIERE RITNR. 779066‐1,9‐9‐2024,Duitsland,AVIKO B.V.,propamocarb,0.0053,0.3,,CONFORM
41,aardappelen,86896052,PREMIERE RITNR. 779066‐1,9‐9‐2024,Duitsland,AVIKO B.V.,Overige bestrijdingsmiddelen,,,,CONFORM
42,aardappelen,86896346,aardappelen,8‐10‐2024,Nederland,ALDI DISTRIBUTIECENTRUM,Overige bestrijdingsmiddelen,,,,CONFORM
43,aardappelen,86960273,bildtstar,11‐9‐2024,Landcode onbekend,LANDJUWEEL B.V.,fluopicolide,0.0079,0.03,,CONFORM
44,aardappelen,86960273,bildtstar,11‐9‐2024,Landcode onbekend,LANDJUWEEL B.V.,propamocarb,0.0079,0.3,,CONFORM
45,aardappelen,86960273,bildtstar,11‐9‐2024,Landcode onbekend,LANDJUWEEL B.V.,thiabendazool,0.0053,0.04,,CONFORM
46,aardappelen,86960273,bildtstar,11‐9‐2024,Landcode onbekend,LANDJUWEEL B.V.,Overige bestrijdingsmiddelen,,,,CONFORM
47,aardappelen,86960281,Biologisch kruimig,11‐9‐2024,Landcode onbekend,LANDJUWEEL B.V.,Overige bestrijdingsmiddelen,,,,CONFORM
48,aardappelen,86960303,Red Scarlett,11‐9‐2024,Landcode onbekend,LANDJUWEEL B.V.,Overige bestrijdingsmiddelen,,,,CONFORM
49,aardappelen,86960311,Glorietta,11‐9‐2024,Landcode onbekend,LANDJUWEEL B.V.,fluopicolide,0.017,0.03,,CONFORM
50,aardappelen,86960311,Glorietta,11‐9‐2024,Landcode onbekend,LANDJUWEEL B.V.,fluxapyroxad,0.0066,0.3,,CONFORM
51,aardappelen,86960311,Glorietta,11‐9‐2024,Landcode onbekend,LANDJUWEEL B.V.,propamocarb,0.044,0.3,,CONFORM
52,aardappelen,86960311,Glorietta,11‐9‐2024,Landcode onbekend,LANDJUWEEL B.V.,Overige bestrijdingsmiddelen,,,,CONFORM
53,aardappelen,86960338,Spec Kriel NL,11‐9‐2024,Landcode onbekend,LANDJUWEEL B.V.,flutolanil,0.0057,0.1,,CONFORM
54,aardappelen,86960338,Spec Kriel NL,11‐9‐2024,Landcode onbekend,LANDJUWEEL B.V.,fluxapyroxad,0.02,0.3,,CONFORM
55,aardappelen,86960338,Spec Kriel NL,11‐9‐2024,Landcode onbekend,LANDJUWEEL B.V.,Overige bestrijdingsmiddelen,,,,CONFORM
56,aardappelen,86961717,biologische aardappelen. nieuwe oogst,15‐10‐2024,Nederland,ALDI GRONINGEN B.V.,Overige bestrijdingsmiddelen,,,,CONFORM
57,aardappelen,86963124,aardappel mikado,19‐8‐2024,Duitsland,FIRMA POSTUMA‐KAMPEN,Overige bestrijdingsmiddelen,,,,CONFORM
58,aardappelen,99369574,aardappel bildstar,18‐9‐2024,Nederland,FRUITBOERDERIJ OOLD BLEANK,Overige bestrijdingsmiddelen,,,,CONFORM
59,aardappelen,99382708,Aardappel connect,24‐9‐2024,Nederland,BIOL. BOERDERIJWINKEL,Overige bestrijdingsmiddelen,,,,CONFORM
60,aardappelen,99386827,Aardappel rood Allouette,26‐11‐2024,Nederland,BOERDERIJWINKEL OVERESCH,Overige bestrijdingsmiddelen,,,,CONFORM
61,aardappelen,99389362,aardappelen Gourmandie,9‐1‐2024,Nederland,ALBERT HEIJN XL,Overige bestrijdingsmiddelen,,,,CONFORM
62,aardappelen,99390263,aardappelen vastkokens,6‐2‐2024,Nederland,COOP MAASBREE,propamocarb,0.0069,0.3,,CONFORM
63,aardappelen,99390263,aardappelen vastkokens,6‐2‐2024,Nederland,COOP MAASBREE,Overige bestrijdingsmiddelen,,,,CONFORM
64,aardappelen,99401761,Stamppot aardappelen,24‐1‐2024,Nederland,PLUS STURING,Overige bestrijdingsmiddelen,,,,CONFORM
65,aardappelen,99401974,Aardappelen Vastkokend,30‐1‐2024,Nederland,LIDL,chloorprofam,0.053,0.35,,CONFORM
66,aardappelen,99401974,Aardappelen Vastkokend,30‐1‐2024,Nederland,LIDL,Overige bestrijdingsmiddelen,,,,CONFORM
67,aardappelen,99402334,Aardappelen Vastkokend,6‐2‐2024,Nederland,JUMBO SUPERMARKT,Overige bestrijdingsmiddelen,,,,CONFORM
68,aardappelen,99414499,aardappelen,16‐1‐2024,Nederland,LIDL,Overige bestrijdingsmiddelen,,,,CONFORM
69,aardappelen,99414774,Biologgisch Plus aardappelen,24‐1‐2024,Nederland,COOP ALMELO,Overige bestrijdingsmiddelen,,,,CONFORM
70,aardappelen,99415177,Musica aardappelen,30‐1‐2024,Nederland,DIRK,Overige bestrijdingsmiddelen,,,,CONFORM
71,aardappelen,99415843,AH Levante aardappelen,7‐2‐2024,Nederland,"ALBERT HEIJN, TJ VOSSELMAN SUPERMARKT T.H.O.D.N.",captan (som),0.021,0.03,,CONFORM
72,aardappelen,99415843,AH Levante aardappelen,7‐2‐2024,Nederland,"ALBERT HEIJN, TJ VOSSELMAN SUPERMARKT T.H.O.D.N.",Overige bestrijdingsmiddelen,,,,CONFORM
73,aardappelen,99420642,Culinaire smaakaardappel 800gr,6‐2‐2024,Nederland,ALDI MARKT,chloorprofam,0.011,0.35,,CONFORM
74,aardappelen,99420642,Culinaire smaakaardappel 800gr,6‐2‐2024,Nederland,ALDI MARKT,Overige bestrijdingsmiddelen,,,,CONFORM
75,aardappelen,99427949,aardappelen,14‐8‐2024,Nederland,BOERDERIJWINKEL SCHAEPKENS,propamocarb,0.034,0.3,,CONFORM
76,aardappelen,99427949,aardappelen,14‐8‐2024,Nederland,BOERDERIJWINKEL SCHAEPKENS,Overige bestrijdingsmiddelen,,,,CONFORM
77,aardappelen,99428651,Aardappel jelly,25‐9‐2024,Nederland,EET‐IDEE QUAEDVLIEG,chloorprofam,0.0055,0.35,,CONFORM
78,aardappelen,99428651,Aardappel jelly,25‐9‐2024,Nederland,EET‐IDEE QUAEDVLIEG,fluopicolide,0.01,0.03,,CONFORM
79,aardappelen,99428651,Aardappel jelly,25‐9‐2024,Nederland,EET‐IDEE QUAEDVLIEG,propamocarb,0.014,0.3,,CONFORM
80,aardappelen,99428651,Aardappel jelly,25‐9‐2024,Nederland,EET‐IDEE QUAEDVLIEG,Overige bestrijdingsmiddelen,,,,CONFORM
81,aardappelen,99439262,"Biologische Aardappel, kruimig",18‐6‐2024,Nederland,O. SMEDING EN ZOON B.V.,Overige bestrijdingsmiddelen,,,,CONFORM
82,aardappelen,99448318,Donald,25‐9‐2024,Nederland,D. WOESTENENK,propamocarb,0.012,0.3,,CONFORM
83,aardappelen,99448318,Donald,25‐9‐2024,Nederland,D. WOESTENENK,Overige bestrijdingsmiddelen,,,,CONFORM
84,aardappelen,99448326,Frieslander,25‐9‐2024,Nederland,D. WOESTENENK,fluopicolide,0.006,0.03,,CONFORM
85,aardappelen,99448326,Frieslander,25‐9‐2024,Nederland,D. WOESTENENK,propamocarb,0.012,0.3,,CONFORM
86,aardappelen,99448326,Frieslander,25‐9‐2024,Nederland,D. WOESTENENK,Overige bestrijdingsmiddelen,,,,CONFORM
87,aardappelen,99448334,Michelle,25‐9‐2024,Nederland,D. WOESTENENK,propamocarb,0.029,0.3,,CONFORM
88,aardappelen,99448334,Michelle,25‐9‐2024,Nederland,D. WOESTENENK,Overige bestrijdingsmiddelen,,,,CONFORM
89,aardappelen,99448342,Melody,25‐9‐2024,Nederland,D. WOESTENENK,propamocarb,0.035,0.3,,CONFORM
90,aardappelen,99448342,Melody,25‐9‐2024,Nederland,D. WOESTENENK,Overige bestrijdingsmiddelen,,,,CONFORM
91,aardappelen,99448369,Laura,25‐9‐2024,Nederland,D. WOESTENENK,propamocarb,0.014,0.3,,CONFORM
92,aardappelen,99448369,Laura,25‐9‐2024,Nederland,D. WOESTENENK,Overige bestrijdingsmiddelen,,,,CONFORM
93,aardappelen,99452625,ALOUETTE BH,19‐9‐2024,Nederland,DE BUYTENHOF,Overige bestrijdingsmiddelen,,,,CONFORM
94,aardappelen,99469714,Weterwoldse Parels,25‐9‐2024,Nederland,KRUIZE BOERDERIJWINKEL,Overige bestrijdingsmiddelen,,,,CONFORM
95,aardappelen,99469994,"Bildstar, zak 5 kg",18‐9‐2024,Nederland,BOERDERIJWINKEL DE GELDER,chloorprofam,0.0056,0.35,,CONFORM
96,aardappelen,99469994,"Bildstar, zak 5 kg",18‐9‐2024,Nederland,BOERDERIJWINKEL DE GELDER,fluopicolide,0.017,0.03,,CONFORM
97,aardappelen,99469994,"Bildstar, zak 5 kg",18‐9‐2024,Nederland,BOERDERIJWINKEL DE GELDER,fluxapyroxad,0.028,0.3,,CONFORM
98,aardappelen,99469994,"Bildstar, zak 5 kg",18‐9‐2024,Nederland,BOERDERIJWINKEL DE GELDER,Overige bestrijdingsmiddelen,,,,CONFORM
99,aardappelen,99500565,Aardappelen connect,26‐11‐2024,Nederland,BURGERBOERDERIJ DE PATRIJS,Overige bestrijdingsmiddelen,,,,CONFORM
100,aardappelen,99634847,"Krieltjes, soort Milva",31‐1‐2024,Nederland,JUMBO SUPERMARKT,azoxystrobin,0.0058,7.0,,CONFORM
101,aardappelen,99634847,"Krieltjes, soort Milva",31‐1‐2024,Nederland,JUMBO SUPERMARKT,bromide,1.9,50.0,,CONFORM
102,aardappelen,99634847,"Krieltjes, soort Milva",31‐1‐2024,Nederland,JUMBO SUPERMARKT,fluopicolide,0.0095,0.03,,CONFORM
103,aardappelen,99634847,"Krieltjes, soort Milva",31‐1‐2024,Nederland,JUMBO SUPERMARKT,koper,0.7,5.0,,CONFORM
104,aardappelen,99634847,"Krieltjes, soort Milva",31‐1‐2024,Nederland,JUMBO SUPERMARKT,propamocarb,0.0086,0.3,,CONFORM
105,aardappelen,99634847,"Krieltjes, soort Milva",31‐1‐2024,Nederland,JUMBO SUPERMARKT,Overige bestrijdingsmiddelen,,,,CONFORM
106,aardappelen,99635193,"Vastkokende Aardappelen, Regina",24‐1‐2024,Nederland,LIDL,fluxapyroxad,0.0068,0.3,,CONFORM
107,aardappelen,99635193,"Vastkokende Aardappelen, Regina",24‐1‐2024,Nederland,LIDL,Overige bestrijdingsmiddelen,,,,CONFORM
108,aardappelen,99636009,"Aardappel, kruimig, Melody",7‐2‐2024,Nederland,DIRK VAN DER BROEK,fluopicolide,0.0061,0.03,,CONFORM
109,aardappelen,99636009,"Aardappel, kruimig, Melody",7‐2‐2024,Nederland,DIRK VAN DER BROEK,fluxapyroxad,0.009,0.3,,CONFORM
110,aardappelen,99636009,"Aardappel, kruimig, Melody",7‐2‐2024,Nederland,DIRK VAN DER BROEK,propamocarb,0.0064,0.3,,CONFORM
111,aardappelen,99636009,"Aardappel, kruimig, Melody",7‐2‐2024,Nederland,DIRK VAN DER BROEK,Overige bestrijdingsmiddelen,,,,CONFORM
112,aardappelen,99642734,"Roodschillige aardappelen, Ras: Bildtstar",10‐1‐2024,Nederland,ALDI MARKT,Overige bestrijdingsmiddelen,,,,CONFORM
113,aardappelen,99642807,"Eigenheimer, kruimig",3‐1‐2024,Nederland,ALBERT HEIJN,Overige bestrijdingsmiddelen,,,,CONFORM
114,aardappelen,99642947,"Iets kruimige Aardappelen, Ras: Melody",11‐1‐2024,Nederland,LIDL,chloorprofam,0.023,0.35,,CONFORM
115,aardappelen,99642947,"Iets kruimige Aardappelen, Ras: Melody",11‐1‐2024,Nederland,LIDL,Overige bestrijdingsmiddelen,,,,CONFORM
116,aardappelen,99643595,Aardappelen Nicola,17‐1‐2024,Nederland,PLUS DE WEERD,Overige bestrijdingsmiddelen,,,,CONFORM
117,aardappelen,99645423,AARDAPPELEN,16‐1‐2024,Nederland,ALDI MARKT,chloorprofam,0.0076,0.35,,CONFORM
118,aardappelen,99645423,AARDAPPELEN,16‐1‐2024,Nederland,ALDI MARKT,propamocarb,0.0074,0.3,,CONFORM
119,aardappelen,99645423,AARDAPPELEN,16‐1‐2024,Nederland,ALDI MARKT,thiabendazool,0.0093,0.04,,CONFORM
120,aardappelen,99645423,AARDAPPELEN,16‐1‐2024,Nederland,ALDI MARKT,Overige bestrijdingsmiddelen,,,,CONFORM
121,aardappelen,99648627,Friet aardappelen,4‐1‐2024,Nederland,JUMBO SUPERMARKT,Overige bestrijdingsmiddelen,,,,CONFORM
122,aardappelen,99658878,aardappelen,2‐1‐2024,Nederland,ALDI MARKT,fluxapyroxad,0.005,0.3,,CONFORM
123,aardappelen,99658878,aardappelen,2‐1‐2024,Nederland,ALDI MARKT,Overige bestrijdingsmiddelen,,,,CONFORM
124,aardappelen,99659297,Plus biologische kruimige aardappelen 1kg,11‐1‐2024,Nederland,PLUS BRUGHUIS,Overige bestrijdingsmiddelen,,,,CONFORM
125,aardappelen,99659866,"AH aardappel Blanches Ditta 1,5kg",17‐1‐2024,Nederland,ALBERT HEIJN,Overige bestrijdingsmiddelen,,,,CONFORM
126,aardappelen,99660066,Jumbo vastkokende aardappel Jazzy 750gr,23‐1‐2024,Nederland,JUMBO SUPERMARKT,azoxystrobin,0.0061,7.0,,CONFORM
127,aardappelen,99660066,Jumbo vastkokende aardappel Jazzy 750gr,23‐1‐2024,Nederland,JUMBO SUPERMARKT,chloorprofam,0.0085,0.35,,CONFORM
128,aardappelen,99660066,Jumbo vastkokende aardappel Jazzy 750gr,23‐1‐2024,Nederland,JUMBO SUPERMARKT,propamocarb,0.0062,0.3,,CONFORM
129,aardappelen,99660066,Jumbo vastkokende aardappel Jazzy 750gr,23‐1‐2024,Nederland,JUMBO SUPERMARKT,Overige bestrijdingsmiddelen,,,,CONFORM
130,aardbeien,86759292,Aardbeien,17‐4‐2024,Landcode onbekend,SLIGRO TILBURG,boscalid,0.018,6.0,,CONFORM
131,aardbeien,86759292,Aardbeien,17‐4‐2024,Landcode onbekend,SLIGRO TILBURG,fluopyram,0.014,2.0,,CONFORM
132,aardbeien,86759292,Aardbeien,17‐4‐2024,Landcode onbekend,SLIGRO TILBURG,pyrimethanil,0.0059,5.0,,CONFORM
133,aardbeien,86759292,Aardbeien,17‐4‐2024,Landcode onbekend,SLIGRO TILBURG,trifloxystrobin,0.0068,1.0,,CONFORM
134,aardbeien,86759292,Aardbeien,17‐4‐2024,Landcode onbekend,SLIGRO TILBURG,Overige bestrijdingsmiddelen,,,,CONFORM
135,aardbeien,86779897,Nederlandse Aardbeiden,19‐6‐2024,Nederland,DISTRIBUTIECENTRUM ALBERT HEIJN,cyflumetofen,0.53,0.6,,CONFORM
136,aardbeien,86779897,Nederlandse Aardbeiden,19‐6‐2024,Nederland,DISTRIBUTIECENTRUM ALBERT HEIJN,fluopyram,0.3,2.0,,CONFORM
137,aardbeien,86779897,Nederlandse Aardbeiden,19‐6‐2024,Nederland,DISTRIBUTIECENTRUM ALBERT HEIJN,mepanipyrim,0.26,3.0,,CONFORM
138,aardbeien,86779897,Nederlandse Aardbeiden,19‐6‐2024,Nederland,DISTRIBUTIECENTRUM ALBERT HEIJN,spinosad,0.062,0.3,,CONFORM
139,aardbeien,86779897,Nederlandse Aardbeiden,19‐6‐2024,Nederland,DISTRIBUTIECENTRUM ALBERT HEIJN,trifloxystrobin,0.25,1.0,,CONFORM
140,aardbeien,86779897,Nederlandse Aardbeiden,19‐6‐2024,Nederland,DISTRIBUTIECENTRUM ALBERT HEIJN,Overige bestrijdingsmiddelen,,,,CONFORM
141,aardbeien,86781492,Aardbeien,26‐6‐2024,Nederland,LIDL,cyprodinil,0.84,5.0,,CONFORM
142,aardbeien,86781492,Aardbeien,26‐6‐2024,Nederland,LIDL,deltamethrin,0.006,0.2,,CONFORM
143,aardbeien,86781492,Aardbeien,26‐6‐2024,Nederland,LIDL,fludioxonil,0.46,4.0,,CONFORM
144,aardbeien,86781492,Aardbeien,26‐6‐2024,Nederland,LIDL,trifloxystrobin,0.021,1.0,,CONFORM
145,aardbeien,86781492,Aardbeien,26‐6‐2024,Nederland,LIDL,Overige bestrijdingsmiddelen,,,,CONFORM
146,aardbeien,86797801,Aardbeien,8‐4‐2024,België,DE JONG DIEPVRIES B.V.,azoxystrobin,0.012,10.0,,CONFORM
147,aardbeien,86797801,Aardbeien,8‐4‐2024,België,DE JONG DIEPVRIES B.V.,Overige bestrijdingsmiddelen,,,,CONFORM
148,aardbeien,86808668,aardbeien,25‐9‐2024,Nederland,PLUS,bupirimaat,0.21,1.5,,CONFORM
149,aardbeien,86808668,aardbeien,25‐9‐2024,Nederland,PLUS,captan (som),2.0,1.5,,NIET CONFORM*
150,aardbeien,86808668,aardbeien,25‐9‐2024,Nederland,PLUS,cyprodinil,0.18,5.0,,CONFORM
151,aardbeien,86808668,aardbeien,25‐9‐2024,Nederland,PLUS,ethirimol,0.016,0.3,,CONFORM
152,aardbeien,86808668,aardbeien,25‐9‐2024,Nederland,PLUS,fludioxonil,0.13,4.0,,CONFORM
153,aardbeien,86808668,aardbeien,25‐9‐2024,Nederland,PLUS,fluopyram,0.0072,2.0,,CONFORM
154,aardbeien,86808668,aardbeien,25‐9‐2024,Nederland,PLUS,flupyradifurone,0.59,0.4,,NIET CONFORM*
155,aardbeien,86808668,aardbeien,25‐9‐2024,Nederland,PLUS,mepanipyrim,0.17,3.0,,CONFORM
156,aardbeien,86808668,aardbeien,25‐9‐2024,Nederland,PLUS,Overige bestrijdingsmiddelen,,,,CONFORM
157,aardbeien,86809524,aardbeien,29‐5‐2024,Nederland,DISTRIBUTIECENTRUM ALBERT HEIJN,bupirimaat,0.01,1.5,,CONFORM
158,aardbeien,86809524,aardbeien,29‐5‐2024,Nederland,DISTRIBUTIECENTRUM ALBERT HEIJN,clofentezin,0.014,2.0,,CONFORM
159,aardbeien,86809524,aardbeien,29‐5‐2024,Nederland,DISTRIBUTIECENTRUM ALBERT HEIJN,cyflumetofen,0.0089,0.6,,CONFORM
160,aardbeien,86809524,aardbeien,29‐5‐2024,Nederland,DISTRIBUTIECENTRUM ALBERT HEIJN,cyprodinil,0.9,5.0,,CONFORM
161,aardbeien,86809524,aardbeien,29‐5‐2024,Nederland,DISTRIBUTIECENTRUM ALBERT HEIJN,difenoconazool,0.044,2.0,,CONFORM
162,aardbeien,86809524,aardbeien,29‐5‐2024,Nederland,DISTRIBUTIECENTRUM ALBERT HEIJN,dimethomorf,0.027,0.7,,CONFORM
163,aardbeien,86809524,aardbeien,29‐5‐2024,Nederland,DISTRIBUTIECENTRUM ALBERT HEIJN,fludioxonil,0.5,4.0,,CONFORM
164,aardbeien,86809524,aardbeien,29‐5‐2024,Nederland,DISTRIBUTIECENTRUM ALBERT HEIJN,fluopyram,0.1,2.0,,CONFORM
165,aardbeien,86809524,aardbeien,29‐5‐2024,Nederland,DISTRIBUTIECENTRUM ALBERT HEIJN,fluxapyroxad,0.1,4.0,,CONFORM
166,aardbeien,86809524,aardbeien,29‐5‐2024,Nederland,DISTRIBUTIECENTRUM ALBERT HEIJN,penconazool,0.074,0.5,,CONFORM
167,aardbeien,86809524,aardbeien,29‐5‐2024,Nederland,DISTRIBUTIECENTRUM ALBERT HEIJN,trifloxystrobin,0.07,1.0,,CONFORM
168,aardbeien,86809524,aardbeien,29‐5‐2024,Nederland,DISTRIBUTIECENTRUM ALBERT HEIJN,Overige bestrijdingsmiddelen,,,,CONFORM
169,aardbeien,86812037,aarbeien,24‐4‐2024,Nederland,COÖPERATIE KONINKLIJKE FRUITMASTERS U.A.,boscalid,0.16,6.0,,CONFORM
170,aardbeien,86812037,aarbeien,24‐4‐2024,Nederland,COÖPERATIE KONINKLIJKE FRUITMASTERS U.A.,fluopyram,0.31,2.0,,CONFORM
171,aardbeien,86812037,aarbeien,24‐4‐2024,Nederland,COÖPERATIE KONINKLIJKE FRUITMASTERS U.A.,flupyradifurone,0.11,0.4,,CONFORM
172,aardbeien,86812037,aarbeien,24‐4‐2024,Nederland,COÖPERATIE KONINKLIJKE FRUITMASTERS U.A.,mepanipyrim,1.3,3.0,,CONFORM
173,aardbeien,86812037,aarbeien,24‐4‐2024,Nederland,COÖPERATIE KONINKLIJKE FRUITMASTERS U.A.,pyraclostrobin,0.02,1.5,,CONFORM
174,aardbeien,86812037,aarbeien,24‐4‐2024,Nederland,COÖPERATIE KONINKLIJKE FRUITMASTERS U.A.,Overige bestrijdingsmiddelen,,,,CONFORM
175,aardbeien,86812045,aarbeien,24‐4‐2024,Landcode onbekend,COÖPERATIE KONINKLIJKE FRUITMASTERS U.A.,boscalid,0.023,6.0,,CONFORM
176,aardbeien,86812045,aarbeien,24‐4‐2024,Landcode onbekend,COÖPERATIE KONINKLIJKE FRUITMASTERS U.A.,cyflufenamid,0.0066,0.04,,CONFORM
177,aardbeien,86812045,aarbeien,24‐4‐2024,Landcode onbekend,COÖPERATIE KONINKLIJKE FRUITMASTERS U.A.,fenhexamid,0.4,10.0,,CONFORM
178,aardbeien,86812045,aarbeien,24‐4‐2024,Landcode onbekend,COÖPERATIE KONINKLIJKE FRUITMASTERS U.A.,fluopyram,0.26,2.0,,CONFORM
179,aardbeien,86812045,aarbeien,24‐4‐2024,Landcode onbekend,COÖPERATIE KONINKLIJKE FRUITMASTERS U.A.,kresoxim‐methyl,0.022,1.5,,CONFORM
180,aardbeien,86812045,aarbeien,24‐4‐2024,Landcode onbekend,COÖPERATIE KONINKLIJKE FRUITMASTERS U.A.,mepanipyrim,0.3,3.0,,CONFORM
181,aardbeien,86812045,aarbeien,24‐4‐2024,Landcode onbekend,COÖPERATIE KONINKLIJKE FRUITMASTERS U.A.,trifloxystrobin,0.014,1.0,,CONFORM
182,aardbeien,86812045,aarbeien,24‐4‐2024,Landcode onbekend,COÖPERATIE KONINKLIJKE FRUITMASTERS U.A.,Overige bestrijdingsmiddelen,,,,CONFORM
183,aardbeien,86812541,aardbeien,7‐5‐2024,Nederland,AARTSEN VENLO B.V.,fludioxonil,0.0075,4.0,,CONFORM
184,aardbeien,86812541,aardbeien,7‐5‐2024,Nederland,AARTSEN VENLO B.V.,penconazool,0.0086,0.5,,CONFORM
185,aardbeien,86812541,aardbeien,7‐5‐2024,Nederland,AARTSEN VENLO B.V.,trifloxystrobin,0.02,1.0,,CONFORM
186,aardbeien,86812541,aardbeien,7‐5‐2024,Nederland,AARTSEN VENLO B.V.,Overige bestrijdingsmiddelen,,,,CONFORM
187,aardbeien,86812835,aardbeien,21‐5‐2024,België,GROOTHANDEL GROENTE EN FRUIT S.C. VAN RAVENSWAAIJ,captan (som),1.1,1.5,,CONFORM
188,aardbeien,86812835,aardbeien,21‐5‐2024,België,GROOTHANDEL GROENTE EN FRUIT S.C. VAN RAVENSWAAIJ,dimethomorf,0.034,0.7,,CONFORM
189,aardbeien,86812835,aardbeien,21‐5‐2024,België,GROOTHANDEL GROENTE EN FRUIT S.C. VAN RAVENSWAAIJ,fluopyram,0.26,2.0,,CONFORM
190,aardbeien,86812835,aardbeien,21‐5‐2024,België,GROOTHANDEL GROENTE EN FRUIT S.C. VAN RAVENSWAAIJ,flupyradifurone,0.12,0.4,,CONFORM
191,aardbeien,86812835,aardbeien,21‐5‐2024,België,GROOTHANDEL GROENTE EN FRUIT S.C. VAN RAVENSWAAIJ,kresoxim‐methyl,0.084,1.5,,CONFORM
192,aardbeien,86812835,aardbeien,21‐5‐2024,België,GROOTHANDEL GROENTE EN FRUIT S.C. VAN RAVENSWAAIJ,metalaxyl,0.013,0.6,,CONFORM
193,aardbeien,86812835,aardbeien,21‐5‐2024,België,GROOTHANDEL GROENTE EN FRUIT S.C. VAN RAVENSWAAIJ,trifloxystrobin,0.17,1.0,,CONFORM
194,aardbeien,86812835,aardbeien,21‐5‐2024,België,GROOTHANDEL GROENTE EN FRUIT S.C. VAN RAVENSWAAIJ,Overige bestrijdingsmiddelen,,,,CONFORM
195,aardbeien,86814412,aardbeien,19‐2‐2024,Nederland,DEKAMARKT LOGISTIEK B.V. (VERSCENTRALE),boscalid,0.066,6.0,,CONFORM
196,aardbeien,86814412,aardbeien,19‐2‐2024,Nederland,DEKAMARKT LOGISTIEK B.V. (VERSCENTRALE),captan (som),0.033,1.5,,CONFORM
197,aardbeien,86814412,aardbeien,19‐2‐2024,Nederland,DEKAMARKT LOGISTIEK B.V. (VERSCENTRALE),cyprodinil,0.08,5.0,,CONFORM
198,aardbeien,86814412,aardbeien,19‐2‐2024,Nederland,DEKAMARKT LOGISTIEK B.V. (VERSCENTRALE),dimethomorf,0.0084,0.7,,CONFORM
199,aardbeien,86814412,aardbeien,19‐2‐2024,Nederland,DEKAMARKT LOGISTIEK B.V. (VERSCENTRALE),fludioxonil,0.72,4.0,,CONFORM
200,aardbeien,86814412,aardbeien,19‐2‐2024,Nederland,DEKAMARKT LOGISTIEK B.V. (VERSCENTRALE),fluopyram,0.31,2.0,,CONFORM
201,aardbeien,86814412,aardbeien,19‐2‐2024,Nederland,DEKAMARKT LOGISTIEK B.V. (VERSCENTRALE),flupyradifurone,0.079,0.4,,CONFORM
202,aardbeien,86814412,aardbeien,19‐2‐2024,Nederland,DEKAMARKT LOGISTIEK B.V. (VERSCENTRALE),mepanipyrim,0.22,3.0,,CONFORM
203,aardbeien,86814412,aardbeien,19‐2‐2024,Nederland,DEKAMARKT LOGISTIEK B.V. (VERSCENTRALE),pyraclostrobin,0.012,1.5,,CONFORM
204,aardbeien,86814412,aardbeien,19‐2‐2024,Nederland,DEKAMARKT LOGISTIEK B.V. (VERSCENTRALE),trifloxystrobin,0.0074,1.0,,CONFORM
205,aardbeien,86814412,aardbeien,19‐2‐2024,Nederland,DEKAMARKT LOGISTIEK B.V. (VERSCENTRALE),Overige bestrijdingsmiddelen,,,,CONFORM
206,aardbeien,86816032,aardbeien,28‐5‐2024,Nederland,FIRMA POSTUMA‐KAMPEN,boscalid,0.13,6.0,,CONFORM
207,aardbeien,86816032,aardbeien,28‐5‐2024,Nederland,FIRMA POSTUMA‐KAMPEN,cyprodinil,0.017,5.0,,CONFORM
208,aardbeien,86816032,aardbeien,28‐5‐2024,Nederland,FIRMA POSTUMA‐KAMPEN,fludioxonil,0.032,4.0,,CONFORM
209,aardbeien,86816032,aardbeien,28‐5‐2024,Nederland,FIRMA POSTUMA‐KAMPEN,fluopyram,0.02,2.0,,CONFORM
210,aardbeien,86816032,aardbeien,28‐5‐2024,Nederland,FIRMA POSTUMA‐KAMPEN,pyraclostrobin,0.024,1.5,,CONFORM
211,aardbeien,86816032,aardbeien,28‐5‐2024,Nederland,FIRMA POSTUMA‐KAMPEN,Overige bestrijdingsmiddelen,,,,CONFORM
212,aardbeien,86894459,aardbeien,21‐8‐2024,Nederland,JUMBO DISTRIBUTIECENTRUM (409),cyprodinil,0.1,5.0,,CONFORM
213,aardbeien,86894459,aardbeien,21‐8‐2024,Nederland,JUMBO DISTRIBUTIECENTRUM (409),fludioxonil,0.11,4.0,,CONFORM
214,aardbeien,86894459,aardbeien,21‐8‐2024,Nederland,JUMBO DISTRIBUTIECENTRUM (409),fluopyram,0.11,2.0,,CONFORM
215,aardbeien,86894459,aardbeien,21‐8‐2024,Nederland,JUMBO DISTRIBUTIECENTRUM (409),trifloxystrobin,0.063,1.0,,CONFORM
216,aardbeien,86894459,aardbeien,21‐8‐2024,Nederland,JUMBO DISTRIBUTIECENTRUM (409),Overige bestrijdingsmiddelen,,,,CONFORM
217,aardbeien,86923998,IQF Aardbeien ongecal,25‐3‐2024,Polen,VAN ES FOODS INTERNATIONAL,azoxystrobin,0.074,10.0,,CONFORM
218,aardbeien,86923998,IQF Aardbeien ongecal,25‐3‐2024,Polen,VAN ES FOODS INTERNATIONAL,boscalid,0.023,6.0,,CONFORM
219,aardbeien,86923998,IQF Aardbeien ongecal,25‐3‐2024,Polen,VAN ES FOODS INTERNATIONAL,carbendazim,0.017,0.1,,CONFORM
220,aardbeien,86923998,IQF Aardbeien ongecal,25‐3‐2024,Polen,VAN ES FOODS INTERNATIONAL,chloorpyrifos‐ethyl,0.012,0.01,,NIET CONFORM*
221,aardbeien,86923998,IQF Aardbeien ongecal,25‐3‐2024,Polen,VAN ES FOODS INTERNATIONAL,difenoconazool,0.055,2.0,,CONFORM
222,aardbeien,86923998,IQF Aardbeien ongecal,25‐3‐2024,Polen,VAN ES FOODS INTERNATIONAL,fluopyram,0.027,2.0,,CONFORM
223,aardbeien,86923998,IQF Aardbeien ongecal,25‐3‐2024,Polen,VAN ES FOODS INTERNATIONAL,pyraclostrobin,0.01,1.5,,CONFORM
224,aardbeien,86923998,IQF Aardbeien ongecal,25‐3‐2024,Polen,VAN ES FOODS INTERNATIONAL,pyrimethanil,0.045,5.0,,CONFORM
225,aardbeien,86923998,IQF Aardbeien ongecal,25‐3‐2024,Polen,VAN ES FOODS INTERNATIONAL,tetraconazool,0.011,0.15,,CONFORM
226,aardbeien,86923998,IQF Aardbeien ongecal,25‐3‐2024,Polen,VAN ES FOODS INTERNATIONAL,thiofanaat‐methyl,0.014,0.1,,CONFORM
227,aardbeien,86923998,IQF Aardbeien ongecal,25‐3‐2024,Polen,VAN ES FOODS INTERNATIONAL,trifloxystrobin,0.021,1.0,,CONFORM
228,aardbeien,86923998,IQF Aardbeien ongecal,25‐3‐2024,Polen,VAN ES FOODS INTERNATIONAL,Overige bestrijdingsmiddelen,,,,CONFORM
229,aardbeien,86924188,aardbeien,25‐3‐2024,Servië,DIEPVRIES ZEVENAAR B.V.,boscalid,0.025,6.0,,CONFORM
230,aardbeien,86924188,aardbeien,25‐3‐2024,Servië,DIEPVRIES ZEVENAAR B.V.,cyprodinil,0.032,5.0,,CONFORM
231,aardbeien,86924188,aardbeien,25‐3‐2024,Servië,DIEPVRIES ZEVENAAR B.V.,fenhexamid,0.033,10.0,,CONFORM
232,aardbeien,86924188,aardbeien,25‐3‐2024,Servië,DIEPVRIES ZEVENAAR B.V.,fludioxonil,0.021,4.0,,CONFORM
233,aardbeien,86924188,aardbeien,25‐3‐2024,Servië,DIEPVRIES ZEVENAAR B.V.,Overige bestrijdingsmiddelen,,,,CONFORM
234,aardbeien,86924722,Aardbeien,22‐5‐2024,Nederland,COOP SUPERMARKTEN,fluopyram,0.032,2.0,,CONFORM
235,aardbeien,86924722,Aardbeien,22‐5‐2024,Nederland,COOP SUPERMARKTEN,pirimicarb,0.064,1.5,,CONFORM
236,aardbeien,86924722,Aardbeien,22‐5‐2024,Nederland,COOP SUPERMARKTEN,trifloxystrobin,0.01,1.0,,CONFORM
237,aardbeien,86924722,Aardbeien,22‐5‐2024,Nederland,COOP SUPERMARKTEN,Overige bestrijdingsmiddelen,,,,CONFORM
238,aardbeien,86997584,aardbeien,30‐9‐2024,België,O. SMEDING EN ZOON B.V.,boscalid,1.0,6.0,,CONFORM
239,aardbeien,86997584,aardbeien,30‐9‐2024,België,O. SMEDING EN ZOON B.V.,bupirimaat,0.47,1.5,,CONFORM
240,aardbeien,86997584,aardbeien,30‐9‐2024,België,O. SMEDING EN ZOON B.V.,cyflufenamid,0.039,0.04,,CONFORM
241,aardbeien,86997584,aardbeien,30‐9‐2024,België,O. SMEDING EN ZOON B.V.,difenoconazool,0.034,2.0,,CONFORM
242,aardbeien,86997584,aardbeien,30‐9‐2024,België,O. SMEDING EN ZOON B.V.,ethirimol,0.031,0.3,,CONFORM
243,aardbeien,86997584,aardbeien,30‐9‐2024,België,O. SMEDING EN ZOON B.V.,fenhexamid,0.93,10.0,,CONFORM
244,aardbeien,86997584,aardbeien,30‐9‐2024,België,O. SMEDING EN ZOON B.V.,fluxapyroxad,0.066,4.0,,CONFORM
245,aardbeien,86997584,aardbeien,30‐9‐2024,België,O. SMEDING EN ZOON B.V.,kresoxim‐methyl,0.062,1.5,,CONFORM
246,aardbeien,86997584,aardbeien,30‐9‐2024,België,O. SMEDING EN ZOON B.V.,mepanipyrim,0.12,3.0,,CONFORM
247,aardbeien,86997584,aardbeien,30‐9‐2024,België,O. SMEDING EN ZOON B.V.,penconazool,0.017,0.5,,CONFORM
248,aardbeien,86997584,aardbeien,30‐9‐2024,België,O. SMEDING EN ZOON B.V.,pyraclostrobin,0.21,1.5,,CONFORM
249,aardbeien,86997584,aardbeien,30‐9‐2024,België,O. SMEDING EN ZOON B.V.,Overige bestrijdingsmiddelen,,,,CONFORM
250,aardbeien,99181559,Aardbei,29‐8‐2024,Nederland,HALAL SLAGERIJ IZZET,fluopyram,0.0057,2.0,,CONFORM
251,aardbeien,99181559,Aardbei,29‐8‐2024,Nederland,HALAL SLAGERIJ IZZET,Overige bestrijdingsmiddelen,,,,CONFORM
252,aardbeien,99396881,strawberries,22‐8‐2024,België,DE GEZONDE TAFEL,azoxystrobin,0.006,10.0,,CONFORM
253,aardbeien,99396881,strawberries,22‐8‐2024,België,DE GEZONDE TAFEL,boscalid,0.062,6.0,,CONFORM
254,aardbeien,99396881,strawberries,22‐8‐2024,België,DE GEZONDE TAFEL,bupirimaat,0.094,1.5,,CONFORM
255,aardbeien,99396881,strawberries,22‐8‐2024,België,DE GEZONDE TAFEL,cyflufenamid,0.024,0.04,,CONFORM
256,aardbeien,99396881,strawberries,22‐8‐2024,België,DE GEZONDE TAFEL,cyprodinil,0.081,5.0,,CONFORM
257,aardbeien,99396881,strawberries,22‐8‐2024,België,DE GEZONDE TAFEL,ethirimol,0.019,0.3,,CONFORM
258,aardbeien,99396881,strawberries,22‐8‐2024,België,DE GEZONDE TAFEL,fludioxonil,0.059,4.0,,CONFORM
259,aardbeien,99396881,strawberries,22‐8‐2024,België,DE GEZONDE TAFEL,fluopyram,0.047,2.0,,CONFORM
260,aardbeien,99396881,strawberries,22‐8‐2024,België,DE GEZONDE TAFEL,flupyradifurone,0.056,0.4,,CONFORM
261,aardbeien,99396881,strawberries,22‐8‐2024,België,DE GEZONDE TAFEL,pyraclostrobin,0.0093,1.5,,CONFORM
262,aardbeien,99396881,strawberries,22‐8‐2024,België,DE GEZONDE TAFEL,trifloxystrobin,0.019,1.0,,CONFORM
263,aardbeien,99396881,strawberries,22‐8‐2024,België,DE GEZONDE TAFEL,Overige bestrijdingsmiddelen,,,,CONFORM
264,aardbeien,99437286,Polderking Aardbeien,5‐9‐2024,Nederland,GROENTEN‐EN FRUITSPECIAALZAAK VOS,boscalid,1.7,6.0,,CONFORM
265,aardbeien,99437286,Polderking Aardbeien,5‐9‐2024,Nederland,GROENTEN‐EN FRUITSPECIAALZAAK VOS,bupirimaat,0.075,1.5,,CONFORM
266,aardbeien,99437286,Polderking Aardbeien,5‐9‐2024,Nederland,GROENTEN‐EN FRUITSPECIAALZAAK VOS,captan (som),0.88,1.5,,CONFORM
267,aardbeien,99437286,Polderking Aardbeien,5‐9‐2024,Nederland,GROENTEN‐EN FRUITSPECIAALZAAK VOS,cyflufenamid,0.016,0.04,,CONFORM
268,aardbeien,99437286,Polderking Aardbeien,5‐9‐2024,Nederland,GROENTEN‐EN FRUITSPECIAALZAAK VOS,cyprodinil,0.006,5.0,,CONFORM
269,aardbeien,99437286,Polderking Aardbeien,5‐9‐2024,Nederland,GROENTEN‐EN FRUITSPECIAALZAAK VOS,ethirimol,0.024,0.3,,CONFORM
270,aardbeien,99437286,Polderking Aardbeien,5‐9‐2024,Nederland,GROENTEN‐EN FRUITSPECIAALZAAK VOS,fluopyram,0.032,2.0,,CONFORM
271,aardbeien,99437286,Polderking Aardbeien,5‐9‐2024,Nederland,GROENTEN‐EN FRUITSPECIAALZAAK VOS,pyraclostrobin,0.34,1.5,,CONFORM
272,aardbeien,99437286,Polderking Aardbeien,5‐9‐2024,Nederland,GROENTEN‐EN FRUITSPECIAALZAAK VOS,trifloxystrobin,0.024,1.0,,CONFORM
273,aardbeien,99437286,Polderking Aardbeien,5‐9‐2024,Nederland,GROENTEN‐EN FRUITSPECIAALZAAK VOS,Overige bestrijdingsmiddelen,,,,CONFORM
274,aardbeien,99437707,Aardbeien,9‐9‐2024,Nederland,GROENTE‐EN FRUITSHOP JAN FIDDER,cyprodinil,0.026,5.0,,CONFORM
275,aardbeien,99437707,Aardbeien,9‐9‐2024,Nederland,GROENTE‐EN FRUITSHOP JAN FIDDER,fludioxonil,0.028,4.0,,CONFORM
276,aardbeien,99437707,Aardbeien,9‐9‐2024,Nederland,GROENTE‐EN FRUITSHOP JAN FIDDER,fluopyram,0.19,2.0,,CONFORM
277,aardbeien,99437707,Aardbeien,9‐9‐2024,Nederland,GROENTE‐EN FRUITSHOP JAN FIDDER,kresoxim‐methyl,0.0074,1.5,,CONFORM
278,aardbeien,99437707,Aardbeien,9‐9‐2024,Nederland,GROENTE‐EN FRUITSHOP JAN FIDDER,mepanipyrim,0.4,3.0,,CONFORM
279,aardbeien,99437707,Aardbeien,9‐9‐2024,Nederland,GROENTE‐EN FRUITSHOP JAN FIDDER,Overige bestrijdingsmiddelen,,,,CONFORM
280,aardbeien,99439475,Aardbeienm Cat I,18‐6‐2024,België,O. SMEDING EN ZOON B.V.,azoxystrobin,0.14,10.0,,CONFORM
281,aardbeien,99439475,Aardbeienm Cat I,18‐6‐2024,België,O. SMEDING EN ZOON B.V.,boscalid,0.008,6.0,,CONFORM
282,aardbeien,99439475,Aardbeienm Cat I,18‐6‐2024,België,O. SMEDING EN ZOON B.V.,bupirimaat,0.015,1.5,,CONFORM
283,aardbeien,99439475,Aardbeienm Cat I,18‐6‐2024,België,O. SMEDING EN ZOON B.V.,captan (som),0.044,1.5,,CONFORM
284,aardbeien,99439475,Aardbeienm Cat I,18‐6‐2024,België,O. SMEDING EN ZOON B.V.,cyprodinil,0.11,5.0,,CONFORM
285,aardbeien,99439475,Aardbeienm Cat I,18‐6‐2024,België,O. SMEDING EN ZOON B.V.,difenoconazool,0.099,2.0,,CONFORM
286,aardbeien,99439475,Aardbeienm Cat I,18‐6‐2024,België,O. SMEDING EN ZOON B.V.,fenhexamid,0.069,10.0,,CONFORM
287,aardbeien,99439475,Aardbeienm Cat I,18‐6‐2024,België,O. SMEDING EN ZOON B.V.,fludioxonil,0.076,4.0,,CONFORM
288,aardbeien,99439475,Aardbeienm Cat I,18‐6‐2024,België,O. SMEDING EN ZOON B.V.,fluopyram,0.085,2.0,,CONFORM
289,aardbeien,99439475,Aardbeienm Cat I,18‐6‐2024,België,O. SMEDING EN ZOON B.V.,fluxapyroxad,0.031,4.0,,CONFORM
290,aardbeien,99439475,Aardbeienm Cat I,18‐6‐2024,België,O. SMEDING EN ZOON B.V.,mepanipyrim,0.44,3.0,,CONFORM
291,aardbeien,99439475,Aardbeienm Cat I,18‐6‐2024,België,O. SMEDING EN ZOON B.V.,penconazool,0.03,0.5,,CONFORM
292,aardbeien,99439475,Aardbeienm Cat I,18‐6‐2024,België,O. SMEDING EN ZOON B.V.,trifloxystrobin,0.069,1.0,,CONFORM
293,aardbeien,99439475,Aardbeienm Cat I,18‐6‐2024,België,O. SMEDING EN ZOON B.V.,Overige bestrijdingsmiddelen,,,,CONFORM
294,aardbeien,99441585,aardbeien,20‐8‐2024,België,ÖZEN FOOD MARKET,boscalid,0.19,6.0,,CONFORM
295,aardbeien,99441585,aardbeien,20‐8‐2024,België,ÖZEN FOOD MARKET,cyflufenamid,0.0091,0.04,,CONFORM
296,aardbeien,99441585,aardbeien,20‐8‐2024,België,ÖZEN FOOD MARKET,fenhexamid,0.32,10.0,,CONFORM
297,aardbeien,99441585,aardbeien,20‐8‐2024,België,ÖZEN FOOD MARKET,fluopyram,0.012,2.0,,CONFORM
298,aardbeien,99441585,aardbeien,20‐8‐2024,België,ÖZEN FOOD MARKET,kresoxim‐methyl,0.006,1.5,,CONFORM
299,aardbeien,99441585,aardbeien,20‐8‐2024,België,ÖZEN FOOD MARKET,mepanipyrim,0.021,3.0,,CONFORM
300,aardbeien,99441585,aardbeien,20‐8‐2024,België,ÖZEN FOOD MARKET,penconazool,0.032,0.5,,CONFORM
301,aardbeien,99441585,aardbeien,20‐8‐2024,België,ÖZEN FOOD MARKET,pyraclostrobin,0.032,1.5,,CONFORM
302,aardbeien,99441585,aardbeien,20‐8‐2024,België,ÖZEN FOOD MARKET,trifloxystrobin,0.078,1.0,,CONFORM
303,aardbeien,99441585,aardbeien,20‐8‐2024,België,ÖZEN FOOD MARKET,Overige bestrijdingsmiddelen,,,,CONFORM
304,aardbeien,99447451,aardbeien,27‐8‐2024,België,OZ BAKTAT,boscalid,0.36,6.0,,CONFORM
305,aardbeien,99447451,aardbeien,27‐8‐2024,België,OZ BAKTAT,difenoconazool,0.011,2.0,,CONFORM
306,aardbeien,99447451,aardbeien,27‐8‐2024,België,OZ BAKTAT,fluopyram,0.055,2.0,,CONFORM
307,aardbeien,99447451,aardbeien,27‐8‐2024,België,OZ BAKTAT,fluxapyroxad,0.026,4.0,,CONFORM
308,aardbeien,99447451,aardbeien,27‐8‐2024,België,OZ BAKTAT,penconazool,0.02,0.5,,CONFORM
309,aardbeien,99447451,aardbeien,27‐8‐2024,België,OZ BAKTAT,pyraclostrobin,0.067,1.5,,CONFORM
310,aardbeien,99447451,aardbeien,27‐8‐2024,België,OZ BAKTAT,trifloxystrobin,0.079,1.0,,CONFORM
311,aardbeien,99447451,aardbeien,27‐8‐2024,België,OZ BAKTAT,Overige bestrijdingsmiddelen,,,,CONFORM
312,aardbeien,99447753,aardbeien,3‐9‐2024,Nederland,ANS KROS GROENTEN EN FRUIT,bupirimaat,0.11,1.5,,CONFORM
313,aardbeien,99447753,aardbeien,3‐9‐2024,Nederland,ANS KROS GROENTEN EN FRUIT,ethirimol,0.015,0.3,,CONFORM
314,aardbeien,99447753,aardbeien,3‐9‐2024,Nederland,ANS KROS GROENTEN EN FRUIT,pyrimethanil,0.017,5.0,,CONFORM
315,aardbeien,99447753,aardbeien,3‐9‐2024,Nederland,ANS KROS GROENTEN EN FRUIT,thiabendazool,0.018,0.01,,NIET CONFORM*
316,aardbeien,99447753,aardbeien,3‐9‐2024,Nederland,ANS KROS GROENTEN EN FRUIT,Overige bestrijdingsmiddelen,,,,CONFORM
317,aardbeien,99451823,AARDBEIEN,9‐9‐2024,Colombia,DE GOUDREINET,fenhexamid,0.073,10.0,,CONFORM
318,aardbeien,99451823,AARDBEIEN,9‐9‐2024,Colombia,DE GOUDREINET,fluopyram,0.13,2.0,,CONFORM
319,aardbeien,99451823,AARDBEIEN,9‐9‐2024,Colombia,DE GOUDREINET,mepanipyrim,0.13,3.0,,CONFORM
320,aardbeien,99451823,AARDBEIEN,9‐9‐2024,Colombia,DE GOUDREINET,Overige bestrijdingsmiddelen,,,,CONFORM
321,aardbeien,99470151,Aardbeien,18‐9‐2024,Nederland,BOERDERIJWINKEL DE GELDER,bupirimaat,0.2,1.5,,CONFORM
322,aardbeien,99470151,Aardbeien,18‐9‐2024,Nederland,BOERDERIJWINKEL DE GELDER,difenoconazool,0.011,2.0,,CONFORM
323,aardbeien,99470151,Aardbeien,18‐9‐2024,Nederland,BOERDERIJWINKEL DE GELDER,ethirimol,0.013,0.3,,CONFORM
324,aardbeien,99470151,Aardbeien,18‐9‐2024,Nederland,BOERDERIJWINKEL DE GELDER,fluxapyroxad,0.024,4.0,,CONFORM
325,aardbeien,99470151,Aardbeien,18‐9‐2024,Nederland,BOERDERIJWINKEL DE GELDER,Overige bestrijdingsmiddelen,,,,CONFORM
326,aardperen,86804018,Topinambour,6‐3‐2024,Frankrijk,CRISP B.V.,Overige bestrijdingsmiddelen,,,,CONFORM
327,abrikozen,86794292,abrikozen,4‐6‐2024,Spanje,POIESZ SUPERMARKTEN SNEEK B.V.,deltamethrin,0.017,0.15,,CONFORM
328,abrikozen,86794292,abrikozen,4‐6‐2024,Spanje,POIESZ SUPERMARKTEN SNEEK B.V.,difenoconazool,0.0058,0.7,,CONFORM
329,abrikozen,86794292,abrikozen,4‐6‐2024,Spanje,POIESZ SUPERMARKTEN SNEEK B.V.,fluopyram,0.017,1.5,,CONFORM
330,abrikozen,86794292,abrikozen,4‐6‐2024,Spanje,POIESZ SUPERMARKTEN SNEEK B.V.,tebuconazool,0.028,0.6,,CONFORM
331,abrikozen,86794292,abrikozen,4‐6‐2024,Spanje,POIESZ SUPERMARKTEN SNEEK B.V.,Overige bestrijdingsmiddelen,,,,CONFORM
332,abrikozen,99390298,gewelde abrikozen,6‐2‐2024,Landcode onbekend,COOP MAASBREE,acetamiprid,0.011,4.0,5,CONFORM
333,abrikozen,99390298,gewelde abrikozen,6‐2‐2024,Landcode onbekend,COOP MAASBREE,captan (som),0.37,30.0,5,CONFORM
334,abrikozen,99390298,gewelde abrikozen,6‐2‐2024,Landcode onbekend,COOP MAASBREE,cypermethrin,0.044,10.0,5,CONFORM
335,abrikozen,99390298,gewelde abrikozen,6‐2‐2024,Landcode onbekend,COOP MAASBREE,dodine,0.13,0.5,5,CONFORM
336,abrikozen,99390298,gewelde abrikozen,6‐2‐2024,Landcode onbekend,COOP MAASBREE,pyridaben,0.0069,1.5,5,CONFORM
337,abrikozen,99390298,gewelde abrikozen,6‐2‐2024,Landcode onbekend,COOP MAASBREE,tebuconazool,0.0053,3.0,5,CONFORM
338,abrikozen,99390298,gewelde abrikozen,6‐2‐2024,Landcode onbekend,COOP MAASBREE,Overige bestrijdingsmiddelen,,,5,CONFORM
339,abrikozen,99401753,Gedroogde Abrikozen,24‐1‐2024,Nederland,PLUS STURING,acetamiprid,0.0068,4.0,5,CONFORM
340,abrikozen,99401753,Gedroogde Abrikozen,24‐1‐2024,Nederland,PLUS STURING,captan (som),0.23,30.0,5,CONFORM
341,abrikozen,99401753,Gedroogde Abrikozen,24‐1‐2024,Nederland,PLUS STURING,cyhalothrin‐lambda,0.0075,0.75,5,CONFORM
342,abrikozen,99401753,Gedroogde Abrikozen,24‐1‐2024,Nederland,PLUS STURING,cypermethrin,0.023,10.0,5,CONFORM
343,abrikozen,99401753,Gedroogde Abrikozen,24‐1‐2024,Nederland,PLUS STURING,dodine,0.15,0.5,5,CONFORM
344,abrikozen,99401753,Gedroogde Abrikozen,24‐1‐2024,Nederland,PLUS STURING,fenvaleraat (som),0.0043,1.0,5,CONFORM
345,abrikozen,99401753,Gedroogde Abrikozen,24‐1‐2024,Nederland,PLUS STURING,tebuconazool,0.0064,3.0,5,CONFORM
346,abrikozen,99401753,Gedroogde Abrikozen,24‐1‐2024,Nederland,PLUS STURING,thiacloprid,0.007,2.5,5,CONFORM
347,abrikozen,99401753,Gedroogde Abrikozen,24‐1‐2024,Nederland,PLUS STURING,trifloxystrobin,0.013,15.0,5,CONFORM
348,abrikozen,99401753,Gedroogde Abrikozen,24‐1‐2024,Nederland,PLUS STURING,Overige bestrijdingsmiddelen,,,5,CONFORM
349,abrikozen,99402016,Gedroogde abrikozen,30‐1‐2024,Landcode onbekend,LIDL,captan (som),0.99,30.0,5,CONFORM
350,abrikozen,99402016,Gedroogde abrikozen,30‐1‐2024,Landcode onbekend,LIDL,cypermethrin,0.087,10.0,5,CONFORM
351,abrikozen,99402016,Gedroogde abrikozen,30‐1‐2024,Landcode onbekend,LIDL,dodine,0.13,0.5,5,CONFORM
352,abrikozen,99402016,Gedroogde abrikozen,30‐1‐2024,Landcode onbekend,LIDL,fenvaleraat (som),0.048,1.0,5,CONFORM
353,abrikozen,99402016,Gedroogde abrikozen,30‐1‐2024,Landcode onbekend,LIDL,Overige bestrijdingsmiddelen,,,5,CONFORM
354,abrikozen,99402385,Gewelde abrikozen,6‐2‐2024,Nederland,JUMBO SUPERMARKT,acetamiprid,0.0078,0.8,,CONFORM
355,abrikozen,99402385,Gewelde abrikozen,6‐2‐2024,Nederland,JUMBO SUPERMARKT,captan (som),0.26,6.0,,CONFORM
356,abrikozen,99402385,Gewelde abrikozen,6‐2‐2024,Nederland,JUMBO SUPERMARKT,cypermethrin,0.023,2.0,,CONFORM
357,abrikozen,99402385,Gewelde abrikozen,6‐2‐2024,Nederland,JUMBO SUPERMARKT,dodine,0.076,0.1,,CONFORM
358,abrikozen,99402385,Gewelde abrikozen,6‐2‐2024,Nederland,JUMBO SUPERMARKT,tebuconazool,0.0065,0.6,,CONFORM
359,abrikozen,99402385,Gewelde abrikozen,6‐2‐2024,Nederland,JUMBO SUPERMARKT,thiacloprid,0.0088,0.5,,CONFORM
360,abrikozen,99402385,Gewelde abrikozen,6‐2‐2024,Nederland,JUMBO SUPERMARKT,Overige bestrijdingsmiddelen,,,,CONFORM
361,abrikozen,99415894,AH gedroogde abrikozen,7‐2‐2024,Landcode onbekend,"ALBERT HEIJN, TJ VOSSELMAN SUPERMARKT T.H.O.D.N.",acetamiprid,0.0063,4.0,5,CONFORM
362,abrikozen,99415894,AH gedroogde abrikozen,7‐2‐2024,Landcode onbekend,"ALBERT HEIJN, TJ VOSSELMAN SUPERMARKT T.H.O.D.N.",captan (som),1.3,30.0,5,CONFORM
363,abrikozen,99415894,AH gedroogde abrikozen,7‐2‐2024,Landcode onbekend,"ALBERT HEIJN, TJ VOSSELMAN SUPERMARKT T.H.O.D.N.",dodine,0.064,0.5,5,CONFORM
364,abrikozen,99415894,AH gedroogde abrikozen,7‐2‐2024,Landcode onbekend,"ALBERT HEIJN, TJ VOSSELMAN SUPERMARKT T.H.O.D.N.",trifloxystrobin,0.0062,15.0,5,CONFORM
365,abrikozen,99415894,AH gedroogde abrikozen,7‐2‐2024,Landcode onbekend,"ALBERT HEIJN, TJ VOSSELMAN SUPERMARKT T.H.O.D.N.",Overige bestrijdingsmiddelen,,,5,CONFORM
366,abrikozen,99419954,Jumbo biologisch gedroogde abrikozen 250gr,23‐1‐2024,Nederland,JUMBO SUPERMARKT,Overige bestrijdingsmiddelen,,,,CONFORM
367,abrikozen,99634898,Biologische gedroogde abrikoos,31‐1‐2024,Landcode onbekend,JUMBO SUPERMARKT,Overige bestrijdingsmiddelen,,,,CONFORM
368,abrikozen,99642971,Gewelde abrikozen,3‐1‐2024,Turkije,ALBERT HEIJN,acetamiprid,0.0064,4.0,5,CONFORM
369,abrikozen,99642971,Gewelde abrikozen,3‐1‐2024,Turkije,ALBERT HEIJN,captan (som),0.57,30.0,5,CONFORM
370,abrikozen,99642971,Gewelde abrikozen,3‐1‐2024,Turkije,ALBERT HEIJN,dodine,0.24,0.5,5,CONFORM
371,abrikozen,99642971,Gewelde abrikozen,3‐1‐2024,Turkije,ALBERT HEIJN,fenvaleraat (som),0.0055,1.0,5,CONFORM
372,abrikozen,99642971,Gewelde abrikozen,3‐1‐2024,Turkije,ALBERT HEIJN,tebuconazool,0.022,3.0,5,CONFORM
373,abrikozen,99642971,Gewelde abrikozen,3‐1‐2024,Turkije,ALBERT HEIJN,trifloxystrobin,0.007,15.0,5,CONFORM
374,abrikozen,99642971,Gewelde abrikozen,3‐1‐2024,Turkije,ALBERT HEIJN,Overige bestrijdingsmiddelen,,,5,CONFORM
375,abrikozen,99643455,Abrikozen ontpit & gedroogd,10‐1‐2024,Turkije,ALDI MARKT,acetamiprid,0.01,4.0,5,CONFORM
376,abrikozen,99643455,Abrikozen ontpit & gedroogd,10‐1‐2024,Turkije,ALDI MARKT,captan (som),0.55,30.0,5,CONFORM
377,abrikozen,99643455,Abrikozen ontpit & gedroogd,10‐1‐2024,Turkije,ALDI MARKT,carbendazim,0.0065,1.0,5,CONFORM
378,abrikozen,99643455,Abrikozen ontpit & gedroogd,10‐1‐2024,Turkije,ALDI MARKT,cypermethrin,0.084,10.0,5,CONFORM
379,abrikozen,99643455,Abrikozen ontpit & gedroogd,10‐1‐2024,Turkije,ALDI MARKT,dodine,0.4,0.5,5,CONFORM
380,abrikozen,99643455,Abrikozen ontpit & gedroogd,10‐1‐2024,Turkije,ALDI MARKT,Overige bestrijdingsmiddelen,,,5,CONFORM
381,abrikozen,99648686,gedroogde abrikozen,5‐1‐2024,Nederland,JUMBO SUPERMARKT,acetamiprid,0.019,4.0,5,CONFORM
382,abrikozen,99648686,gedroogde abrikozen,5‐1‐2024,Nederland,JUMBO SUPERMARKT,captan (som),0.75,30.0,5,CONFORM
383,abrikozen,99648686,gedroogde abrikozen,5‐1‐2024,Nederland,JUMBO SUPERMARKT,cyhalothrin‐lambda,0.0098,0.75,5,CONFORM
384,abrikozen,99648686,gedroogde abrikozen,5‐1‐2024,Nederland,JUMBO SUPERMARKT,cypermethrin,0.042,10.0,5,CONFORM
385,abrikozen,99648686,gedroogde abrikozen,5‐1‐2024,Nederland,JUMBO SUPERMARKT,dodine,0.49,0.5,5,CONFORM
386,abrikozen,99648686,gedroogde abrikozen,5‐1‐2024,Nederland,JUMBO SUPERMARKT,fenvaleraat (som),0.02,1.0,5,CONFORM
387,abrikozen,99648686,gedroogde abrikozen,5‐1‐2024,Nederland,JUMBO SUPERMARKT,tebuconazool,0.0094,3.0,5,CONFORM
388,abrikozen,99648686,gedroogde abrikozen,5‐1‐2024,Nederland,JUMBO SUPERMARKT,trifloxystrobin,0.02,15.0,5,CONFORM
389,abrikozen,99648686,gedroogde abrikozen,5‐1‐2024,Nederland,JUMBO SUPERMARKT,Overige bestrijdingsmiddelen,,,5,CONFORM
390,amandelen,86787342,amandelen bruin ongebrand,22‐1‐2024,Landcode onbekend,KOPPEJAN NOTEN B.V.,Overige bestrijdingsmiddelen,,,,CONFORM
391,amandelen,86803658,amandelen ongebrand,12‐2‐2024,Landcode onbekend,DISTRIBUTIECENTRUM ALBERT HEIJN,methoxyfenozide,0.013,0.1,,CONFORM
392,amandelen,86803658,amandelen ongebrand,12‐2‐2024,Landcode onbekend,DISTRIBUTIECENTRUM ALBERT HEIJN,Overige bestrijdingsmiddelen,,,,CONFORM
393,amandelen,86804433,amandelen met rooksmaak. gezouten,26‐3‐2024,Landcode onbekend,DC COOP,Overige bestrijdingsmiddelen,,,,CONFORM
394,amandelen,86866579,amandelen met vlies,19‐3‐2024,Landcode onbekend,VERHOEF PACKAGING B.V.,Overige bestrijdingsmiddelen,,,,CONFORM
395,ananassen,86757982,Pineapple,20‐3‐2024,Costa Rica,O. SMEDING EN ZOON B.V.,fenylfenol‐2,0.022,0.01,,NIET CONFORM
396,ananassen,86757982,Pineapple,20‐3‐2024,Costa Rica,O. SMEDING EN ZOON B.V.,fludioxonil,0.95,7.0,,CONFORM
397,ananassen,86757982,Pineapple,20‐3‐2024,Costa Rica,O. SMEDING EN ZOON B.V.,Overige bestrijdingsmiddelen,,,,CONFORM
398,ananassen,86759551,Pineapple,23‐4‐2024,Costa Rica,KRAAIJEVELD,fludioxonil,0.2,0.3,,CONFORM
399,ananassen,86759551,Pineapple,23‐4‐2024,Costa Rica,KRAAIJEVELD,Overige bestrijdingsmiddelen,,,,CONFORM
400,ananassen,86782502,pineapples,30‐9‐2024,Costa Rica,V.O.F. GROOTHANDEL W. VAN GULIK,fludioxonil,0.35,7.0,,CONFORM
401,ananassen,86782502,pineapples,30‐9‐2024,Costa Rica,V.O.F. GROOTHANDEL W. VAN GULIK,Overige bestrijdingsmiddelen,,,,CONFORM
402,ananassen,86798794,Pineapples gold,24‐4‐2024,Equador,TUINDERIJ VERS B.V.,fludioxonil,3.4,7.0,,CONFORM
403,ananassen,86798794,Pineapples gold,24‐4‐2024,Equador,TUINDERIJ VERS B.V.,Overige bestrijdingsmiddelen,,,,CONFORM
404,ananassen,86805405,ananas,28‐5‐2024,Costa Rica,FIRMA POSTUMA‐KAMPEN,fludioxonil,0.26,7.0,,CONFORM
405,ananassen,86805405,ananas,28‐5‐2024,Costa Rica,FIRMA POSTUMA‐KAMPEN,Overige bestrijdingsmiddelen,,,,CONFORM
406,ananassen,86808765,ananassen,25‐9‐2024,Costa Rica,PLUS,fludioxonil,0.19,7.0,,CONFORM
407,ananassen,86808765,ananassen,25‐9‐2024,Costa Rica,PLUS,Overige bestrijdingsmiddelen,,,,CONFORM
408,ananassen,86811049,ananas,6‐3‐2024,Dominicaanse Republiek,UDEA B.V. (HOOFDKANTOOR),Overige bestrijdingsmiddelen,,,,CONFORM
409,ananassen,86812584,ananassen,7‐5‐2024,Costa Rica,AARTSEN VENLO B.V.,fludioxonil,0.15,7.0,,CONFORM
410,ananassen,86812584,ananassen,7‐5‐2024,Costa Rica,AARTSEN VENLO B.V.,Overige bestrijdingsmiddelen,,,,CONFORM
411,ananassen,86823772,Ananas,14‐6‐2024,Costa Rica,AGF SIERE B.V.,carbendazim,0.012,0.1,,CONFORM
412,ananassen,86823772,Ananas,14‐6‐2024,Costa Rica,AGF SIERE B.V.,fludioxonil,0.57,7.0,,CONFORM
413,ananassen,86823772,Ananas,14‐6‐2024,Costa Rica,AGF SIERE B.V.,Overige bestrijdingsmiddelen,,,,CONFORM
414,ananassen,86832887,Ananas,29‐10‐2024,Costa Rica,JOHN WIEGMANS GROENTEN EN FRUIT GROOTHANDEL,fludioxonil,0.3,7.0,,CONFORM
415,ananassen,86832887,Ananas,29‐10‐2024,Costa Rica,JOHN WIEGMANS GROENTEN EN FRUIT GROOTHANDEL,Overige bestrijdingsmiddelen,,,,CONFORM
416,ananassen,86850796,Ananas,16‐10‐2024,Costa Rica,FIRMA VEENVLIET,Overige bestrijdingsmiddelen,,,,CONFORM
417,ananassen,99181532,Annanas,29‐8‐2024,Costa Rica,HALAL SLAGERIJ IZZET,fludioxonil,0.18,7.0,,CONFORM
418,ananassen,99181532,Annanas,29‐8‐2024,Costa Rica,HALAL SLAGERIJ IZZET,Overige bestrijdingsmiddelen,,,,CONFORM
419,ananassen,99396903,SupecrSweet Premium Pineapple,22‐8‐2024,Costa Rica,DE GEZONDE TAFEL,fludioxonil,0.13,7.0,,CONFORM
420,ananassen,99396903,SupecrSweet Premium Pineapple,22‐8‐2024,Costa Rica,DE GEZONDE TAFEL,Overige bestrijdingsmiddelen,,,,CONFORM
421,ananassen,99437413,"Fresh Pineapple, Cat: 1, Variety: MD2",3‐9‐2024,Costa Rica,DE FRAMBOZENBOERDERIJ,fludioxonil,0.099,7.0,,CONFORM
422,ananassen,99437413,"Fresh Pineapple, Cat: 1, Variety: MD2",3‐9‐2024,Costa Rica,DE FRAMBOZENBOERDERIJ,Overige bestrijdingsmiddelen,,,,CONFORM
423,ananassen,99441615,Dole ananas,20‐8‐2024,Costa Rica,ÖZEN FOOD MARKET,fludioxonil,0.11,7.0,,CONFORM
424,ananassen,99441615,Dole ananas,20‐8‐2024,Costa Rica,ÖZEN FOOD MARKET,sulfoxaflor,0.0051,0.01,,CONFORM
425,ananassen,99441615,Dole ananas,20‐8‐2024,Costa Rica,ÖZEN FOOD MARKET,Overige bestrijdingsmiddelen,,,,CONFORM
426,ananassen,99447494,ananas,27‐8‐2024,Equador,OZ BAKTAT,diazinon,0.0055,0.3,,CONFORM
427,ananassen,99447494,ananas,27‐8‐2024,Equador,OZ BAKTAT,fludioxonil,1.2,7.0,,CONFORM
428,ananassen,99447494,ananas,27‐8‐2024,Equador,OZ BAKTAT,Overige bestrijdingsmiddelen,,,,CONFORM
429,ananassen,99447788,Ananas,3‐9‐2024,Costa Rica,ANS KROS GROENTEN EN FRUIT,fludioxonil,0.28,7.0,,CONFORM
430,ananassen,99447788,Ananas,3‐9‐2024,Costa Rica,ANS KROS GROENTEN EN FRUIT,Overige bestrijdingsmiddelen,,,,CONFORM
431,ananassen,99451807,ANANAS,9‐9‐2024,Costa Rica,DE GOUDREINET,fludioxonil,0.24,7.0,,CONFORM
432,ananassen,99451807,ANANAS,9‐9‐2024,Costa Rica,DE GOUDREINET,Overige bestrijdingsmiddelen,,,,CONFORM
433,ananassen,99469498,Ananas,12‐9‐2024,Landcode onbekend,VOMAR VOORDEELMARKT,fludioxonil,0.34,7.0,,CONFORM
434,ananassen,99469498,Ananas,12‐9‐2024,Landcode onbekend,VOMAR VOORDEELMARKT,Overige bestrijdingsmiddelen,,,,CONFORM
435,andere gekweekte fungi,99396822,"Gemengde paddstoel, mixed mushroom",22‐8‐2024,China,AMAZING ORIENTAL,fosetyl (som),0.3,2.0,,CONFORM
436,andere gekweekte fungi,99396822,"Gemengde paddstoel, mixed mushroom",22‐8‐2024,China,AMAZING ORIENTAL,koper,0.71,20.0,,CONFORM
437,andere gekweekte fungi,99396822,"Gemengde paddstoel, mixed mushroom",22‐8‐2024,China,AMAZING ORIENTAL,mepiquat,0.043,0.09,,CONFORM
438,andere gekweekte fungi,99396822,"Gemengde paddstoel, mixed mushroom",22‐8‐2024,China,AMAZING ORIENTAL,thiabendazool,0.0087,0.01,,CONFORM
439,andere gekweekte fungi,99396822,"Gemengde paddstoel, mixed mushroom",22‐8‐2024,China,AMAZING ORIENTAL,Overige bestrijdingsmiddelen,,,,CONFORM
440,andere zachte kaas,99181605,Pizzamix 48+,29‐8‐2024,Nederland,HALAL SLAGERIJ IZZET,chloraat,0.013,0.1,,CONFORM
441,andere zachte kaas,99181605,Pizzamix 48+,29‐8‐2024,Nederland,HALAL SLAGERIJ IZZET,Overige bestrijdingsmiddelen,,,,CONFORM
442,andijvie,86805073,Andijvie. planet proof,22‐4‐2024,Landcode onbekend,PLUKON CONVENIENCE DRONTEN B.V.,chloorantraniliprole,0.012,20.0,,CONFORM
443,andijvie,86805073,Andijvie. planet proof,22‐4‐2024,Landcode onbekend,PLUKON CONVENIENCE DRONTEN B.V.,Overige bestrijdingsmiddelen,,,,CONFORM
444,andijvie,86805286,andijvie,28‐5‐2024,Nederland,FIRMA POSTUMA‐KAMPEN,Overige bestrijdingsmiddelen,,,,CONFORM
445,andijvie,86961105,andijvie,7‐10‐2024,Nederland,JUMBO DISTRIBUTIECENTRUM,fenpropidin,0.0098,0.01,,CONFORM
446,andijvie,86961105,andijvie,7‐10‐2024,Nederland,JUMBO DISTRIBUTIECENTRUM,pirimicarb,0.011,1.0,,CONFORM
447,andijvie,86961105,andijvie,7‐10‐2024,Nederland,JUMBO DISTRIBUTIECENTRUM,spirotetramat (som),0.017,7.0,,CONFORM
448,andijvie,86961105,andijvie,7‐10‐2024,Nederland,JUMBO DISTRIBUTIECENTRUM,Overige bestrijdingsmiddelen,,,,CONFORM
449,andijvie,86996138,andijvie,13‐3‐2024,Landcode onbekend,HESSING ZWAAGDIJK B.V.,azoxystrobin,1.5,10.0,,CONFORM
450,andijvie,86996138,andijvie,13‐3‐2024,Landcode onbekend,HESSING ZWAAGDIJK B.V.,boscalid,4.4,50.0,,CONFORM
451,andijvie,86996138,andijvie,13‐3‐2024,Landcode onbekend,HESSING ZWAAGDIJK B.V.,fluopyram,0.044,2.0,,CONFORM
452,andijvie,86996138,andijvie,13‐3‐2024,Landcode onbekend,HESSING ZWAAGDIJK B.V.,pyraclostrobin,0.56,0.4,,NIET CONFORM*
453,andijvie,86996138,andijvie,13‐3‐2024,Landcode onbekend,HESSING ZWAAGDIJK B.V.,spirotetramat (som),0.32,7.0,,CONFORM
454,andijvie,86996138,andijvie,13‐3‐2024,Landcode onbekend,HESSING ZWAAGDIJK B.V.,thiabendazool,0.0057,0.01,,CONFORM
455,andijvie,86996138,andijvie,13‐3‐2024,Landcode onbekend,HESSING ZWAAGDIJK B.V.,Overige bestrijdingsmiddelen,,,,CONFORM
456,andijvie,99470097,Andijvie,25‐9‐2024,Nederland,KRUIZE BOERDERIJWINKEL,pirimicarb,0.1,1.0,,CONFORM
457,andijvie,99470097,Andijvie,25‐9‐2024,Nederland,KRUIZE BOERDERIJWINKEL,spinosad,0.34,3.0,,CONFORM
458,andijvie,99470097,Andijvie,25‐9‐2024,Nederland,KRUIZE BOERDERIJWINKEL,spirotetramat (som),0.31,7.0,,CONFORM
459,andijvie,99470097,Andijvie,25‐9‐2024,Nederland,KRUIZE BOERDERIJWINKEL,Overige bestrijdingsmiddelen,,,,CONFORM
460,antroewas,86814994,antroewa,23‐4‐2024,Suriname,NANHOE IMPORT EXPORT B.V.,Overige bestrijdingsmiddelen,,,,CONFORM
461,appelen,86757974,Elstar,20‐3‐2024,Nederland,O. SMEDING EN ZOON B.V.,captan (som),1.4,10.0,,CONFORM
462,appelen,86757974,Elstar,20‐3‐2024,Nederland,O. SMEDING EN ZOON B.V.,cyprodinil,0.31,2.0,,CONFORM
463,appelen,86757974,Elstar,20‐3‐2024,Nederland,O. SMEDING EN ZOON B.V.,fludioxonil,0.12,5.0,,CONFORM
464,appelen,86757974,Elstar,20‐3‐2024,Nederland,O. SMEDING EN ZOON B.V.,Overige bestrijdingsmiddelen,,,,CONFORM
465,appelen,86758237,Appel groen,25‐3‐2024,Nederland,HEEMSKERK FRESH EN EASY,captan (som),0.15,10.0,,CONFORM
466,appelen,86758237,Appel groen,25‐3‐2024,Nederland,HEEMSKERK FRESH EN EASY,cyprodinil,0.073,2.0,,CONFORM
467,appelen,86758237,Appel groen,25‐3‐2024,Nederland,HEEMSKERK FRESH EN EASY,fludioxonil,0.0067,5.0,,CONFORM
468,appelen,86758237,Appel groen,25‐3‐2024,Nederland,HEEMSKERK FRESH EN EASY,Overige bestrijdingsmiddelen,,,,CONFORM
469,appelen,86759063,Appelen,15‐4‐2024,Frankrijk,HOLLANDER BARENDRECHT B.V.,boscalid,0.029,2.0,,CONFORM
470,appelen,86759063,Appelen,15‐4‐2024,Frankrijk,HOLLANDER BARENDRECHT B.V.,captan (som),0.028,10.0,,CONFORM
471,appelen,86759063,Appelen,15‐4‐2024,Frankrijk,HOLLANDER BARENDRECHT B.V.,fludioxonil,0.032,5.0,,CONFORM
472,appelen,86759063,Appelen,15‐4‐2024,Frankrijk,HOLLANDER BARENDRECHT B.V.,pyraclostrobin,0.014,0.5,,CONFORM
473,appelen,86759063,Appelen,15‐4‐2024,Frankrijk,HOLLANDER BARENDRECHT B.V.,Overige bestrijdingsmiddelen,,,,CONFORM
474,appelen,86770059,royal gala,4‐3‐2024,Polen,HELLOFRESH DC PRISMALAAN,captan (som),2.9,10.0,,CONFORM
475,appelen,86770059,royal gala,4‐3‐2024,Polen,HELLOFRESH DC PRISMALAAN,chloorantraniliprole,0.008,0.4,,CONFORM
476,appelen,86770059,royal gala,4‐3‐2024,Polen,HELLOFRESH DC PRISMALAAN,fludioxonil,0.12,5.0,,CONFORM
477,appelen,86770059,royal gala,4‐3‐2024,Polen,HELLOFRESH DC PRISMALAAN,pyrimethanil,0.32,15.0,,CONFORM
478,appelen,86770059,royal gala,4‐3‐2024,Polen,HELLOFRESH DC PRISMALAAN,Overige bestrijdingsmiddelen,,,,CONFORM
479,appelen,86770202,Bonita,13‐3‐2024,Nederland,HANDELSMAATSCHAPPIJ JAN OSKAM B.V.,captan (som),0.75,10.0,,CONFORM
480,appelen,86770202,Bonita,13‐3‐2024,Nederland,HANDELSMAATSCHAPPIJ JAN OSKAM B.V.,cyprodinil,0.47,2.0,,CONFORM
481,appelen,86770202,Bonita,13‐3‐2024,Nederland,HANDELSMAATSCHAPPIJ JAN OSKAM B.V.,fludioxonil,0.19,5.0,,CONFORM
482,appelen,86770202,Bonita,13‐3‐2024,Nederland,HANDELSMAATSCHAPPIJ JAN OSKAM B.V.,Overige bestrijdingsmiddelen,,,,CONFORM
483,appelen,86770229,Golden Delicious,13‐3‐2024,Nederland,HANDELSMAATSCHAPPIJ JAN OSKAM B.V.,acetamiprid,0.017,0.4,,CONFORM
484,appelen,86770229,Golden Delicious,13‐3‐2024,Nederland,HANDELSMAATSCHAPPIJ JAN OSKAM B.V.,captan (som),1.1,10.0,,CONFORM
485,appelen,86770229,Golden Delicious,13‐3‐2024,Nederland,HANDELSMAATSCHAPPIJ JAN OSKAM B.V.,cyprodinil,0.038,2.0,,CONFORM
486,appelen,86770229,Golden Delicious,13‐3‐2024,Nederland,HANDELSMAATSCHAPPIJ JAN OSKAM B.V.,fludioxonil,0.036,5.0,,CONFORM
487,appelen,86770229,Golden Delicious,13‐3‐2024,Nederland,HANDELSMAATSCHAPPIJ JAN OSKAM B.V.,Overige bestrijdingsmiddelen,,,,CONFORM
488,appelen,86770237,Elstar,13‐3‐2024,Nederland,HANDELSMAATSCHAPPIJ JAN OSKAM B.V.,captan (som),0.21,10.0,,CONFORM
489,appelen,86770237,Elstar,13‐3‐2024,Nederland,HANDELSMAATSCHAPPIJ JAN OSKAM B.V.,fludioxonil,0.029,5.0,,CONFORM
490,appelen,86770237,Elstar,13‐3‐2024,Nederland,HANDELSMAATSCHAPPIJ JAN OSKAM B.V.,Overige bestrijdingsmiddelen,,,,CONFORM
491,appelen,86770318,gala appelen,13‐3‐2024,Nederland,FRUPAKS VERNOOIJ B.V.,boscalid,0.17,2.0,,CONFORM
492,appelen,86770318,gala appelen,13‐3‐2024,Nederland,FRUPAKS VERNOOIJ B.V.,captan (som),1.2,10.0,,CONFORM
493,appelen,86770318,gala appelen,13‐3‐2024,Nederland,FRUPAKS VERNOOIJ B.V.,cyprodinil,0.0052,2.0,,CONFORM
494,appelen,86770318,gala appelen,13‐3‐2024,Nederland,FRUPAKS VERNOOIJ B.V.,pyraclostrobin,0.036,0.5,,CONFORM
495,appelen,86770318,gala appelen,13‐3‐2024,Nederland,FRUPAKS VERNOOIJ B.V.,Overige bestrijdingsmiddelen,,,,CONFORM
496,appelen,86770326,jona gold appelen,13‐3‐2024,Nederland,FRUPAKS VERNOOIJ B.V.,boscalid,0.0068,2.0,,CONFORM
497,appelen,86770326,jona gold appelen,13‐3‐2024,Nederland,FRUPAKS VERNOOIJ B.V.,captan (som),0.69,10.0,,CONFORM
498,appelen,86770326,jona gold appelen,13‐3‐2024,Nederland,FRUPAKS VERNOOIJ B.V.,Overige bestrijdingsmiddelen,,,,CONFORM
499,appelen,86775581,Appelen fris zoet,12‐8‐2024,Nederland,HOLLANDER BARENDRECHT B.V.,boscalid,0.066,2.0,,CONFORM
500,appelen,86775581,Appelen fris zoet,12‐8‐2024,Nederland,HOLLANDER BARENDRECHT B.V.,captan (som),0.59,10.0,,CONFORM
501,appelen,86775581,Appelen fris zoet,12‐8‐2024,Nederland,HOLLANDER BARENDRECHT B.V.,pyraclostrobin,0.028,0.5,,CONFORM
502,appelen,86775581,Appelen fris zoet,12‐8‐2024,Nederland,HOLLANDER BARENDRECHT B.V.,Overige bestrijdingsmiddelen,,,,CONFORM
503,appelen,86775611,Appelen Granny Smith,12‐8‐2024,Zuid Afrika,HOLLANDER BARENDRECHT B.V.,Overige bestrijdingsmiddelen,,,,CONFORM
504,appelen,86779862,Pink Lady,19‐6‐2024,Frankrijk,DISTRIBUTIECENTRUM ALBERT HEIJN,captan (som),0.19,10.0,,CONFORM
505,appelen,86779862,Pink Lady,19‐6‐2024,Frankrijk,DISTRIBUTIECENTRUM ALBERT HEIJN,deltamethrin,0.0073,0.2,,CONFORM
506,appelen,86779862,Pink Lady,19‐6‐2024,Frankrijk,DISTRIBUTIECENTRUM ALBERT HEIJN,fludioxonil,0.011,5.0,,CONFORM
507,appelen,86779862,Pink Lady,19‐6‐2024,Frankrijk,DISTRIBUTIECENTRUM ALBERT HEIJN,Overige bestrijdingsmiddelen,,,,CONFORM
508,appelen,86782057,Apples Idared,11‐9‐2024,Polen,SUNDA B.V.,captan (som),0.82,10.0,,CONFORM
509,appelen,86782057,Apples Idared,11‐9‐2024,Polen,SUNDA B.V.,cyprodinil,0.054,2.0,,CONFORM
510,appelen,86782057,Apples Idared,11‐9‐2024,Polen,SUNDA B.V.,dodine,0.011,0.9,,CONFORM
511,appelen,86782057,Apples Idared,11‐9‐2024,Polen,SUNDA B.V.,fludioxonil,0.046,5.0,,CONFORM
512,appelen,86782057,Apples Idared,11‐9‐2024,Polen,SUNDA B.V.,Overige bestrijdingsmiddelen,,,,CONFORM
513,appelen,86782774,Jonagold appels,8‐10‐2024,Nederland,ALDI ZOETERMEER B.V.,acetamiprid,0.024,0.4,,CONFORM
514,appelen,86782774,Jonagold appels,8‐10‐2024,Nederland,ALDI ZOETERMEER B.V.,captan (som),0.34,10.0,,CONFORM
515,appelen,86782774,Jonagold appels,8‐10‐2024,Nederland,ALDI ZOETERMEER B.V.,fludioxonil,0.013,5.0,,CONFORM
516,appelen,86782774,Jonagold appels,8‐10‐2024,Nederland,ALDI ZOETERMEER B.V.,pirimicarb,0.016,0.5,,CONFORM
517,appelen,86782774,Jonagold appels,8‐10‐2024,Nederland,ALDI ZOETERMEER B.V.,Overige bestrijdingsmiddelen,,,,CONFORM
518,appelen,86788071,appelen,14‐2‐2024,Nederland,PICNIC FULFILLMENTCENTRUM,boscalid,0.037,2.0,,CONFORM
519,appelen,86788071,appelen,14‐2‐2024,Nederland,PICNIC FULFILLMENTCENTRUM,captan (som),0.57,10.0,,CONFORM
520,appelen,86788071,appelen,14‐2‐2024,Nederland,PICNIC FULFILLMENTCENTRUM,pyraclostrobin,0.014,0.5,,CONFORM
521,appelen,86788071,appelen,14‐2‐2024,Nederland,PICNIC FULFILLMENTCENTRUM,Overige bestrijdingsmiddelen,,,,CONFORM
522,appelen,86788187,appels (kanzic),14‐2‐2024,Nederland,PICNIC FULFILLMENTCENTRUM,captan (som),0.41,10.0,,CONFORM
523,appelen,86788187,appels (kanzic),14‐2‐2024,Nederland,PICNIC FULFILLMENTCENTRUM,fludioxonil,0.15,5.0,,CONFORM
524,appelen,86788187,appels (kanzic),14‐2‐2024,Nederland,PICNIC FULFILLMENTCENTRUM,fluopyram,0.068,0.8,,CONFORM
525,appelen,86788187,appels (kanzic),14‐2‐2024,Nederland,PICNIC FULFILLMENTCENTRUM,tebuconazool,0.077,0.3,,CONFORM
526,appelen,86788187,appels (kanzic),14‐2‐2024,Nederland,PICNIC FULFILLMENTCENTRUM,Overige bestrijdingsmiddelen,,,,CONFORM
527,appelen,86797011,fUJI APPEL,15‐3‐2024,China,EURO ASIA FRUIT DUTCH B.V.,acetamiprid,0.0072,0.4,,CONFORM
528,appelen,86797011,fUJI APPEL,15‐3‐2024,China,EURO ASIA FRUIT DUTCH B.V.,carbendazim,0.024,0.2,,CONFORM
529,appelen,86797011,fUJI APPEL,15‐3‐2024,China,EURO ASIA FRUIT DUTCH B.V.,thiofanaat‐methyl,0.0081,0.5,,CONFORM
530,appelen,86797011,fUJI APPEL,15‐3‐2024,China,EURO ASIA FRUIT DUTCH B.V.,Overige bestrijdingsmiddelen,,,,CONFORM
531,appelen,86797321,Red Jona Prince,26‐3‐2024,Nederland,VAN GELDER RIDDERKERK B.V.,boscalid,0.076,2.0,,CONFORM
532,appelen,86797321,Red Jona Prince,26‐3‐2024,Nederland,VAN GELDER RIDDERKERK B.V.,captan (som),1.0,10.0,,CONFORM
533,appelen,86797321,Red Jona Prince,26‐3‐2024,Nederland,VAN GELDER RIDDERKERK B.V.,dodine,0.006,0.9,,CONFORM
534,appelen,86797321,Red Jona Prince,26‐3‐2024,Nederland,VAN GELDER RIDDERKERK B.V.,fludioxonil,0.0054,5.0,,CONFORM
535,appelen,86797321,Red Jona Prince,26‐3‐2024,Nederland,VAN GELDER RIDDERKERK B.V.,pyraclostrobin,0.04,0.5,,CONFORM
536,appelen,86797321,Red Jona Prince,26‐3‐2024,Nederland,VAN GELDER RIDDERKERK B.V.,Overige bestrijdingsmiddelen,,,,CONFORM
537,appelen,86798816,Rode Appel,24‐4‐2024,Nederland,TUINDERIJ VERS B.V.,captan (som),0.24,10.0,,CONFORM
538,appelen,86798816,Rode Appel,24‐4‐2024,Nederland,TUINDERIJ VERS B.V.,cyprodinil,0.16,2.0,,CONFORM
539,appelen,86798816,Rode Appel,24‐4‐2024,Nederland,TUINDERIJ VERS B.V.,fludioxonil,0.049,5.0,,CONFORM
540,appelen,86798816,Rode Appel,24‐4‐2024,Nederland,TUINDERIJ VERS B.V.,pyrimethanil,0.015,15.0,,CONFORM
541,appelen,86798816,Rode Appel,24‐4‐2024,Nederland,TUINDERIJ VERS B.V.,Overige bestrijdingsmiddelen,,,,CONFORM
542,appelen,86801493,Granny Smith,19‐8‐2024,Nieuw Zeeland,BIOTROPIC B.V.,Overige bestrijdingsmiddelen,,,,CONFORM
543,appelen,86803488,Art. nr 2839 Appel,14‐2‐2024,Nederland,ALDI ZOETERMEER B.V.,captan (som),1.0,10.0,,CONFORM
544,appelen,86803488,Art. nr 2839 Appel,14‐2‐2024,Nederland,ALDI ZOETERMEER B.V.,cyprodinil,0.36,2.0,,CONFORM
545,appelen,86803488,Art. nr 2839 Appel,14‐2‐2024,Nederland,ALDI ZOETERMEER B.V.,fludioxonil,0.25,5.0,,CONFORM
546,appelen,86803488,Art. nr 2839 Appel,14‐2‐2024,Nederland,ALDI ZOETERMEER B.V.,fluxapyroxad,0.0075,0.9,,CONFORM
547,appelen,86803488,Art. nr 2839 Appel,14‐2‐2024,Nederland,ALDI ZOETERMEER B.V.,Overige bestrijdingsmiddelen,,,,CONFORM
548,appelen,86805146,appel groen,22‐4‐2024,Landcode onbekend,PLUKON CONVENIENCE DRONTEN B.V.,captan (som),0.33,10.0,,CONFORM
549,appelen,86805146,appel groen,22‐4‐2024,Landcode onbekend,PLUKON CONVENIENCE DRONTEN B.V.,fludioxonil,0.02,5.0,,CONFORM
550,appelen,86805146,appel groen,22‐4‐2024,Landcode onbekend,PLUKON CONVENIENCE DRONTEN B.V.,fluopyram,0.018,0.8,,CONFORM
551,appelen,86805146,appel groen,22‐4‐2024,Landcode onbekend,PLUKON CONVENIENCE DRONTEN B.V.,tebuconazool,0.018,0.3,,CONFORM
552,appelen,86805146,appel groen,22‐4‐2024,Landcode onbekend,PLUKON CONVENIENCE DRONTEN B.V.,Overige bestrijdingsmiddelen,,,,CONFORM
553,appelen,86811081,appelen,6‐3‐2024,Nederland,UDEA B.V. (HOOFDKANTOOR),Overige bestrijdingsmiddelen,,,,CONFORM
554,appelen,86812134,appelen,24‐4‐2024,Nederland,COÖPERATIE KONINKLIJKE FRUITMASTERS U.A.,captan (som),0.25,10.0,,CONFORM
555,appelen,86812134,appelen,24‐4‐2024,Nederland,COÖPERATIE KONINKLIJKE FRUITMASTERS U.A.,cyflufenamid,0.005,0.06,,CONFORM
556,appelen,86812134,appelen,24‐4‐2024,Nederland,COÖPERATIE KONINKLIJKE FRUITMASTERS U.A.,fludioxonil,0.049,5.0,,CONFORM
557,appelen,86812134,appelen,24‐4‐2024,Nederland,COÖPERATIE KONINKLIJKE FRUITMASTERS U.A.,pyrimethanil,0.15,15.0,,CONFORM
558,appelen,86812134,appelen,24‐4‐2024,Nederland,COÖPERATIE KONINKLIJKE FRUITMASTERS U.A.,Overige bestrijdingsmiddelen,,,,CONFORM
559,appelen,86812142,appelen,24‐4‐2024,Nederland,COÖPERATIE KONINKLIJKE FRUITMASTERS U.A.,captan (som),0.3,10.0,,CONFORM
560,appelen,86812142,appelen,24‐4‐2024,Nederland,COÖPERATIE KONINKLIJKE FRUITMASTERS U.A.,fludioxonil,0.07,5.0,,CONFORM
561,appelen,86812142,appelen,24‐4‐2024,Nederland,COÖPERATIE KONINKLIJKE FRUITMASTERS U.A.,pyrimethanil,2.7,15.0,,CONFORM
562,appelen,86812142,appelen,24‐4‐2024,Nederland,COÖPERATIE KONINKLIJKE FRUITMASTERS U.A.,Overige bestrijdingsmiddelen,,,,CONFORM
563,appelen,86812525,Jazz appelen,7‐5‐2024,Italië,AARTSEN VENLO B.V.,acetamiprid,0.021,0.4,,CONFORM
564,appelen,86812525,Jazz appelen,7‐5‐2024,Italië,AARTSEN VENLO B.V.,captan (som),0.6,10.0,,CONFORM
565,appelen,86812525,Jazz appelen,7‐5‐2024,Italië,AARTSEN VENLO B.V.,Overige bestrijdingsmiddelen,,,,CONFORM
566,appelen,86837137,appelen nicogreen,12‐11‐2024,Nederland,GROENTEPRODUCTIE FLEVOLAND B.V.,captan (som),0.22,10.0,,CONFORM
567,appelen,86837137,appelen nicogreen,12‐11‐2024,Nederland,GROENTEPRODUCTIE FLEVOLAND B.V.,cyprodinil,0.15,2.0,,CONFORM
568,appelen,86837137,appelen nicogreen,12‐11‐2024,Nederland,GROENTEPRODUCTIE FLEVOLAND B.V.,fludioxonil,0.063,5.0,,CONFORM
569,appelen,86837137,appelen nicogreen,12‐11‐2024,Nederland,GROENTEPRODUCTIE FLEVOLAND B.V.,Overige bestrijdingsmiddelen,,,,CONFORM
570,appelen,86850745,Elstar Appelen,10‐10‐2024,Nederland,LIDL,captan (som),0.4,10.0,,CONFORM
571,appelen,86850745,Elstar Appelen,10‐10‐2024,Nederland,LIDL,cyprodinil,0.048,2.0,,CONFORM
572,appelen,86850745,Elstar Appelen,10‐10‐2024,Nederland,LIDL,fludioxonil,0.066,5.0,,CONFORM
573,appelen,86850745,Elstar Appelen,10‐10‐2024,Nederland,LIDL,Overige bestrijdingsmiddelen,,,,CONFORM
574,appelen,86851288,Appelen,5‐11‐2024,Frankrijk,DISTRIBUTIECENTRUM ALBERT HEIJN,boscalid,0.026,2.0,,CONFORM
575,appelen,86851288,Appelen,5‐11‐2024,Frankrijk,DISTRIBUTIECENTRUM ALBERT HEIJN,captan (som),0.052,10.0,,CONFORM
576,appelen,86851288,Appelen,5‐11‐2024,Frankrijk,DISTRIBUTIECENTRUM ALBERT HEIJN,pyraclostrobin,0.0092,0.5,,CONFORM
577,appelen,86851288,Appelen,5‐11‐2024,Frankrijk,DISTRIBUTIECENTRUM ALBERT HEIJN,Overige bestrijdingsmiddelen,,,,CONFORM
578,appelen,86867273,appelen,3‐4‐2024,Nederland,FRUITY LINE B.V.,boscalid,0.21,2.0,,CONFORM
579,appelen,86867273,appelen,3‐4‐2024,Nederland,FRUITY LINE B.V.,captan (som),0.21,10.0,,CONFORM
580,appelen,86867273,appelen,3‐4‐2024,Nederland,FRUITY LINE B.V.,chloorpyrifos‐ethyl,0.0071,0.01,,CONFORM
581,appelen,86867273,appelen,3‐4‐2024,Nederland,FRUITY LINE B.V.,pyraclostrobin,0.14,0.5,,CONFORM
582,appelen,86867273,appelen,3‐4‐2024,Nederland,FRUITY LINE B.V.,Overige bestrijdingsmiddelen,,,,CONFORM
583,appelen,86867389,appelen,3‐4‐2024,Nederland,FRUITY LINE B.V.,captan (som),0.94,10.0,,CONFORM
584,appelen,86867389,appelen,3‐4‐2024,Nederland,FRUITY LINE B.V.,cyprodinil,0.24,2.0,,CONFORM
585,appelen,86867389,appelen,3‐4‐2024,Nederland,FRUITY LINE B.V.,fludioxonil,0.1,5.0,,CONFORM
586,appelen,86867389,appelen,3‐4‐2024,Nederland,FRUITY LINE B.V.,Overige bestrijdingsmiddelen,,,,CONFORM
587,appelen,86894521,kleine zoete appelen,21‐8‐2024,Nederland,JUMBO DISTRIBUTIECENTRUM (409),acetamiprid,0.018,0.4,,CONFORM
588,appelen,86894521,kleine zoete appelen,21‐8‐2024,Nederland,JUMBO DISTRIBUTIECENTRUM (409),captan (som),0.03,10.0,,CONFORM
589,appelen,86894521,kleine zoete appelen,21‐8‐2024,Nederland,JUMBO DISTRIBUTIECENTRUM (409),fludioxonil,0.009,5.0,,CONFORM
590,appelen,86894521,kleine zoete appelen,21‐8‐2024,Nederland,JUMBO DISTRIBUTIECENTRUM (409),Overige bestrijdingsmiddelen,,,,CONFORM
591,appelen,86924064,IP IQF Appelblokjes,25‐3‐2024,Italië,VAN ES FOODS INTERNATIONAL,acetamiprid,0.012,0.4,,CONFORM
592,appelen,86924064,IP IQF Appelblokjes,25‐3‐2024,Italië,VAN ES FOODS INTERNATIONAL,Overige bestrijdingsmiddelen,,,,CONFORM
593,appelen,86996057,appels granny,11‐3‐2024,Frankrijk,KONINKLIJKE VEZET B.V.,boscalid,0.016,2.0,,CONFORM
594,appelen,86996057,appels granny,11‐3‐2024,Frankrijk,KONINKLIJKE VEZET B.V.,pyraclostrobin,0.0078,0.5,,CONFORM
595,appelen,86996057,appels granny,11‐3‐2024,Frankrijk,KONINKLIJKE VEZET B.V.,Overige bestrijdingsmiddelen,,,,CONFORM
596,appelen,99369523,goudreinet,18‐9‐2024,Nederland,FRUITBOERDERIJ OOLD BLEANK,boscalid,0.015,2.0,,CONFORM
597,appelen,99369523,goudreinet,18‐9‐2024,Nederland,FRUITBOERDERIJ OOLD BLEANK,captan (som),0.99,10.0,,CONFORM
598,appelen,99369523,goudreinet,18‐9‐2024,Nederland,FRUITBOERDERIJ OOLD BLEANK,Overige bestrijdingsmiddelen,,,,CONFORM
599,appelen,99369531,elstar,18‐9‐2024,Nederland,FRUITBOERDERIJ OOLD BLEANK,boscalid,0.015,2.0,,CONFORM
600,appelen,99369531,elstar,18‐9‐2024,Nederland,FRUITBOERDERIJ OOLD BLEANK,captan (som),0.72,10.0,,CONFORM
601,appelen,99369531,elstar,18‐9‐2024,Nederland,FRUITBOERDERIJ OOLD BLEANK,fludioxonil,0.1,5.0,,CONFORM
602,appelen,99369531,elstar,18‐9‐2024,Nederland,FRUITBOERDERIJ OOLD BLEANK,Overige bestrijdingsmiddelen,,,,CONFORM
603,appelen,99382694,Appel collina,24‐9‐2024,Nederland,BIOL. BOERDERIJWINKEL,Overige bestrijdingsmiddelen,,,,CONFORM
604,appelen,99389303,Nederlandse appels bio,9‐1‐2024,Nederland,ALBERT HEIJN XL,Overige bestrijdingsmiddelen,,,,CONFORM
605,appelen,99390212,elstar,6‐2‐2024,Nederland,COOP MAASBREE,boscalid,0.18,2.0,,CONFORM
606,appelen,99390212,elstar,6‐2‐2024,Nederland,COOP MAASBREE,captan (som),0.22,10.0,,CONFORM
607,appelen,99390212,elstar,6‐2‐2024,Nederland,COOP MAASBREE,fludioxonil,0.0077,5.0,,CONFORM
608,appelen,99390212,elstar,6‐2‐2024,Nederland,COOP MAASBREE,pyraclostrobin,0.057,0.5,,CONFORM
609,appelen,99390212,elstar,6‐2‐2024,Nederland,COOP MAASBREE,Overige bestrijdingsmiddelen,,,,CONFORM
610,appelen,99394072,Golden Dilicious appel,15‐8‐2024,Nederland,PUUR BRABANT,boscalid,0.062,2.0,,CONFORM
611,appelen,99394072,Golden Dilicious appel,15‐8‐2024,Nederland,PUUR BRABANT,captan (som),0.14,10.0,,CONFORM
612,appelen,99394072,Golden Dilicious appel,15‐8‐2024,Nederland,PUUR BRABANT,fludioxonil,0.05,5.0,,CONFORM
613,appelen,99394072,Golden Dilicious appel,15‐8‐2024,Nederland,PUUR BRABANT,pyraclostrobin,0.017,0.5,,CONFORM
614,appelen,99394072,Golden Dilicious appel,15‐8‐2024,Nederland,PUUR BRABANT,Overige bestrijdingsmiddelen,,,,CONFORM
615,appelen,99399724,ELSTAR APPELS,16‐1‐2024,Nederland,ALDI MARKT,captan (som),0.98,10.0,,CONFORM
616,appelen,99399724,ELSTAR APPELS,16‐1‐2024,Nederland,ALDI MARKT,fludioxonil,0.041,5.0,,CONFORM
617,appelen,99399724,ELSTAR APPELS,16‐1‐2024,Nederland,ALDI MARKT,Overige bestrijdingsmiddelen,,,,CONFORM
618,appelen,99401648,Elstar appels,23‐1‐2024,Nederland,PLUS BECKERS,boscalid,0.011,2.0,,CONFORM
619,appelen,99401648,Elstar appels,23‐1‐2024,Nederland,PLUS BECKERS,captan (som),0.9,10.0,,CONFORM
620,appelen,99401648,Elstar appels,23‐1‐2024,Nederland,PLUS BECKERS,dodine,0.008,0.9,,CONFORM
621,appelen,99401648,Elstar appels,23‐1‐2024,Nederland,PLUS BECKERS,fludioxonil,0.038,5.0,,CONFORM
622,appelen,99401648,Elstar appels,23‐1‐2024,Nederland,PLUS BECKERS,pyrimethanil,0.13,15.0,,CONFORM
623,appelen,99401648,Elstar appels,23‐1‐2024,Nederland,PLUS BECKERS,Overige bestrijdingsmiddelen,,,,CONFORM
624,appelen,99401907,Jonagold appelen,30‐1‐2024,Nederland,LIDL,boscalid,0.022,2.0,,CONFORM
625,appelen,99401907,Jonagold appelen,30‐1‐2024,Nederland,LIDL,captan (som),0.19,10.0,,CONFORM
626,appelen,99401907,Jonagold appelen,30‐1‐2024,Nederland,LIDL,difenoconazool,0.0097,0.8,,CONFORM
627,appelen,99401907,Jonagold appelen,30‐1‐2024,Nederland,LIDL,pyraclostrobin,0.0091,0.5,,CONFORM
628,appelen,99401907,Jonagold appelen,30‐1‐2024,Nederland,LIDL,Overige bestrijdingsmiddelen,,,,CONFORM
629,appelen,99402261,Jonagold,6‐2‐2024,Nederland,JUMBO SUPERMARKT,captan (som),1.3,10.0,,CONFORM
630,appelen,99402261,Jonagold,6‐2‐2024,Nederland,JUMBO SUPERMARKT,cyprodinil,0.22,2.0,,CONFORM
631,appelen,99402261,Jonagold,6‐2‐2024,Nederland,JUMBO SUPERMARKT,fludioxonil,0.11,5.0,,CONFORM
632,appelen,99402261,Jonagold,6‐2‐2024,Nederland,JUMBO SUPERMARKT,Overige bestrijdingsmiddelen,,,,CONFORM
633,appelen,99414421,appelen,16‐1‐2024,Nederland,LIDL,boscalid,0.12,2.0,,CONFORM
634,appelen,99414421,appelen,16‐1‐2024,Nederland,LIDL,captan (som),1.0,10.0,,CONFORM
635,appelen,99414421,appelen,16‐1‐2024,Nederland,LIDL,fludioxonil,0.079,5.0,,CONFORM
636,appelen,99414421,appelen,16‐1‐2024,Nederland,LIDL,pirimicarb,0.0053,0.5,,CONFORM
637,appelen,99414421,appelen,16‐1‐2024,Nederland,LIDL,pyraclostrobin,0.055,0.5,,CONFORM
638,appelen,99414421,appelen,16‐1‐2024,Nederland,LIDL,Overige bestrijdingsmiddelen,,,,CONFORM
639,appelen,99414782,Plus Elstar appelen,24‐1‐2024,Nederland,COOP ALMELO,boscalid,0.058,2.0,,CONFORM
640,appelen,99414782,Plus Elstar appelen,24‐1‐2024,Nederland,COOP ALMELO,captan (som),0.48,10.0,,CONFORM
641,appelen,99414782,Plus Elstar appelen,24‐1‐2024,Nederland,COOP ALMELO,dodine,0.013,0.9,,CONFORM
642,appelen,99414782,Plus Elstar appelen,24‐1‐2024,Nederland,COOP ALMELO,fludioxonil,0.025,5.0,,CONFORM
643,appelen,99414782,Plus Elstar appelen,24‐1‐2024,Nederland,COOP ALMELO,pyraclostrobin,0.018,0.5,,CONFORM
644,appelen,99414782,Plus Elstar appelen,24‐1‐2024,Nederland,COOP ALMELO,pyrimethanil,0.011,15.0,,CONFORM
645,appelen,99414782,Plus Elstar appelen,24‐1‐2024,Nederland,COOP ALMELO,Overige bestrijdingsmiddelen,,,,CONFORM
646,appelen,99415169,Junami appelen,30‐1‐2024,Nederland,DIRK,boscalid,0.018,2.0,,CONFORM
647,appelen,99415169,Junami appelen,30‐1‐2024,Nederland,DIRK,captan (som),0.69,10.0,,CONFORM
648,appelen,99415169,Junami appelen,30‐1‐2024,Nederland,DIRK,cyprodinil,0.078,2.0,,CONFORM
649,appelen,99415169,Junami appelen,30‐1‐2024,Nederland,DIRK,fludioxonil,0.076,5.0,,CONFORM
650,appelen,99415169,Junami appelen,30‐1‐2024,Nederland,DIRK,pyraclostrobin,0.0074,0.5,,CONFORM
651,appelen,99415169,Junami appelen,30‐1‐2024,Nederland,DIRK,Overige bestrijdingsmiddelen,,,,CONFORM
652,appelen,99415835,AH Goud reinetten,7‐2‐2024,Nederland,"ALBERT HEIJN, TJ VOSSELMAN SUPERMARKT T.H.O.D.N.",captan (som),0.39,10.0,,CONFORM
653,appelen,99415835,AH Goud reinetten,7‐2‐2024,Nederland,"ALBERT HEIJN, TJ VOSSELMAN SUPERMARKT T.H.O.D.N.",chloorantraniliprole,0.0052,0.4,,CONFORM
654,appelen,99415835,AH Goud reinetten,7‐2‐2024,Nederland,"ALBERT HEIJN, TJ VOSSELMAN SUPERMARKT T.H.O.D.N.",fludioxonil,0.082,5.0,,CONFORM
655,appelen,99415835,AH Goud reinetten,7‐2‐2024,Nederland,"ALBERT HEIJN, TJ VOSSELMAN SUPERMARKT T.H.O.D.N.",pyrimethanil,0.012,15.0,,CONFORM
656,appelen,99415835,AH Goud reinetten,7‐2‐2024,Nederland,"ALBERT HEIJN, TJ VOSSELMAN SUPERMARKT T.H.O.D.N.",Overige bestrijdingsmiddelen,,,,CONFORM
657,appelen,99420707,"Appel Jonagold 1,5kg",6‐2‐2024,Nederland,ALDI MARKT,captan (som),0.69,10.0,,CONFORM
658,appelen,99420707,"Appel Jonagold 1,5kg",6‐2‐2024,Nederland,ALDI MARKT,cyprodinil,0.061,2.0,,CONFORM
659,appelen,99420707,"Appel Jonagold 1,5kg",6‐2‐2024,Nederland,ALDI MARKT,fludioxonil,0.032,5.0,,CONFORM
660,appelen,99420707,"Appel Jonagold 1,5kg",6‐2‐2024,Nederland,ALDI MARKT,Overige bestrijdingsmiddelen,,,,CONFORM
661,appelen,99427957,appelen,14‐8‐2024,Nederland,BOERDERIJWINKEL SCHAEPKENS,captan (som),1.8,10.0,,CONFORM
662,appelen,99427957,appelen,14‐8‐2024,Nederland,BOERDERIJWINKEL SCHAEPKENS,chloorantraniliprole,0.0065,0.4,,CONFORM
663,appelen,99427957,appelen,14‐8‐2024,Nederland,BOERDERIJWINKEL SCHAEPKENS,pyrimethanil,0.0063,15.0,,CONFORM
664,appelen,99427957,appelen,14‐8‐2024,Nederland,BOERDERIJWINKEL SCHAEPKENS,Overige bestrijdingsmiddelen,,,,CONFORM
665,appelen,99428678,Appelen zari,25‐9‐2024,Nederland,EET‐IDEE QUAEDVLIEG,boscalid,0.1,2.0,,CONFORM
666,appelen,99428678,Appelen zari,25‐9‐2024,Nederland,EET‐IDEE QUAEDVLIEG,captan (som),1.5,10.0,,CONFORM
667,appelen,99428678,Appelen zari,25‐9‐2024,Nederland,EET‐IDEE QUAEDVLIEG,pyraclostrobin,0.042,0.5,,CONFORM
668,appelen,99428678,Appelen zari,25‐9‐2024,Nederland,EET‐IDEE QUAEDVLIEG,Overige bestrijdingsmiddelen,,,,CONFORM
669,appelen,99439327,"Jonagold Decosta, Maat: 80‐85 mm, Klasse I",18‐6‐2024,Nederland,O. SMEDING EN ZOON B.V.,boscalid,0.039,2.0,,CONFORM
670,appelen,99439327,"Jonagold Decosta, Maat: 80‐85 mm, Klasse I",18‐6‐2024,Nederland,O. SMEDING EN ZOON B.V.,captan (som),0.059,10.0,,CONFORM
671,appelen,99439327,"Jonagold Decosta, Maat: 80‐85 mm, Klasse I",18‐6‐2024,Nederland,O. SMEDING EN ZOON B.V.,pyraclostrobin,0.0099,0.5,,CONFORM
672,appelen,99439327,"Jonagold Decosta, Maat: 80‐85 mm, Klasse I",18‐6‐2024,Nederland,O. SMEDING EN ZOON B.V.,Overige bestrijdingsmiddelen,,,,CONFORM
673,appelen,99452587,DELCORF,19‐9‐2024,Nederland,DE BUYTENHOF,captan (som),0.29,10.0,,CONFORM
674,appelen,99452587,DELCORF,19‐9‐2024,Nederland,DE BUYTENHOF,chloorantraniliprole,0.011,0.4,,CONFORM
675,appelen,99452587,DELCORF,19‐9‐2024,Nederland,DE BUYTENHOF,fludioxonil,0.12,5.0,,CONFORM
676,appelen,99452587,DELCORF,19‐9‐2024,Nederland,DE BUYTENHOF,Overige bestrijdingsmiddelen,,,,CONFORM
677,appelen,99469617,"Appels Elstar, 75‐80",18‐9‐2024,Nederland,BOERDERIJWINKEL DE GELDER,captan (som),1.1,10.0,,CONFORM
678,appelen,99469617,"Appels Elstar, 75‐80",18‐9‐2024,Nederland,BOERDERIJWINKEL DE GELDER,chloorantraniliprole,0.0095,0.4,,CONFORM
679,appelen,99469617,"Appels Elstar, 75‐80",18‐9‐2024,Nederland,BOERDERIJWINKEL DE GELDER,fludioxonil,0.0055,5.0,,CONFORM
680,appelen,99469617,"Appels Elstar, 75‐80",18‐9‐2024,Nederland,BOERDERIJWINKEL DE GELDER,flupyradifurone,0.007,0.6,,CONFORM
681,appelen,99469617,"Appels Elstar, 75‐80",18‐9‐2024,Nederland,BOERDERIJWINKEL DE GELDER,Overige bestrijdingsmiddelen,,,,CONFORM
682,appelen,99470437,Jonagold moesappel,28‐11‐2024,Nederland,LANDWINKEL OL DIEK,boscalid,0.11,2.0,,CONFORM
683,appelen,99470437,Jonagold moesappel,28‐11‐2024,Nederland,LANDWINKEL OL DIEK,captan (som),1.6,10.0,,CONFORM
684,appelen,99470437,Jonagold moesappel,28‐11‐2024,Nederland,LANDWINKEL OL DIEK,fludioxonil,0.067,5.0,,CONFORM
685,appelen,99470437,Jonagold moesappel,28‐11‐2024,Nederland,LANDWINKEL OL DIEK,pyraclostrobin,0.047,0.5,,CONFORM
686,appelen,99470437,Jonagold moesappel,28‐11‐2024,Nederland,LANDWINKEL OL DIEK,pyrimethanil,0.011,15.0,,CONFORM
687,appelen,99470437,Jonagold moesappel,28‐11‐2024,Nederland,LANDWINKEL OL DIEK,Overige bestrijdingsmiddelen,,,,CONFORM
688,appelen,99470542,Goudreinette,28‐11‐2024,Nederland,LANDWINKEL OL DIEK,boscalid,0.11,2.0,,CONFORM
689,appelen,99470542,Goudreinette,28‐11‐2024,Nederland,LANDWINKEL OL DIEK,captan (som),2.5,10.0,,CONFORM
690,appelen,99470542,Goudreinette,28‐11‐2024,Nederland,LANDWINKEL OL DIEK,chloorantraniliprole,0.012,0.4,,CONFORM
691,appelen,99470542,Goudreinette,28‐11‐2024,Nederland,LANDWINKEL OL DIEK,fludioxonil,0.058,5.0,,CONFORM
692,appelen,99470542,Goudreinette,28‐11‐2024,Nederland,LANDWINKEL OL DIEK,pyraclostrobin,0.045,0.5,,CONFORM
693,appelen,99470542,Goudreinette,28‐11‐2024,Nederland,LANDWINKEL OL DIEK,pyrimethanil,0.017,15.0,,CONFORM
694,appelen,99470542,Goudreinette,28‐11‐2024,Nederland,LANDWINKEL OL DIEK,trifloxystrobin,0.0072,0.7,,CONFORM
695,appelen,99470542,Goudreinette,28‐11‐2024,Nederland,LANDWINKEL OL DIEK,Overige bestrijdingsmiddelen,,,,CONFORM
696,appelen,99500557,Elstar Bio,26‐11‐2024,Nederland,BURGERBOERDERIJ DE PATRIJS,Overige bestrijdingsmiddelen,,,,CONFORM
697,appelen,99634839,"Kanzi, Klasse: 1, maat 65‐75 mm",31‐1‐2024,Nederland,JUMBO SUPERMARKT,captan (som),2.2,10.0,,CONFORM
698,appelen,99634839,"Kanzi, Klasse: 1, maat 65‐75 mm",31‐1‐2024,Nederland,JUMBO SUPERMARKT,fludioxonil,0.023,5.0,,CONFORM
699,appelen,99634839,"Kanzi, Klasse: 1, maat 65‐75 mm",31‐1‐2024,Nederland,JUMBO SUPERMARKT,fluopyram,0.11,0.8,,CONFORM
700,appelen,99634839,"Kanzi, Klasse: 1, maat 65‐75 mm",31‐1‐2024,Nederland,JUMBO SUPERMARKT,fosetyl (som),2.4,150.0,,CONFORM
701,appelen,99634839,"Kanzi, Klasse: 1, maat 65‐75 mm",31‐1‐2024,Nederland,JUMBO SUPERMARKT,koper,0.3,5.0,,CONFORM
702,appelen,99634839,"Kanzi, Klasse: 1, maat 65‐75 mm",31‐1‐2024,Nederland,JUMBO SUPERMARKT,pyrimethanil,0.016,15.0,,CONFORM
703,appelen,99634839,"Kanzi, Klasse: 1, maat 65‐75 mm",31‐1‐2024,Nederland,JUMBO SUPERMARKT,tebuconazool,0.12,0.3,,CONFORM
704,appelen,99634839,"Kanzi, Klasse: 1, maat 65‐75 mm",31‐1‐2024,Nederland,JUMBO SUPERMARKT,Overige bestrijdingsmiddelen,,,,CONFORM
705,appelen,99635487,"Jonagold, maat 75‐85 mm",7‐2‐2024,Nederland,DIRK VAN DER BROEK,boscalid,0.043,2.0,,CONFORM
706,appelen,99635487,"Jonagold, maat 75‐85 mm",7‐2‐2024,Nederland,DIRK VAN DER BROEK,captan (som),0.2,10.0,,CONFORM
707,appelen,99635487,"Jonagold, maat 75‐85 mm",7‐2‐2024,Nederland,DIRK VAN DER BROEK,difenoconazool,0.013,0.8,,CONFORM
708,appelen,99635487,"Jonagold, maat 75‐85 mm",7‐2‐2024,Nederland,DIRK VAN DER BROEK,pyraclostrobin,0.013,0.5,,CONFORM
709,appelen,99635487,"Jonagold, maat 75‐85 mm",7‐2‐2024,Nederland,DIRK VAN DER BROEK,Overige bestrijdingsmiddelen,,,,CONFORM
710,appelen,99635533,"Fuji appels, Kal 70‐80 mm",24‐1‐2024,Italië,LIDL,acetamiprid,0.1,0.4,,CONFORM
711,appelen,99635533,"Fuji appels, Kal 70‐80 mm",24‐1‐2024,Italië,LIDL,captan (som),0.11,10.0,,CONFORM
712,appelen,99635533,"Fuji appels, Kal 70‐80 mm",24‐1‐2024,Italië,LIDL,dodine,0.011,0.9,,CONFORM
713,appelen,99635533,"Fuji appels, Kal 70‐80 mm",24‐1‐2024,Italië,LIDL,fludioxonil,0.054,5.0,,CONFORM
714,appelen,99635533,"Fuji appels, Kal 70‐80 mm",24‐1‐2024,Italië,LIDL,Overige bestrijdingsmiddelen,,,,CONFORM
715,appelen,99642637,"Tasje voor kinderappels, Ras""Junami, Maat 60/70 mm",10‐1‐2024,Nederland,ALDI MARKT,boscalid,0.28,2.0,,CONFORM
716,appelen,99642637,"Tasje voor kinderappels, Ras""Junami, Maat 60/70 mm",10‐1‐2024,Nederland,ALDI MARKT,captan (som),0.19,10.0,,CONFORM
717,appelen,99642637,"Tasje voor kinderappels, Ras""Junami, Maat 60/70 mm",10‐1‐2024,Nederland,ALDI MARKT,cyprodinil,0.02,2.0,,CONFORM
718,appelen,99642637,"Tasje voor kinderappels, Ras""Junami, Maat 60/70 mm",10‐1‐2024,Nederland,ALDI MARKT,difenoconazool,0.0073,0.8,,CONFORM
719,appelen,99642637,"Tasje voor kinderappels, Ras""Junami, Maat 60/70 mm",10‐1‐2024,Nederland,ALDI MARKT,fludioxonil,0.022,5.0,,CONFORM
720,appelen,99642637,"Tasje voor kinderappels, Ras""Junami, Maat 60/70 mm",10‐1‐2024,Nederland,ALDI MARKT,pirimicarb,0.012,0.5,,CONFORM
721,appelen,99642637,"Tasje voor kinderappels, Ras""Junami, Maat 60/70 mm",10‐1‐2024,Nederland,ALDI MARKT,pyraclostrobin,0.12,0.5,,CONFORM
722,appelen,99642637,"Tasje voor kinderappels, Ras""Junami, Maat 60/70 mm",10‐1‐2024,Nederland,ALDI MARKT,Overige bestrijdingsmiddelen,,,,CONFORM
723,appelen,99642742,"Golden Delicious, m 75‐80 mm",11‐1‐2024,Italië,LIDL,captan (som),0.44,10.0,,CONFORM
724,appelen,99642742,"Golden Delicious, m 75‐80 mm",11‐1‐2024,Italië,LIDL,Overige bestrijdingsmiddelen,,,,CONFORM
725,appelen,99643013,"Biologische Appel, Klasse 2, Topaz 70‐80 mm",3‐1‐2024,Nederland,ALBERT HEIJN,Overige bestrijdingsmiddelen,,,,CONFORM
726,appelen,99643498,"Pink Lady los, handappels",17‐1‐2024,Italië,PLUS DE WEERD,acetamiprid,0.012,0.4,,CONFORM
727,appelen,99643498,"Pink Lady los, handappels",17‐1‐2024,Italië,PLUS DE WEERD,captan (som),0.16,10.0,,CONFORM
728,appelen,99643498,"Pink Lady los, handappels",17‐1‐2024,Italië,PLUS DE WEERD,fludioxonil,0.045,5.0,,CONFORM
729,appelen,99643498,"Pink Lady los, handappels",17‐1‐2024,Italië,PLUS DE WEERD,Overige bestrijdingsmiddelen,,,,CONFORM
730,appelen,99648546,KANZI appelen,3‐1‐2024,Nederland,JUMBO SUPERMARKT,boscalid,0.2,2.0,,CONFORM
731,appelen,99648546,KANZI appelen,3‐1‐2024,Nederland,JUMBO SUPERMARKT,captan (som),0.83,10.0,,CONFORM
732,appelen,99648546,KANZI appelen,3‐1‐2024,Nederland,JUMBO SUPERMARKT,fludioxonil,0.0052,5.0,,CONFORM
733,appelen,99648546,KANZI appelen,3‐1‐2024,Nederland,JUMBO SUPERMARKT,pirimicarb,0.011,0.5,,CONFORM
734,appelen,99648546,KANZI appelen,3‐1‐2024,Nederland,JUMBO SUPERMARKT,pyraclostrobin,0.1,0.5,,CONFORM
735,appelen,99648546,KANZI appelen,3‐1‐2024,Nederland,JUMBO SUPERMARKT,pyrimethanil,3.9,15.0,,CONFORM
736,appelen,99648546,KANZI appelen,3‐1‐2024,Nederland,JUMBO SUPERMARKT,Overige bestrijdingsmiddelen,,,,CONFORM
737,appelen,99658843,Appelen Elstar,2‐1‐2024,Nederland,ALDI MARKT,captan (som),0.33,10.0,,CONFORM
738,appelen,99658843,Appelen Elstar,2‐1‐2024,Nederland,ALDI MARKT,Overige bestrijdingsmiddelen,,,,CONFORM
739,appelen,99659343,Plus appel Elstar 2kg,11‐1‐2024,Nederland,PLUS BRUGHUIS,captan (som),0.28,10.0,,CONFORM
740,appelen,99659343,Plus appel Elstar 2kg,11‐1‐2024,Nederland,PLUS BRUGHUIS,fludioxonil,0.077,5.0,,CONFORM
741,appelen,99659343,Plus appel Elstar 2kg,11‐1‐2024,Nederland,PLUS BRUGHUIS,pyrimethanil,0.26,15.0,,CONFORM
742,appelen,99659343,Plus appel Elstar 2kg,11‐1‐2024,Nederland,PLUS BRUGHUIS,Overige bestrijdingsmiddelen,,,,CONFORM
743,appelen,99659912,"AH appel elstar 1,5kg",17‐1‐2024,Nederland,ALBERT HEIJN,boscalid,0.094,2.0,,CONFORM
744,appelen,99659912,"AH appel elstar 1,5kg",17‐1‐2024,Nederland,ALBERT HEIJN,captan (som),1.5,10.0,,CONFORM
745,appelen,99659912,"AH appel elstar 1,5kg",17‐1‐2024,Nederland,ALBERT HEIJN,chloorantraniliprole,0.0057,0.4,,CONFORM
746,appelen,99659912,"AH appel elstar 1,5kg",17‐1‐2024,Nederland,ALBERT HEIJN,fludioxonil,0.013,5.0,,CONFORM
747,appelen,99659912,"AH appel elstar 1,5kg",17‐1‐2024,Nederland,ALBERT HEIJN,pyraclostrobin,0.044,0.5,,CONFORM
748,appelen,99659912,"AH appel elstar 1,5kg",17‐1‐2024,Nederland,ALBERT HEIJN,Overige bestrijdingsmiddelen,,,,CONFORM
749,appelen,99660058,"Jumbo kleine zoete appeltjes royal gala 1,5kg",23‐1‐2024,België,JUMBO SUPERMARKT,boscalid,0.0092,2.0,,CONFORM
750,appelen,99660058,"Jumbo kleine zoete appeltjes royal gala 1,5kg",23‐1‐2024,België,JUMBO SUPERMARKT,captan (som),0.31,10.0,,CONFORM
751,appelen,99660058,"Jumbo kleine zoete appeltjes royal gala 1,5kg",23‐1‐2024,België,JUMBO SUPERMARKT,difenoconazool,0.0064,0.8,,CONFORM
752,appelen,99660058,"Jumbo kleine zoete appeltjes royal gala 1,5kg",23‐1‐2024,België,JUMBO SUPERMARKT,fludioxonil,0.1,5.0,,CONFORM
753,appelen,99660058,"Jumbo kleine zoete appeltjes royal gala 1,5kg",23‐1‐2024,België,JUMBO SUPERMARKT,pyrimethanil,1.5,15.0,,CONFORM
754,appelen,99660058,"Jumbo kleine zoete appeltjes royal gala 1,5kg",23‐1‐2024,België,JUMBO SUPERMARKT,Overige bestrijdingsmiddelen,,,,CONFORM
755,asperges,86809362,asperges,27‐5‐2024,Nederland,UDEA B.V. (HOOFDKANTOOR),Overige bestrijdingsmiddelen,,,,CONFORM
756,asperges,86809567,witte asperges,29‐5‐2024,Nederland,DISTRIBUTIECENTRUM ALBERT HEIJN,Overige bestrijdingsmiddelen,,,,CONFORM
757,asperges,86833093,asperges,5‐11‐2024,Marokko,SOUS FRESH B.V.,fenylfenol‐2,0.0074,0.01,,CONFORM
758,asperges,86833093,asperges,5‐11‐2024,Marokko,SOUS FRESH B.V.,Overige bestrijdingsmiddelen,,,,CONFORM
759,asperges,86843293,Groene Asperge,17‐10‐2024,Peru,YEX B.V.,Overige bestrijdingsmiddelen,,,,CONFORM
760,asperges,86850842,Asparagus,16‐10‐2024,Peru,FRUCO B.V.,Overige bestrijdingsmiddelen,,,,CONFORM
761,asperges,86867524,asperge,27‐3‐2024,Spanje,FRANKORT & KONING B.V.,Overige bestrijdingsmiddelen,,,,CONFORM
762,aubergines,86802287,Eggplant,19‐1‐2024,Spanje,NEW GREEN B.V.,bromide,0.61,30.0,,CONFORM
763,aubergines,86802287,Eggplant,19‐1‐2024,Spanje,NEW GREEN B.V.,fenpyrazamine,0.022,3.0,,CONFORM
764,aubergines,86802287,Eggplant,19‐1‐2024,Spanje,NEW GREEN B.V.,koper,0.42,5.0,,CONFORM
765,aubergines,86802287,Eggplant,19‐1‐2024,Spanje,NEW GREEN B.V.,spirotetramat (som),0.007,1.0,,CONFORM
766,aubergines,86802287,Eggplant,19‐1‐2024,Spanje,NEW GREEN B.V.,Overige bestrijdingsmiddelen,,,,CONFORM
767,aubergines,86809435,aubergines,27‐5‐2024,België,UDEA B.V. (HOOFDKANTOOR),Overige bestrijdingsmiddelen,,,,CONFORM
768,aubergines,86813378,africa eggplant,16‐1‐2024,Mexico,ASIA EXPRESS FOOD B.V.,chloorthalonil,0.31,0.01,,NIET CONFORM
769,aubergines,86813378,africa eggplant,16‐1‐2024,Mexico,ASIA EXPRESS FOOD B.V.,imidacloprid,0.16,0.3,,CONFORM
770,aubergines,86813378,africa eggplant,16‐1‐2024,Mexico,ASIA EXPRESS FOOD B.V.,koper,0.47,5.0,,CONFORM
771,aubergines,86813378,africa eggplant,16‐1‐2024,Mexico,ASIA EXPRESS FOOD B.V.,metalaxyl,0.13,0.01,,NIET CONFORM
772,aubergines,86813378,africa eggplant,16‐1‐2024,Mexico,ASIA EXPRESS FOOD B.V.,Overige bestrijdingsmiddelen,,,,CONFORM
773,aubergines,86813386,long aubergine,16‐1‐2024,Spanje,ASIA EXPRESS FOOD B.V.,boscalid,0.034,3.0,,CONFORM
774,aubergines,86813386,long aubergine,16‐1‐2024,Spanje,ASIA EXPRESS FOOD B.V.,bromide,1.6,30.0,,CONFORM
775,aubergines,86813386,long aubergine,16‐1‐2024,Spanje,ASIA EXPRESS FOOD B.V.,koper,0.58,5.0,,CONFORM
776,aubergines,86813386,long aubergine,16‐1‐2024,Spanje,ASIA EXPRESS FOOD B.V.,pyraclostrobin,0.0057,0.3,,CONFORM
777,aubergines,86813386,long aubergine,16‐1‐2024,Spanje,ASIA EXPRESS FOOD B.V.,Overige bestrijdingsmiddelen,,,,CONFORM
778,aubergines,86822202,Aubergine,24‐4‐2024,Spanje,THE GREENERY B.V.,Overige bestrijdingsmiddelen,,,,CONFORM
779,aubergines,86823799,Aubergine,14‐6‐2024,België,AGF SIERE B.V.,Overige bestrijdingsmiddelen,,,,CONFORM
780,aubergines,86837102,aubergine,12‐11‐2024,Spanje,GROENTEPRODUCTIE FLEVOLAND B.V.,bupirimaat,0.0065,1.5,,CONFORM
781,aubergines,86837102,aubergine,12‐11‐2024,Spanje,GROENTEPRODUCTIE FLEVOLAND B.V.,Overige bestrijdingsmiddelen,,,,CONFORM
782,aubergines,86843218,patlican Aubergine,16‐10‐2024,Turkije,DENIZ FRUIT B.V.,cypermethrin,0.0081,0.5,,CONFORM
783,aubergines,86843218,patlican Aubergine,16‐10‐2024,Turkije,DENIZ FRUIT B.V.,spirotetramat (som),0.07,1.0,,CONFORM
784,aubergines,86843218,patlican Aubergine,16‐10‐2024,Turkije,DENIZ FRUIT B.V.,Overige bestrijdingsmiddelen,,,,CONFORM
785,aubergines,86844087,garden egg,29‐10‐2024,Oeganda,BUTT INTERNATIONAL IMPORT & EXPORT,Overige bestrijdingsmiddelen,,,,CONFORM
786,aubergines,86844281,Aubergine,4‐11‐2024,Spanje,BIRCAN & VAN DER WEL B.V.,Overige bestrijdingsmiddelen,,,,CONFORM
787,aubergines,86846292,egg plant bio,5‐11‐2024,Spanje,BIO NOORD B.V.,acetamiprid,0.038,0.2,,CONFORM
788,aubergines,86846292,egg plant bio,5‐11‐2024,Spanje,BIO NOORD B.V.,Overige bestrijdingsmiddelen,,,,CONFORM
789,aubergines,86847302,Thai eggplant,20‐11‐2024,Mexico,HERMAN KUIJPER B.V.,Overige bestrijdingsmiddelen,,,,CONFORM
790,aubergines,86867435,aubergines,27‐3‐2024,Spanje,FRANKORT & KONING B.V.,cyprodinil,0.01,1.5,,CONFORM
791,aubergines,86867435,aubergines,27‐3‐2024,Spanje,FRANKORT & KONING B.V.,difenoconazool,0.015,0.6,,CONFORM
792,aubergines,86867435,aubergines,27‐3‐2024,Spanje,FRANKORT & KONING B.V.,fenhexamid,0.029,2.0,,CONFORM
793,aubergines,86867435,aubergines,27‐3‐2024,Spanje,FRANKORT & KONING B.V.,spiromesifen,0.0073,0.5,,CONFORM
794,aubergines,86867435,aubergines,27‐3‐2024,Spanje,FRANKORT & KONING B.V.,Overige bestrijdingsmiddelen,,,,CONFORM
795,aubergines,86896281,aubergines,8‐10‐2024,Nederland,ALDI DISTRIBUTIECENTRUM,sulfoxaflor,0.012,0.3,,CONFORM
796,aubergines,86896281,aubergines,8‐10‐2024,Nederland,ALDI DISTRIBUTIECENTRUM,Overige bestrijdingsmiddelen,,,,CONFORM
797,aubergines,86955415,Aubergine,23‐1‐2024,Spanje,FRESH2YOU B.V.,bromide,0.34,30.0,,CONFORM
798,aubergines,86955415,Aubergine,23‐1‐2024,Spanje,FRESH2YOU B.V.,koper,0.49,5.0,,CONFORM
799,aubergines,86955415,Aubergine,23‐1‐2024,Spanje,FRESH2YOU B.V.,penthiopyrad,0.096,2.0,,CONFORM
800,aubergines,86955415,Aubergine,23‐1‐2024,Spanje,FRESH2YOU B.V.,Overige bestrijdingsmiddelen,,,,CONFORM
801,aubergines,86975033,Aubergine,19‐11‐2024,Spanje,KRAAIJEVELD,fenpyrazamine,0.0088,3.0,,CONFORM
802,aubergines,86975033,Aubergine,19‐11‐2024,Spanje,KRAAIJEVELD,fluopyram,0.0092,0.4,,CONFORM
803,aubergines,86975033,Aubergine,19‐11‐2024,Spanje,KRAAIJEVELD,metrafenon,0.006,0.6,,CONFORM
804,aubergines,86975033,Aubergine,19‐11‐2024,Spanje,KRAAIJEVELD,Overige bestrijdingsmiddelen,,,,CONFORM
805,aubergines,86985322,aubergines,26‐11‐2024,Spanje,P. SEELEN GRUBBENVORST B.V.,Overige bestrijdingsmiddelen,,,,CONFORM
806,aubergines,86999064,aubergine,30‐10‐2024,Spanje,AGF OVERTOOM GROOTHANDEL EN HORECALEVERANCIER B.V.,fluopyram,0.007,0.4,,CONFORM
807,aubergines,86999064,aubergine,30‐10‐2024,Spanje,AGF OVERTOOM GROOTHANDEL EN HORECALEVERANCIER B.V.,Overige bestrijdingsmiddelen,,,,CONFORM
808,aubergines,99389338,aubergines,9‐1‐2024,Spanje,ALBERT HEIJN XL,bromide,3.6,30.0,,CONFORM
809,aubergines,99389338,aubergines,9‐1‐2024,Spanje,ALBERT HEIJN XL,fluopyram,0.012,0.4,,CONFORM
810,aubergines,99389338,aubergines,9‐1‐2024,Spanje,ALBERT HEIJN XL,koper,0.55,5.0,,CONFORM
811,aubergines,99389338,aubergines,9‐1‐2024,Spanje,ALBERT HEIJN XL,Overige bestrijdingsmiddelen,,,,CONFORM
812,aubergines,99390336,aubergine,6‐2‐2024,Spanje,COOP PHICOOP,bromide,2.9,30.0,,CONFORM
813,aubergines,99390336,aubergine,6‐2‐2024,Spanje,COOP PHICOOP,fluopyram,0.021,0.4,,CONFORM
814,aubergines,99390336,aubergine,6‐2‐2024,Spanje,COOP PHICOOP,koper,0.49,5.0,,CONFORM
815,aubergines,99390336,aubergine,6‐2‐2024,Spanje,COOP PHICOOP,Overige bestrijdingsmiddelen,,,,CONFORM
816,aubergines,99399767,AUBERGINE,17‐1‐2024,Spanje,ALDI MARKT,acetamiprid,0.0098,0.2,,CONFORM
817,aubergines,99399767,AUBERGINE,17‐1‐2024,Spanje,ALDI MARKT,bromide,0.77,30.0,,CONFORM
818,aubergines,99399767,AUBERGINE,17‐1‐2024,Spanje,ALDI MARKT,cyprodinil,0.013,1.5,,CONFORM
819,aubergines,99399767,AUBERGINE,17‐1‐2024,Spanje,ALDI MARKT,difenoconazool,0.023,0.6,,CONFORM
820,aubergines,99399767,AUBERGINE,17‐1‐2024,Spanje,ALDI MARKT,fludioxonil,0.0051,0.4,,CONFORM
821,aubergines,99399767,AUBERGINE,17‐1‐2024,Spanje,ALDI MARKT,koper,0.6,5.0,,CONFORM
822,aubergines,99399767,AUBERGINE,17‐1‐2024,Spanje,ALDI MARKT,spiromesifen,0.011,0.5,,CONFORM
823,aubergines,99399767,AUBERGINE,17‐1‐2024,Spanje,ALDI MARKT,Overige bestrijdingsmiddelen,,,,CONFORM
824,aubergines,99401664,Aubergines,23‐1‐2024,Spanje,PLUS BECKERS,fluopyram,0.12,0.4,,CONFORM
825,aubergines,99401664,Aubergines,23‐1‐2024,Spanje,PLUS BECKERS,flupyradifurone,0.039,1.0,,CONFORM
826,aubergines,99401664,Aubergines,23‐1‐2024,Spanje,PLUS BECKERS,koper,0.66,5.0,,CONFORM
827,aubergines,99401664,Aubergines,23‐1‐2024,Spanje,PLUS BECKERS,Overige bestrijdingsmiddelen,,,,CONFORM
828,aubergines,99401923,aubergines,30‐1‐2024,Landcode onbekend,LIDL,bromide,0.61,30.0,,CONFORM
829,aubergines,99401923,aubergines,30‐1‐2024,Landcode onbekend,LIDL,fenpyrazamine,0.0051,3.0,,CONFORM
830,aubergines,99401923,aubergines,30‐1‐2024,Landcode onbekend,LIDL,flupyradifurone,0.075,1.0,,CONFORM
831,aubergines,99401923,aubergines,30‐1‐2024,Landcode onbekend,LIDL,koper,0.41,5.0,,CONFORM
832,aubergines,99401923,aubergines,30‐1‐2024,Landcode onbekend,LIDL,Overige bestrijdingsmiddelen,,,,CONFORM
833,aubergines,99402296,Aubergines,6‐2‐2024,Spanje,JUMBO SUPERMARKT,bromide,1.9,30.0,,CONFORM
834,aubergines,99402296,Aubergines,6‐2‐2024,Spanje,JUMBO SUPERMARKT,captan (som),0.018,0.03,,CONFORM
835,aubergines,99402296,Aubergines,6‐2‐2024,Spanje,JUMBO SUPERMARKT,koper,0.29,5.0,,CONFORM
836,aubergines,99402296,Aubergines,6‐2‐2024,Spanje,JUMBO SUPERMARKT,Overige bestrijdingsmiddelen,,,,CONFORM
837,aubergines,99414391,Aubergines,16‐1‐2024,Spanje,LIDL,bromide,0.89,30.0,,CONFORM
838,aubergines,99414391,Aubergines,16‐1‐2024,Spanje,LIDL,cyprodinil,0.11,1.5,,CONFORM
839,aubergines,99414391,Aubergines,16‐1‐2024,Spanje,LIDL,difenoconazool,0.025,0.6,,CONFORM
840,aubergines,99414391,Aubergines,16‐1‐2024,Spanje,LIDL,fludioxonil,0.035,0.4,,CONFORM
841,aubergines,99414391,Aubergines,16‐1‐2024,Spanje,LIDL,koper,0.57,5.0,,CONFORM
842,aubergines,99414391,Aubergines,16‐1‐2024,Spanje,LIDL,Overige bestrijdingsmiddelen,,,,CONFORM
843,aubergines,99414812,aubergines,24‐1‐2024,Spanje,COOP ALMELO,bromide,1.1,30.0,,CONFORM
844,aubergines,99414812,aubergines,24‐1‐2024,Spanje,COOP ALMELO,fluopyram,0.018,0.4,,CONFORM
845,aubergines,99414812,aubergines,24‐1‐2024,Spanje,COOP ALMELO,koper,0.49,5.0,,CONFORM
846,aubergines,99414812,aubergines,24‐1‐2024,Spanje,COOP ALMELO,Overige bestrijdingsmiddelen,,,,CONFORM
847,aubergines,99415096,aubergines,30‐1‐2024,Spanje,DIRK,bromide,0.62,30.0,,CONFORM
848,aubergines,99415096,aubergines,30‐1‐2024,Spanje,DIRK,fluopyram,0.011,0.4,,CONFORM
849,aubergines,99415096,aubergines,30‐1‐2024,Spanje,DIRK,koper,0.35,5.0,,CONFORM
850,aubergines,99415096,aubergines,30‐1‐2024,Spanje,DIRK,Overige bestrijdingsmiddelen,,,,CONFORM
851,aubergines,99415762,aubergines,7‐2‐2024,Spanje,"ALBERT HEIJN, TJ VOSSELMAN SUPERMARKT T.H.O.D.N.",bromide,2.0,30.0,,CONFORM
852,aubergines,99415762,aubergines,7‐2‐2024,Spanje,"ALBERT HEIJN, TJ VOSSELMAN SUPERMARKT T.H.O.D.N.",cyprodinil,0.031,1.5,,CONFORM
853,aubergines,99415762,aubergines,7‐2‐2024,Spanje,"ALBERT HEIJN, TJ VOSSELMAN SUPERMARKT T.H.O.D.N.",fludioxonil,0.012,0.4,,CONFORM
854,aubergines,99415762,aubergines,7‐2‐2024,Spanje,"ALBERT HEIJN, TJ VOSSELMAN SUPERMARKT T.H.O.D.N.",fluopyram,0.013,0.4,,CONFORM
855,aubergines,99415762,aubergines,7‐2‐2024,Spanje,"ALBERT HEIJN, TJ VOSSELMAN SUPERMARKT T.H.O.D.N.",koper,0.48,5.0,,CONFORM
856,aubergines,99415762,aubergines,7‐2‐2024,Spanje,"ALBERT HEIJN, TJ VOSSELMAN SUPERMARKT T.H.O.D.N.",metrafenon,0.0068,0.6,,CONFORM
857,aubergines,99415762,aubergines,7‐2‐2024,Spanje,"ALBERT HEIJN, TJ VOSSELMAN SUPERMARKT T.H.O.D.N.",Overige bestrijdingsmiddelen,,,,CONFORM
858,aubergines,99419881,Jumbo aubergines verpakt,23‐1‐2024,Spanje,JUMBO SUPERMARKT,bromide,0.76,30.0,,CONFORM
859,aubergines,99419881,Jumbo aubergines verpakt,23‐1‐2024,Spanje,JUMBO SUPERMARKT,cyprodinil,0.026,1.5,,CONFORM
860,aubergines,99419881,Jumbo aubergines verpakt,23‐1‐2024,Spanje,JUMBO SUPERMARKT,fludioxonil,0.015,0.4,,CONFORM
861,aubergines,99419881,Jumbo aubergines verpakt,23‐1‐2024,Spanje,JUMBO SUPERMARKT,fluopyram,0.0074,0.4,,CONFORM
862,aubergines,99419881,Jumbo aubergines verpakt,23‐1‐2024,Spanje,JUMBO SUPERMARKT,koper,0.41,5.0,,CONFORM
863,aubergines,99419881,Jumbo aubergines verpakt,23‐1‐2024,Spanje,JUMBO SUPERMARKT,Overige bestrijdingsmiddelen,,,,CONFORM
864,aubergines,99420669,Aubergine 300gr,6‐2‐2024,Spanje,ALDI MARKT,acetamiprid,0.028,0.2,,CONFORM
865,aubergines,99420669,Aubergine 300gr,6‐2‐2024,Spanje,ALDI MARKT,bromide,1.1,30.0,,CONFORM
866,aubergines,99420669,Aubergine 300gr,6‐2‐2024,Spanje,ALDI MARKT,difenoconazool,0.019,0.6,,CONFORM
867,aubergines,99420669,Aubergine 300gr,6‐2‐2024,Spanje,ALDI MARKT,koper,0.41,5.0,,CONFORM
868,aubergines,99420669,Aubergine 300gr,6‐2‐2024,Spanje,ALDI MARKT,spiromesifen,0.012,0.5,,CONFORM
869,aubergines,99420669,Aubergine 300gr,6‐2‐2024,Spanje,ALDI MARKT,Overige bestrijdingsmiddelen,,,,CONFORM
870,aubergines,99634782,"Aubergines, Klasse I, Tehlma",24‐1‐2024,Spanje,LIDL,bromide,0.44,30.0,,CONFORM
871,aubergines,99634782,"Aubergines, Klasse I, Tehlma",24‐1‐2024,Spanje,LIDL,cyflufenamid,0.0077,0.02,,CONFORM
872,aubergines,99634782,"Aubergines, Klasse I, Tehlma",24‐1‐2024,Spanje,LIDL,difenoconazool,0.053,0.6,,CONFORM
873,aubergines,99634782,"Aubergines, Klasse I, Tehlma",24‐1‐2024,Spanje,LIDL,fenpyrazamine,0.14,3.0,,CONFORM
874,aubergines,99634782,"Aubergines, Klasse I, Tehlma",24‐1‐2024,Spanje,LIDL,koper,0.63,5.0,,CONFORM
875,aubergines,99634782,"Aubergines, Klasse I, Tehlma",24‐1‐2024,Spanje,LIDL,Overige bestrijdingsmiddelen,,,,CONFORM
876,aubergines,99635657,Aubergine,7‐2‐2024,Landcode onbekend,DIRK VAN DER BROEK,acetamiprid,0.094,0.2,,CONFORM
877,aubergines,99635657,Aubergine,7‐2‐2024,Landcode onbekend,DIRK VAN DER BROEK,bromide,1.7,30.0,,CONFORM
878,aubergines,99635657,Aubergine,7‐2‐2024,Landcode onbekend,DIRK VAN DER BROEK,koper,0.43,5.0,,CONFORM
879,aubergines,99635657,Aubergine,7‐2‐2024,Landcode onbekend,DIRK VAN DER BROEK,pyriproxyfen,0.0061,1.0,,CONFORM
880,aubergines,99635657,Aubergine,7‐2‐2024,Landcode onbekend,DIRK VAN DER BROEK,Overige bestrijdingsmiddelen,,,,CONFORM
881,aubergines,99642475,Aubergine,3‐1‐2024,Nederland,ALBERT HEIJN,azoxystrobin,0.0084,3.0,,CONFORM
882,aubergines,99642475,Aubergine,3‐1‐2024,Nederland,ALBERT HEIJN,bromide,4.9,30.0,,CONFORM
883,aubergines,99642475,Aubergine,3‐1‐2024,Nederland,ALBERT HEIJN,koper,0.59,5.0,,CONFORM
884,aubergines,99642475,Aubergine,3‐1‐2024,Nederland,ALBERT HEIJN,pyrimethanil,0.0051,1.0,,CONFORM
885,aubergines,99642475,Aubergine,3‐1‐2024,Nederland,ALBERT HEIJN,spirotetramat (som),0.017,1.0,,CONFORM
886,aubergines,99642475,Aubergine,3‐1‐2024,Nederland,ALBERT HEIJN,Overige bestrijdingsmiddelen,,,,CONFORM
887,aubergines,99642785,Aubergine,11‐1‐2024,Spanje,LIDL,acetamiprid,0.024,0.2,,CONFORM
888,aubergines,99642785,Aubergine,11‐1‐2024,Spanje,LIDL,bromide,0.37,30.0,,CONFORM
889,aubergines,99642785,Aubergine,11‐1‐2024,Spanje,LIDL,captan (som),0.013,0.03,,CONFORM
890,aubergines,99642785,Aubergine,11‐1‐2024,Spanje,LIDL,fluopyram,0.0086,0.4,,CONFORM
891,aubergines,99642785,Aubergine,11‐1‐2024,Spanje,LIDL,koper,0.41,5.0,,CONFORM
892,aubergines,99642785,Aubergine,11‐1‐2024,Spanje,LIDL,Overige bestrijdingsmiddelen,,,,CONFORM
893,aubergines,99643447,"Aubergine, Sortering: 300‐400g",17‐1‐2024,Spanje,PLUS DE WEERD,cyprodinil,0.089,1.5,,CONFORM
894,aubergines,99643447,"Aubergine, Sortering: 300‐400g",17‐1‐2024,Spanje,PLUS DE WEERD,fludioxonil,0.053,0.4,,CONFORM
895,aubergines,99643447,"Aubergine, Sortering: 300‐400g",17‐1‐2024,Spanje,PLUS DE WEERD,Overige bestrijdingsmiddelen,,,,CONFORM
896,aubergines,99648619,Aubergine,4‐1‐2024,Spanje,JUMBO SUPERMARKT,bromide,6.1,30.0,,CONFORM
897,aubergines,99648619,Aubergine,4‐1‐2024,Spanje,JUMBO SUPERMARKT,bupirimaat,0.051,1.5,,CONFORM
898,aubergines,99648619,Aubergine,4‐1‐2024,Spanje,JUMBO SUPERMARKT,ethirimol,0.0069,0.1,,CONFORM
899,aubergines,99648619,Aubergine,4‐1‐2024,Spanje,JUMBO SUPERMARKT,fluopyram,0.044,0.4,,CONFORM
900,aubergines,99648619,Aubergine,4‐1‐2024,Spanje,JUMBO SUPERMARKT,koper,0.55,5.0,,CONFORM
901,aubergines,99648619,Aubergine,4‐1‐2024,Spanje,JUMBO SUPERMARKT,Overige bestrijdingsmiddelen,,,,CONFORM
902,aubergines,99658762,Aubergine,2‐1‐2024,Spanje,ALDI MARKT,boscalid,0.011,3.0,,CONFORM
903,aubergines,99658762,Aubergine,2‐1‐2024,Spanje,ALDI MARKT,bromide,4.4,30.0,,CONFORM
904,aubergines,99658762,Aubergine,2‐1‐2024,Spanje,ALDI MARKT,difenoconazool,0.033,0.6,,CONFORM
905,aubergines,99658762,Aubergine,2‐1‐2024,Spanje,ALDI MARKT,fluopyram,0.014,0.4,,CONFORM
906,aubergines,99658762,Aubergine,2‐1‐2024,Spanje,ALDI MARKT,koper,0.59,5.0,,CONFORM
907,aubergines,99658762,Aubergine,2‐1‐2024,Spanje,ALDI MARKT,spiromesifen,0.029,0.5,,CONFORM
908,aubergines,99658762,Aubergine,2‐1‐2024,Spanje,ALDI MARKT,Overige bestrijdingsmiddelen,,,,CONFORM
909,aubergines,99659165,aubergines 5st,10‐1‐2024,Spanje,PLUS LEUSINK,bromide,4.4,30.0,,CONFORM
910,aubergines,99659165,aubergines 5st,10‐1‐2024,Spanje,PLUS LEUSINK,fenpyrazamine,0.014,3.0,,CONFORM
911,aubergines,99659165,aubergines 5st,10‐1‐2024,Spanje,PLUS LEUSINK,fluopyram,0.098,0.4,,CONFORM
912,aubergines,99659165,aubergines 5st,10‐1‐2024,Spanje,PLUS LEUSINK,flupyradifurone,0.018,1.0,,CONFORM
913,aubergines,99659165,aubergines 5st,10‐1‐2024,Spanje,PLUS LEUSINK,koper,0.53,5.0,,CONFORM
914,aubergines,99659165,aubergines 5st,10‐1‐2024,Spanje,PLUS LEUSINK,Overige bestrijdingsmiddelen,,,,CONFORM
915,aubergines,99659939,AH aubergines los,17‐1‐2024,Spanje,ALBERT HEIJN,azoxystrobin,0.011,3.0,,CONFORM
916,aubergines,99659939,AH aubergines los,17‐1‐2024,Spanje,ALBERT HEIJN,bromide,0.24,30.0,,CONFORM
917,aubergines,99659939,AH aubergines los,17‐1‐2024,Spanje,ALBERT HEIJN,fluopyram,0.012,0.4,,CONFORM
918,aubergines,99659939,AH aubergines los,17‐1‐2024,Spanje,ALBERT HEIJN,koper,0.37,5.0,,CONFORM
919,aubergines,99659939,AH aubergines los,17‐1‐2024,Spanje,ALBERT HEIJN,Overige bestrijdingsmiddelen,,,,CONFORM
920,avocados,86757834,Avocado,18‐3‐2024,Israël,FARMHOUSE INTERNATIONAL B.V.,Overige bestrijdingsmiddelen,,,,CONFORM
921,avocados,86757842,Avocado,18‐3‐2024,Israël,FARMHOUSE INTERNATIONAL B.V.,Overige bestrijdingsmiddelen,,,,CONFORM
922,avocados,86758865,Avocado's,8‐4‐2024,Colombia,QUALITY PRODUCE INTERNATIONAL (QPI),thiabendazool,0.55,20.0,,CONFORM
923,avocados,86758865,Avocado's,8‐4‐2024,Colombia,QUALITY PRODUCE INTERNATIONAL (QPI),Overige bestrijdingsmiddelen,,,,CONFORM
924,avocados,86758873,Avocado's,8‐4‐2024,Colombia,QUALITY PRODUCE INTERNATIONAL (QPI),thiabendazool,0.29,20.0,,CONFORM
925,avocados,86758873,Avocado's,8‐4‐2024,Colombia,QUALITY PRODUCE INTERNATIONAL (QPI),Overige bestrijdingsmiddelen,,,,CONFORM
926,avocados,86759071,Avocado,15‐4‐2024,Israël,HOLLANDER BARENDRECHT B.V.,Overige bestrijdingsmiddelen,,,,CONFORM
927,avocados,86759179,Eetrijp Avocado,15‐4‐2024,Israël,HOLLANDER BARENDRECHT B.V.,Overige bestrijdingsmiddelen,,,,CONFORM
928,avocados,86779773,Avocado,19‐6‐2024,Colombia,DISTRIBUTIECENTRUM ALBERT HEIJN,thiabendazool,0.12,20.0,,CONFORM
929,avocados,86779773,Avocado,19‐6‐2024,Colombia,DISTRIBUTIECENTRUM ALBERT HEIJN,Overige bestrijdingsmiddelen,,,,CONFORM
930,avocados,86781441,Avocado,26‐6‐2024,Zuid Afrika,LIDL,thiabendazool,0.061,20.0,,CONFORM
931,avocados,86781441,Avocado,26‐6‐2024,Zuid Afrika,LIDL,Overige bestrijdingsmiddelen,,,,CONFORM
932,avocados,86781883,Avocado,2‐9‐2024,Dominicaanse Republiek,BEL IMPEX,Overige bestrijdingsmiddelen,,,,CONFORM
933,avocados,86782472,Avocado,30‐9‐2024,Colombia,V.O.F. GROOTHANDEL W. VAN GULIK,thiabendazool,1.2,20.0,,CONFORM
934,avocados,86782472,Avocado,30‐9‐2024,Colombia,V.O.F. GROOTHANDEL W. VAN GULIK,Overige bestrijdingsmiddelen,,,,CONFORM
935,avocados,86782545,Avocado ready to eat,30‐9‐2024,Guatemala,HARVA INTERNATIONAL,Overige bestrijdingsmiddelen,,,,CONFORM
936,avocados,86797372,Avocados Hass,26‐3‐2024,Peru,VAN GELDER RIDDERKERK B.V.,Overige bestrijdingsmiddelen,,,,CONFORM
937,avocados,86800772,Avocado,1‐7‐2024,Peru,ORKIDE EXOTICS B.V.,fenylfenol‐2,0.006,0.01,,CONFORM
938,avocados,86800772,Avocado,1‐7‐2024,Peru,ORKIDE EXOTICS B.V.,Overige bestrijdingsmiddelen,,,,CONFORM
939,avocados,86802252,HASS Avocado,19‐1‐2024,Colombia,QUALITY PRODUCE INTERNATIONAL (QPI),prochloraz (som),0.021,7.0,,CONFORM
940,avocados,86802252,HASS Avocado,19‐1‐2024,Colombia,QUALITY PRODUCE INTERNATIONAL (QPI),thiabendazool,0.84,20.0,,CONFORM
941,avocados,86802252,HASS Avocado,19‐1‐2024,Colombia,QUALITY PRODUCE INTERNATIONAL (QPI),Overige bestrijdingsmiddelen,,,,CONFORM
942,avocados,86802317,Avocado,19‐1‐2024,Guatemala,NEW GREEN B.V.,cyhalothrin‐lambda,0.0078,0.01,,CONFORM
943,avocados,86802317,Avocado,19‐1‐2024,Guatemala,NEW GREEN B.V.,Overige bestrijdingsmiddelen,,,,CONFORM
944,avocados,86803372,Avocado's,14‐2‐2024,Israël,ALDI ZOETERMEER B.V.,Overige bestrijdingsmiddelen,,,,CONFORM
945,avocados,86803909,avocado eetrijp,4‐3‐2024,Colombia,VOMAR (DC),captan (som),0.013,0.03,,CONFORM
946,avocados,86803909,avocado eetrijp,4‐3‐2024,Colombia,VOMAR (DC),Overige bestrijdingsmiddelen,,,,CONFORM
947,avocados,86808919,avocades,30‐9‐2024,Landcode onbekend,DE GOUDEN MANDARIJN B.V.,thiabendazool,0.66,20.0,,CONFORM
948,avocados,86808919,avocades,30‐9‐2024,Landcode onbekend,DE GOUDEN MANDARIJN B.V.,Overige bestrijdingsmiddelen,,,,CONFORM
949,avocados,86809427,avocados,27‐5‐2024,Kenia,UDEA B.V. (HOOFDKANTOOR),Overige bestrijdingsmiddelen,,,,CONFORM
950,avocados,86815656,avocado,13‐5‐2024,Spanje,RUSTENBURG GROOTHANDEL B.V.,Overige bestrijdingsmiddelen,,,,CONFORM
951,avocados,86823543,Avocado,3‐6‐2024,Kenia,BOON FOOD GROUP BV,thiabendazool,0.0058,20.0,,CONFORM
952,avocados,86823543,Avocado,3‐6‐2024,Kenia,BOON FOOD GROUP BV,Overige bestrijdingsmiddelen,,,,CONFORM
953,avocados,86823756,Avocado,14‐6‐2024,Zuid Afrika,AGF SIERE B.V.,prochloraz (som),0.028,7.0,,CONFORM
954,avocados,86823756,Avocado,14‐6‐2024,Zuid Afrika,AGF SIERE B.V.,thiabendazool,0.037,20.0,,CONFORM
955,avocados,86823756,Avocado,14‐6‐2024,Zuid Afrika,AGF SIERE B.V.,Overige bestrijdingsmiddelen,,,,CONFORM
956,avocados,86832712,avocados,28‐10‐2024,Tanzania,EOSTA B.V.,chloorpyrifos‐ethyl,0.01,0.01,,CONFORM
957,avocados,86832712,avocados,28‐10‐2024,Tanzania,EOSTA B.V.,Overige bestrijdingsmiddelen,,,,CONFORM
958,avocados,86832747,avocades,28‐10‐2024,Chili,COMBILO B.V.,thiabendazool,0.39,20.0,,CONFORM
959,avocados,86832747,avocades,28‐10‐2024,Chili,COMBILO B.V.,Overige bestrijdingsmiddelen,,,,CONFORM
960,avocados,86844044,Avocado,28‐10‐2024,Oeganda,BUTT INTERNATIONAL IMPORT & EXPORT,Overige bestrijdingsmiddelen,,,,CONFORM
961,avocados,86844192,Avocado,4‐11‐2024,Peru,JUNIOR FRUIT B.V.,thiabendazool,0.046,20.0,,CONFORM
962,avocados,86844192,Avocado,4‐11‐2024,Peru,JUNIOR FRUIT B.V.,Overige bestrijdingsmiddelen,,,,CONFORM
963,avocados,86845644,Avocado,19‐11‐2024,Chili,VAN GEEST INTERNATIONAL B.V.,thiabendazool,0.02,20.0,,CONFORM
964,avocados,86845644,Avocado,19‐11‐2024,Chili,VAN GEEST INTERNATIONAL B.V.,Overige bestrijdingsmiddelen,,,,CONFORM
965,avocados,86846136,Avocado,23‐10‐2024,Chili,LIDL,thiabendazool,0.87,20.0,,CONFORM
966,avocados,86846136,Avocado,23‐10‐2024,Chili,LIDL,Overige bestrijdingsmiddelen,,,,CONFORM
967,avocados,86847884,Avocado,19‐8‐2024,Peru,DETAILRESULT LOGISTIEK,fludioxonil,0.0063,1.5,,CONFORM
968,avocados,86847884,Avocado,19‐8‐2024,Peru,DETAILRESULT LOGISTIEK,Overige bestrijdingsmiddelen,,,,CONFORM
969,avocados,86849674,Avocados,26‐8‐2024,Peru,THE GREENERY B.V.,fenylfenol‐2,0.013,0.01,,NIET CONFORM*
970,avocados,86849674,Avocados,26‐8‐2024,Peru,THE GREENERY B.V.,imazalil,0.0075,0.01,,CONFORM
971,avocados,86849674,Avocados,26‐8‐2024,Peru,THE GREENERY B.V.,thiabendazool,0.96,20.0,,CONFORM
972,avocados,86849674,Avocados,26‐8‐2024,Peru,THE GREENERY B.V.,Overige bestrijdingsmiddelen,,,,CONFORM
973,avocados,86849828,Avocado,26‐8‐2024,Israël,THE GREENERY B.V.,Overige bestrijdingsmiddelen,,,,CONFORM
974,avocados,86850532,Avocat,16‐10‐2024,Marokko,FIRMA VEENVLIET,Overige bestrijdingsmiddelen,,,,CONFORM
975,avocados,86850753,Avocado,10‐10‐2024,Peru,LIDL,Overige bestrijdingsmiddelen,,,,CONFORM
976,avocados,86850869,Avocado,16‐10‐2024,Colombia,FRUCO B.V.,thiabendazool,1.2,20.0,,CONFORM
977,avocados,86850869,Avocado,16‐10‐2024,Colombia,FRUCO B.V.,Overige bestrijdingsmiddelen,,,,CONFORM
978,avocados,86869233,avocades,17‐6‐2024,Zuid Afrika,JUMBO DISTRIBUTIECENTRUM,prochloraz (som),1.1,7.0,,CONFORM
979,avocados,86869233,avocades,17‐6‐2024,Zuid Afrika,JUMBO DISTRIBUTIECENTRUM,Overige bestrijdingsmiddelen,,,,CONFORM
980,avocados,86955423,Avocado,23‐1‐2024,Marokko,FRESH2YOU B.V.,Overige bestrijdingsmiddelen,,,,CONFORM
981,avocados,86956268,Avocado hass,8‐3‐2024,Colombia,DE GROOT FRUIT & VEGETABLES B.V.,cyhalothrin‐lambda,0.0096,0.01,,CONFORM
982,avocados,86956268,Avocado hass,8‐3‐2024,Colombia,DE GROOT FRUIT & VEGETABLES B.V.,thiabendazool,0.047,20.0,,CONFORM
983,avocados,86956268,Avocado hass,8‐3‐2024,Colombia,DE GROOT FRUIT & VEGETABLES B.V.,Overige bestrijdingsmiddelen,,,,CONFORM
984,avocados,86960508,avocado's,17‐9‐2024,Peru,DISTRIBUTIECENTRUM ALBERT HEIJN,Overige bestrijdingsmiddelen,,,,CONFORM
985,avocados,86975149,Avocado,26‐11‐2024,Chili,AGF SIERE B.V.,thiabendazool,1.3,20.0,,CONFORM
986,avocados,86975149,Avocado,26‐11‐2024,Chili,AGF SIERE B.V.,Overige bestrijdingsmiddelen,,,,CONFORM
987,avocados,99439521,"Avocado eetrijp, Variëteit: Hass",18‐6‐2024,Peru,O. SMEDING EN ZOON B.V.,thiabendazool,0.084,20.0,,CONFORM
988,avocados,99439521,"Avocado eetrijp, Variëteit: Hass",18‐6‐2024,Peru,O. SMEDING EN ZOON B.V.,Overige bestrijdingsmiddelen,,,,CONFORM
989,baby‐en kleutervoeding,86758245,BIO Groentenpuree met kip 8+ mnd,27‐3‐2024,Landcode onbekend,DIRK VAN DEN BROEK HOOFDKANTOOR,Overige bestrijdingsmiddelen,,,,CONFORM
990,baby‐en kleutervoeding,86758253,BIO Groentenpuree met kip 8+ maanden,27‐3‐2024,Landcode onbekend,DIRK VAN DEN BROEK HOOFDKANTOOR,Overige bestrijdingsmiddelen,,,,CONFORM
991,baby‐en kleutervoeding,86758296,BIO Tajine met kip 12+ mnd,27‐3‐2024,Landcode onbekend,DIRK VAN DEN BROEK HOOFDKANTOOR,Overige bestrijdingsmiddelen,,,,CONFORM
992,baby‐en kleutervoeding,86758318,BIO Tajine met kip 12+ mnd,27‐3‐2024,Landcode onbekend,DIRK VAN DEN BROEK HOOFDKANTOOR,Overige bestrijdingsmiddelen,,,,CONFORM
993,baby‐en kleutervoeding,86758342,BIO Kumpir met rundvlees 12+ maanden,27‐3‐2024,Landcode onbekend,DIRK VAN DEN BROEK HOOFDKANTOOR,Overige bestrijdingsmiddelen,,,,CONFORM
994,baby‐en kleutervoeding,86758369,BIO Kumpir met rundvlees 12+ maanden,27‐3‐2024,Landcode onbekend,DIRK VAN DEN BROEK HOOFDKANTOOR,Overige bestrijdingsmiddelen,,,,CONFORM
995,baby‐en kleutervoeding,86758393,Biomenu pompoen 4+ maanden,27‐3‐2024,Landcode onbekend,DIRK VAN DEN BROEK HOOFDKANTOOR,Overige bestrijdingsmiddelen,,,,CONFORM
996,baby‐en kleutervoeding,86758407,Biomenu pompoen 4+ maanden,27‐3‐2024,Landcode onbekend,DIRK VAN DEN BROEK HOOFDKANTOOR,Overige bestrijdingsmiddelen,,,,CONFORM
997,baby‐en kleutervoeding,86758431,Biomenu rijstschotel met kip 8+ maanden,27‐3‐2024,Landcode onbekend,DIRK VAN DEN BROEK HOOFDKANTOOR,Overige bestrijdingsmiddelen,,,,CONFORM
998,baby‐en kleutervoeding,86758458,Biomenu rijstschotel met kip 8+ maanden,27‐3‐2024,Landcode onbekend,DIRK VAN DEN BROEK HOOFDKANTOOR,Overige bestrijdingsmiddelen,,,,CONFORM
999,baby‐en kleutervoeding,86758482,Bloemkool Aardappel Ei 12+ maanden,27‐3‐2024,Landcode onbekend,DIRK VAN DEN BROEK HOOFDKANTOOR,BACs (som),0.0015,0.01,,CONFORM
1000,baby‐en kleutervoeding,86758482,Bloemkool Aardappel Ei 12+ maanden,27‐3‐2024,Landcode onbekend,DIRK VAN DEN BROEK HOOFDKANTOOR,Overige bestrijdingsmiddelen,,,,CONFORM
1001,baby‐en kleutervoeding,86758504,Bloemkool Aardappel Ei 12+ maanden,27‐3‐2024,Landcode onbekend,DIRK VAN DEN BROEK HOOFDKANTOOR,Overige bestrijdingsmiddelen,,,,CONFORM
1002,baby‐en kleutervoeding,86758547,Risotto Doperwten Kalkoen 18+ maanden,27‐3‐2024,Landcode onbekend,DIRK VAN DEN BROEK HOOFDKANTOOR,Overige bestrijdingsmiddelen,,,,CONFORM
1003,baby‐en kleutervoeding,86758555,Risotto Doperwten Kalkoen 18+ maanden,27‐3‐2024,Landcode onbekend,DIRK VAN DEN BROEK HOOFDKANTOOR,Overige bestrijdingsmiddelen,,,,CONFORM
1004,baby‐en kleutervoeding,86758598,Stoofschotel met kikkererwten en tomaat 8+ maanden,27‐3‐2024,Landcode onbekend,DIRK VAN DEN BROEK HOOFDKANTOOR,Overige bestrijdingsmiddelen,,,,CONFORM
1005,baby‐en kleutervoeding,86758601,Stoofschotel met kikkererwten en tomaat 8+ maanden,27‐3‐2024,Landcode onbekend,DIRK VAN DEN BROEK HOOFDKANTOOR,Overige bestrijdingsmiddelen,,,,CONFORM
1006,baby‐en kleutervoeding,86804867,"Bonbebe wortel,pastinaak,aardappel,kalkoen bio",9‐4‐2024,Landcode onbekend,POIESZ SUPERMARKTEN SNEEK B.V.,Overige bestrijdingsmiddelen,,,,CONFORM
1007,baby‐en kleutervoeding,86804875,"Bonbebe wortel,pastinaak,aardappel,kalkoen bio",9‐4‐2024,Landcode onbekend,POIESZ SUPERMARKTEN SNEEK B.V.,BACs (som),0.0011,0.01,,CONFORM
1008,baby‐en kleutervoeding,86804875,"Bonbebe wortel,pastinaak,aardappel,kalkoen bio",9‐4‐2024,Landcode onbekend,POIESZ SUPERMARKTEN SNEEK B.V.,Overige bestrijdingsmiddelen,,,,CONFORM
1009,baby‐en kleutervoeding,86866889,runderstoof,26‐3‐2024,Letland,PLUS RETAIL B.V.,Overige bestrijdingsmiddelen,,,,CONFORM
1010,baby‐en kleutervoeding,86866897,runderstoof,26‐3‐2024,Letland,PLUS RETAIL B.V.,Overige bestrijdingsmiddelen,,,,CONFORM
1011,baby‐en kleutervoeding,86866935,stamppotje met groenten,26‐3‐2024,Letland,PLUS RETAIL B.V.,Overige bestrijdingsmiddelen,,,,CONFORM
1012,baby‐en kleutervoeding,86866943,stamppotje met groenten,26‐3‐2024,Letland,PLUS RETAIL B.V.,Overige bestrijdingsmiddelen,,,,CONFORM
1013,baby‐en kleutervoeding,86866986,doperwten broccoli,26‐3‐2024,Polen,PLUS RETAIL B.V.,Overige bestrijdingsmiddelen,,,,CONFORM
1014,baby‐en kleutervoeding,86866994,doperwten broccoli,26‐3‐2024,Polen,PLUS RETAIL B.V.,Overige bestrijdingsmiddelen,,,,CONFORM
1015,baby‐en kleutervoeding,86867036,Kokoscurry met bloemkool,26‐3‐2024,Polen,PLUS RETAIL B.V.,Overige bestrijdingsmiddelen,,,,CONFORM
1016,baby‐en kleutervoeding,86867044,Kokoscurry met bloemkool,26‐3‐2024,Polen,PLUS RETAIL B.V.,Overige bestrijdingsmiddelen,,,,CONFORM
1017,baby‐en kleutervoeding,86867095,"pompoen,kip,pasta",26‐3‐2024,Polen,PLUS RETAIL B.V.,Overige bestrijdingsmiddelen,,,,CONFORM
1018,baby‐en kleutervoeding,86867125,"Spinazie,kip,aardappel",26‐3‐2024,Polen,PLUS RETAIL B.V.,Overige bestrijdingsmiddelen,,,,CONFORM
1019,baby‐en kleutervoeding,86867133,"Spinazie,kip,aardappel",26‐3‐2024,Polen,PLUS RETAIL B.V.,BACs (som),0.0008,0.01,,CONFORM
1020,baby‐en kleutervoeding,86867133,"Spinazie,kip,aardappel",26‐3‐2024,Polen,PLUS RETAIL B.V.,Overige bestrijdingsmiddelen,,,,CONFORM
1021,baby‐en kleutervoeding,86867176,"Olvarit 8M+ Appel,Banaan,Peer",26‐3‐2024,Polen,DISTRIBUTIECENTRUM ALBERT HEIJN,Overige bestrijdingsmiddelen,,,,CONFORM
1022,baby‐en kleutervoeding,86867184,"Olvarit 8M+ Appel,Banaan,Peer",26‐3‐2024,Polen,DISTRIBUTIECENTRUM ALBERT HEIJN,Overige bestrijdingsmiddelen,,,,CONFORM
1023,baby‐en kleutervoeding,86867214,AH Bio Bloemkool Groentehapje 4M+,26‐3‐2024,Duitsland,DISTRIBUTIECENTRUM ALBERT HEIJN,Overige bestrijdingsmiddelen,,,,CONFORM
1024,baby‐en kleutervoeding,86867222,AH Bio Bloemkool Groentehapje 4M+,26‐3‐2024,Duitsland,DISTRIBUTIECENTRUM ALBERT HEIJN,Overige bestrijdingsmiddelen,,,,CONFORM
1025,baby‐en kleutervoeding,86868008,"pompoen,kip,pasta",26‐3‐2024,Polen,PLUS RETAIL B.V.,Overige bestrijdingsmiddelen,,,,CONFORM
1026,baby‐en kleutervoeding,86996545,"Bonbebe pompoen,rijst,kip biologisch",26‐3‐2024,Landcode onbekend,DC COOP,Overige bestrijdingsmiddelen,,,,CONFORM
1027,baby‐en kleutervoeding,86996553,"Bonbebe pompoen,rijst,kip biologisch",26‐3‐2024,Landcode onbekend,DC COOP,Overige bestrijdingsmiddelen,,,,CONFORM
1028,baby‐en kleutervoeding,86996596,"Bonbebe wortel,doperwten,aardappel,rundvlees biologisch",26‐3‐2024,Landcode onbekend,DC COOP,Overige bestrijdingsmiddelen,,,,CONFORM
1029,baby‐en kleutervoeding,86996618,"Bonbebe wortel,doperwten,aardappel,rundvlees biologisch",26‐3‐2024,Landcode onbekend,DC COOP,Overige bestrijdingsmiddelen,,,,CONFORM
1030,baby‐en kleutervoeding,86996642,"olvarit broccoli,kalkoen,aardappel",26‐3‐2024,Landcode onbekend,DC COOP,Overige bestrijdingsmiddelen,,,,CONFORM
1031,baby‐en kleutervoeding,86996669,"olvarit broccoli,kalkoen,aardappel",26‐3‐2024,Landcode onbekend,DC COOP,Overige bestrijdingsmiddelen,,,,CONFORM
1032,baby‐en kleutervoeding,86996693,olvarit vegatarische bloemkoolschotel,26‐3‐2024,Landcode onbekend,DC COOP,Overige bestrijdingsmiddelen,,,,CONFORM
1033,baby‐en kleutervoeding,86996707,olvarit vegatarische bloemkoolschotel,26‐3‐2024,Landcode onbekend,DC COOP,Overige bestrijdingsmiddelen,,,,CONFORM
1034,baby‐en kleutervoeding,86997053,"Olvarit tomaat,ham,macaroni",9‐4‐2024,Landcode onbekend,POIESZ SUPERMARKTEN SNEEK B.V.,Overige bestrijdingsmiddelen,,,,CONFORM
1035,baby‐en kleutervoeding,86997061,"Olvarit tomaat,ham,macaroni",9‐4‐2024,Landcode onbekend,POIESZ SUPERMARKTEN SNEEK B.V.,Overige bestrijdingsmiddelen,,,,CONFORM
1036,baby‐en kleutervoeding,86997118,"Olvarit tomaat,witvis,pasta",9‐4‐2024,Landcode onbekend,POIESZ SUPERMARKTEN SNEEK B.V.,Overige bestrijdingsmiddelen,,,,CONFORM
1037,baby‐en kleutervoeding,86997126,"Olvarit tomaat,witvis,pasta",9‐4‐2024,Landcode onbekend,POIESZ SUPERMARKTEN SNEEK B.V.,Overige bestrijdingsmiddelen,,,,CONFORM
1038,baby‐en kleutervoeding,86997169,Bonbebe turkey spinach bio,9‐4‐2024,Landcode onbekend,POIESZ SUPERMARKTEN SNEEK B.V.,Overige bestrijdingsmiddelen,,,,CONFORM
1039,baby‐en kleutervoeding,86997177,Bonbebe turkey spinach bio,9‐4‐2024,Landcode onbekend,POIESZ SUPERMARKTEN SNEEK B.V.,chloraat,0.01,0.01,,CONFORM
1040,baby‐en kleutervoeding,86997177,Bonbebe turkey spinach bio,9‐4‐2024,Landcode onbekend,POIESZ SUPERMARKTEN SNEEK B.V.,Overige bestrijdingsmiddelen,,,,CONFORM
1041,babymais,86781905,Baby corn,4‐9‐2024,Thailand,HOOGSTEDER GROENTEN EN FRUIT B.V.,Overige bestrijdingsmiddelen,,,,CONFORM
1042,babyvoeding op basis van granen,86831457,nestle pyamapapje banaan,15‐10‐2024,Nederland,DISTRIBUTIECENTRUM ALBERT HEIJN,Overige bestrijdingsmiddelen,,,,CONFORM
1043,babyvoeding op basis van granen,86831538,organic farmanimatbisquits Bio 12M,15‐10‐2024,Nederland,DISTRIBUTIECENTRUM ALBERT HEIJN,Overige bestrijdingsmiddelen,,,,CONFORM
1044,babyvoeding op basis van granen,86842343,Olvarit Multigranen & Maisvlokken,15‐10‐2024,Nederland,D‐LOGISTIEK,Overige bestrijdingsmiddelen,,,,CONFORM
1045,babyvoeding op basis van granen,86842564,Olvarit Fijne Granen,15‐10‐2024,Nederland,D‐LOGISTIEK,Overige bestrijdingsmiddelen,,,,CONFORM
1046,babyvoeding op basis van granen,86842653,Nestle Baby cereals Multifruit,15‐10‐2024,Landcode onbekend,D‐LOGISTIEK,Overige bestrijdingsmiddelen,,,,CONFORM
1047,babyvoeding op basis van granen,86842661,Nestle PyjamaPapje Banaan,15‐10‐2024,Landcode onbekend,D‐LOGISTIEK,Overige bestrijdingsmiddelen,,,,CONFORM
1048,babyvoeding op basis van granen,86842823,Nestle PyjamaPapje Aardbei,15‐10‐2024,Landcode onbekend,D‐LOGISTIEK,Overige bestrijdingsmiddelen,,,,CONFORM
1049,babyvoeding op basis van granen,86842912,Nestle PyjamaPapje Vanillesmaak,15‐10‐2024,Landcode onbekend,D‐LOGISTIEK,Overige bestrijdingsmiddelen,,,,CONFORM
1050,babyvoeding op basis van granen,86843072,Nestle baby cereals Biscuit,15‐10‐2024,Landcode onbekend,D‐LOGISTIEK,Overige bestrijdingsmiddelen,,,,CONFORM
1051,babyvoeding op basis van granen,86895269,Organix Goodles Farm animal Bisquits bio 12 months,7‐10‐2024,Nederland,A.S. WATSON (HEALTH & BEAUTY CONTINENTAL EUROPE) B,Overige bestrijdingsmiddelen,,,,CONFORM
1052,babyvoeding op basis van granen,86895331,Kruidvat meergranen 12+ months Bio,7‐10‐2024,Nederland,A.S. WATSON (HEALTH & BEAUTY CONTINENTAL EUROPE) B,Overige bestrijdingsmiddelen,,,,CONFORM
1053,babyvoeding op basis van granen,86895439,Kruidvat Lichte Granen Pap 6+ months,7‐10‐2024,Nederland,A.S. WATSON (HEALTH & BEAUTY CONTINENTAL EUROPE) B,Overige bestrijdingsmiddelen,,,,CONFORM
1054,babyvoeding op basis van granen,86896117,Organix 6+Months Melty Baby Biscuits Bio,7‐10‐2024,Nederland,A.S. WATSON (HEALTH & BEAUTY CONTINENTAL EUROPE) B,Overige bestrijdingsmiddelen,,,,CONFORM
1055,babyvoeding op basis van granen,86896192,Baby Koekjes Biscuits,7‐10‐2024,Nederland,A.S. WATSON (HEALTH & BEAUTY CONTINENTAL EUROPE) B,Overige bestrijdingsmiddelen,,,,CONFORM
1056,babyvoeding op basis van granen,86961342,multigranen & maisvlokken. 15+ maanden,9‐10‐2024,Landcode onbekend,POIESZ SUPERMARKTEN SNEEK B.V.,Overige bestrijdingsmiddelen,,,,CONFORM
1057,babyvoeding op basis van granen,86961423,fijne granen. 6+ maanden,9‐10‐2024,Landcode onbekend,POIESZ SUPERMARKTEN SNEEK B.V.,Overige bestrijdingsmiddelen,,,,CONFORM
1058,babyvoeding op basis van granen,86997886,babypap 3 granen bio,8‐10‐2024,Landcode onbekend,ODIN DE NIEUWE BAND B.V.,Overige bestrijdingsmiddelen,,,,CONFORM
1059,babyvoeding op basis van granen,86997967,babypap spelt bio,8‐10‐2024,Landcode onbekend,ODIN DE NIEUWE BAND B.V.,Overige bestrijdingsmiddelen,,,,CONFORM
1060,babyvoeding op basis van granen,86998033,babypap gierst bio,8‐10‐2024,Landcode onbekend,ODIN DE NIEUWE BAND B.V.,Overige bestrijdingsmiddelen,,,,CONFORM
1061,babyvoeding op basis van granen,86998114,babypap muesli bio,8‐10‐2024,Landcode onbekend,ODIN DE NIEUWE BAND B.V.,Overige bestrijdingsmiddelen,,,,CONFORM
1062,babyvoeding op basis van granen,86998203,babypap havervlokken bio,8‐10‐2024,Landcode onbekend,ODIN DE NIEUWE BAND B.V.,Overige bestrijdingsmiddelen,,,,CONFORM
1063,bakbananen,86798204,BAKBANANEN,15‐4‐2024,Equador,BAKKER CENTRALE INKOOP,azoxystrobin,0.027,2.0,,CONFORM
1064,bakbananen,86798204,BAKBANANEN,15‐4‐2024,Equador,BAKKER CENTRALE INKOOP,thiabendazool,0.21,6.0,,CONFORM
1065,bakbananen,86798204,BAKBANANEN,15‐4‐2024,Equador,BAKKER CENTRALE INKOOP,Overige bestrijdingsmiddelen,,,,CONFORM
1066,bakbananen,86960583,bakbananen,17‐9‐2024,Equador,DISTRIBUTIECENTRUM ALBERT HEIJN,azoxystrobin,0.17,2.0,,CONFORM
1067,bakbananen,86960583,bakbananen,17‐9‐2024,Equador,DISTRIBUTIECENTRUM ALBERT HEIJN,chloorpyrifos‐ethyl,0.031,0.01,,NIET CONFORM
1068,bakbananen,86960583,bakbananen,17‐9‐2024,Equador,DISTRIBUTIECENTRUM ALBERT HEIJN,thiabendazool,0.4,6.0,,CONFORM
1069,bakbananen,86960583,bakbananen,17‐9‐2024,Equador,DISTRIBUTIECENTRUM ALBERT HEIJN,Overige bestrijdingsmiddelen,,,,CONFORM
1070,bakbananen,86998688,bakbananen,16‐10‐2024,Oeganda,ASIA EXPRESS FOOD B.V.,Overige bestrijdingsmiddelen,,,,CONFORM
1071,bakbananen,99396865,Gele bakbanaan,22‐8‐2024,Landcode onbekend,AMAZING ORIENTAL,azoxystrobin,0.17,2.0,,CONFORM
1072,bakbananen,99396865,Gele bakbanaan,22‐8‐2024,Landcode onbekend,AMAZING ORIENTAL,bifenthrin,0.0069,0.1,,CONFORM
1073,bakbananen,99396865,Gele bakbanaan,22‐8‐2024,Landcode onbekend,AMAZING ORIENTAL,koper,0.74,20.0,,CONFORM
1074,bakbananen,99396865,Gele bakbanaan,22‐8‐2024,Landcode onbekend,AMAZING ORIENTAL,pyriproxyfen,0.073,0.7,,CONFORM
1075,bakbananen,99396865,Gele bakbanaan,22‐8‐2024,Landcode onbekend,AMAZING ORIENTAL,Overige bestrijdingsmiddelen,,,,CONFORM
1076,bananen,86757958,Biologische bananen,20‐3‐2024,Equador,O. SMEDING EN ZOON B.V.,spinosad,0.039,2.0,,CONFORM
1077,bananen,86757958,Biologische bananen,20‐3‐2024,Equador,O. SMEDING EN ZOON B.V.,Overige bestrijdingsmiddelen,,,,CONFORM
1078,bananen,86809575,bananen,29‐5‐2024,Costa Rica,DISTRIBUTIECENTRUM ALBERT HEIJN,azoxystrobin,0.47,2.0,,CONFORM
1079,bananen,86809575,bananen,29‐5‐2024,Costa Rica,DISTRIBUTIECENTRUM ALBERT HEIJN,bifenthrin,0.017,0.1,,CONFORM
1080,bananen,86809575,bananen,29‐5‐2024,Costa Rica,DISTRIBUTIECENTRUM ALBERT HEIJN,fenpropimorf,0.0059,0.6,,CONFORM
1081,bananen,86809575,bananen,29‐5‐2024,Costa Rica,DISTRIBUTIECENTRUM ALBERT HEIJN,pyriproxyfen,0.12,0.7,,CONFORM
1082,bananen,86809575,bananen,29‐5‐2024,Costa Rica,DISTRIBUTIECENTRUM ALBERT HEIJN,thiabendazool,0.56,6.0,,CONFORM
1083,bananen,86809575,bananen,29‐5‐2024,Costa Rica,DISTRIBUTIECENTRUM ALBERT HEIJN,Overige bestrijdingsmiddelen,,,,CONFORM
1084,bananen,86811243,bananen,6‐3‐2024,Dominicaanse Republiek,UDEA B.V. (HOOFDKANTOOR),Overige bestrijdingsmiddelen,,,,CONFORM
1085,bananen,86896397,fair trade junior bananas,8‐10‐2024,Ghana,ALDI DISTRIBUTIECENTRUM,azoxystrobin,0.028,2.0,,CONFORM
1086,bananen,86896397,fair trade junior bananas,8‐10‐2024,Ghana,ALDI DISTRIBUTIECENTRUM,boscalid,0.04,0.6,,CONFORM
1087,bananen,86896397,fair trade junior bananas,8‐10‐2024,Ghana,ALDI DISTRIBUTIECENTRUM,myclobutanil,0.031,3.0,,CONFORM
1088,bananen,86896397,fair trade junior bananas,8‐10‐2024,Ghana,ALDI DISTRIBUTIECENTRUM,Overige bestrijdingsmiddelen,,,,CONFORM
1089,bananen,86924048,IP IQF Bananenschijf,25‐3‐2024,Equador,VAN ES FOODS INTERNATIONAL,captan (som),0.035,0.03,,NIET CONFORM*
1090,bananen,86924048,IP IQF Bananenschijf,25‐3‐2024,Equador,VAN ES FOODS INTERNATIONAL,Overige bestrijdingsmiddelen,,,,CONFORM
1091,bananen,86997622,bananen bio+,30‐9‐2024,Equador,O. SMEDING EN ZOON B.V.,Overige bestrijdingsmiddelen,,,,CONFORM
1092,bananen,99181524,Banaan,29‐8‐2024,Landcode onbekend,EKOPLAZA (KRUISSTRAAT),koper,0.75,20.0,,CONFORM
1093,bananen,99181524,Banaan,29‐8‐2024,Landcode onbekend,EKOPLAZA (KRUISSTRAAT),spinosad,0.0053,2.0,,CONFORM
1094,bananen,99181524,Banaan,29‐8‐2024,Landcode onbekend,EKOPLAZA (KRUISSTRAAT),Overige bestrijdingsmiddelen,,,,CONFORM
1095,bananen,99389265,bananen,9‐1‐2024,Costa Rica,ALBERT HEIJN XL,azoxystrobin,0.21,2.0,,CONFORM
1096,bananen,99389265,bananen,9‐1‐2024,Costa Rica,ALBERT HEIJN XL,bifenthrin,0.046,0.1,,CONFORM
1097,bananen,99389265,bananen,9‐1‐2024,Costa Rica,ALBERT HEIJN XL,bromide,3.9,50.0,,CONFORM
1098,bananen,99389265,bananen,9‐1‐2024,Costa Rica,ALBERT HEIJN XL,koper,0.84,20.0,,CONFORM
1099,bananen,99389265,bananen,9‐1‐2024,Costa Rica,ALBERT HEIJN XL,pyriproxyfen,0.31,0.7,,CONFORM
1100,bananen,99389265,bananen,9‐1‐2024,Costa Rica,ALBERT HEIJN XL,thiabendazool,0.29,6.0,,CONFORM
1101,bananen,99389265,bananen,9‐1‐2024,Costa Rica,ALBERT HEIJN XL,Overige bestrijdingsmiddelen,,,,CONFORM
1102,bananen,99390174,bananen,6‐2‐2024,Colombia,COOP MAASBREE,azoxystrobin,0.074,2.0,,CONFORM
1103,bananen,99390174,bananen,6‐2‐2024,Colombia,COOP MAASBREE,bromide,1.1,50.0,,CONFORM
1104,bananen,99390174,bananen,6‐2‐2024,Colombia,COOP MAASBREE,koper,0.77,20.0,,CONFORM
1105,bananen,99390174,bananen,6‐2‐2024,Colombia,COOP MAASBREE,thiabendazool,0.086,6.0,,CONFORM
1106,bananen,99390174,bananen,6‐2‐2024,Colombia,COOP MAASBREE,Overige bestrijdingsmiddelen,,,,CONFORM
1107,bananen,99399694,BANANEN,16‐1‐2024,Colombia,ALDI MARKT,azoxystrobin,0.23,2.0,,CONFORM
1108,bananen,99399694,BANANEN,16‐1‐2024,Colombia,ALDI MARKT,bromide,0.14,50.0,,CONFORM
1109,bananen,99399694,BANANEN,16‐1‐2024,Colombia,ALDI MARKT,koper,0.76,20.0,,CONFORM
1110,bananen,99399694,BANANEN,16‐1‐2024,Colombia,ALDI MARKT,myclobutanil,0.18,3.0,,CONFORM
1111,bananen,99399694,BANANEN,16‐1‐2024,Colombia,ALDI MARKT,Overige bestrijdingsmiddelen,,,,CONFORM
1112,bananen,99401613,Fairtraide Bananen,23‐1‐2024,Colombia,PLUS BECKERS,azoxystrobin,0.033,2.0,,CONFORM
1113,bananen,99401613,Fairtraide Bananen,23‐1‐2024,Colombia,PLUS BECKERS,koper,0.69,20.0,,CONFORM
1114,bananen,99401613,Fairtraide Bananen,23‐1‐2024,Colombia,PLUS BECKERS,thiabendazool,0.059,6.0,,CONFORM
1115,bananen,99401613,Fairtraide Bananen,23‐1‐2024,Colombia,PLUS BECKERS,Overige bestrijdingsmiddelen,,,,CONFORM
1116,bananen,99401893,BIO Bananen Fairtrade,30‐1‐2024,Landcode onbekend,LIDL,bromide,0.54,50.0,,CONFORM
1117,bananen,99401893,BIO Bananen Fairtrade,30‐1‐2024,Landcode onbekend,LIDL,koper,0.84,20.0,,CONFORM
1118,bananen,99401893,BIO Bananen Fairtrade,30‐1‐2024,Landcode onbekend,LIDL,Overige bestrijdingsmiddelen,,,,CONFORM
1119,bananen,99402245,bananen DOLE,6‐2‐2024,Colombia,JUMBO SUPERMARKT,azoxystrobin,0.37,2.0,,CONFORM
1120,bananen,99402245,bananen DOLE,6‐2‐2024,Colombia,JUMBO SUPERMARKT,bifenthrin,0.028,0.1,,CONFORM
1121,bananen,99402245,bananen DOLE,6‐2‐2024,Colombia,JUMBO SUPERMARKT,bromide,0.72,50.0,,CONFORM
1122,bananen,99402245,bananen DOLE,6‐2‐2024,Colombia,JUMBO SUPERMARKT,fenpropimorf,0.014,0.6,,CONFORM
1123,bananen,99402245,bananen DOLE,6‐2‐2024,Colombia,JUMBO SUPERMARKT,koper,0.84,20.0,,CONFORM
1124,bananen,99402245,bananen DOLE,6‐2‐2024,Colombia,JUMBO SUPERMARKT,pyriproxyfen,0.23,0.7,,CONFORM
1125,bananen,99402245,bananen DOLE,6‐2‐2024,Colombia,JUMBO SUPERMARKT,Overige bestrijdingsmiddelen,,,,CONFORM
1126,bananen,99414472,bananen,16‐1‐2024,Colombia,LIDL,azoxystrobin,0.31,2.0,,CONFORM
1127,bananen,99414472,bananen,16‐1‐2024,Colombia,LIDL,bromide,0.38,50.0,,CONFORM
1128,bananen,99414472,bananen,16‐1‐2024,Colombia,LIDL,fenpropimorf,0.01,0.6,,CONFORM
1129,bananen,99414472,bananen,16‐1‐2024,Colombia,LIDL,koper,0.66,20.0,,CONFORM
1130,bananen,99414472,bananen,16‐1‐2024,Colombia,LIDL,myclobutanil,0.15,3.0,,CONFORM
1131,bananen,99414472,bananen,16‐1‐2024,Colombia,LIDL,Overige bestrijdingsmiddelen,,,,CONFORM
1132,bananen,99414839,Fair trade bananen,24‐1‐2024,Equador,COOP ALMELO,azoxystrobin,0.31,2.0,,CONFORM
1133,bananen,99414839,Fair trade bananen,24‐1‐2024,Equador,COOP ALMELO,koper,0.76,20.0,,CONFORM
1134,bananen,99414839,Fair trade bananen,24‐1‐2024,Equador,COOP ALMELO,pyriproxyfen,0.04,0.7,,CONFORM
1135,bananen,99414839,Fair trade bananen,24‐1‐2024,Equador,COOP ALMELO,thiabendazool,0.27,6.0,,CONFORM
1136,bananen,99414839,Fair trade bananen,24‐1‐2024,Equador,COOP ALMELO,Overige bestrijdingsmiddelen,,,,CONFORM
1137,bananen,99415053,Del Monte bananen,30‐1‐2024,Costa Rica,DIRK,azoxystrobin,0.19,2.0,,CONFORM
1138,bananen,99415053,Del Monte bananen,30‐1‐2024,Costa Rica,DIRK,bifenthrin,0.0093,0.1,,CONFORM
1139,bananen,99415053,Del Monte bananen,30‐1‐2024,Costa Rica,DIRK,bromide,0.36,50.0,,CONFORM
1140,bananen,99415053,Del Monte bananen,30‐1‐2024,Costa Rica,DIRK,fenpropimorf,0.024,0.6,,CONFORM
1141,bananen,99415053,Del Monte bananen,30‐1‐2024,Costa Rica,DIRK,koper,0.7,20.0,,CONFORM
1142,bananen,99415053,Del Monte bananen,30‐1‐2024,Costa Rica,DIRK,myclobutanil,0.1,3.0,,CONFORM
1143,bananen,99415053,Del Monte bananen,30‐1‐2024,Costa Rica,DIRK,pyriproxyfen,0.052,0.7,,CONFORM
1144,bananen,99415053,Del Monte bananen,30‐1‐2024,Costa Rica,DIRK,spirotetramat (som),0.22,0.4,,CONFORM
1145,bananen,99415053,Del Monte bananen,30‐1‐2024,Costa Rica,DIRK,Overige bestrijdingsmiddelen,,,,CONFORM
1146,bananen,99415797,AH Bananen,7‐2‐2024,Costa Rica,"ALBERT HEIJN, TJ VOSSELMAN SUPERMARKT T.H.O.D.N.",azoxystrobin,0.096,2.0,,CONFORM
1147,bananen,99415797,AH Bananen,7‐2‐2024,Costa Rica,"ALBERT HEIJN, TJ VOSSELMAN SUPERMARKT T.H.O.D.N.",bifenthrin,0.024,0.1,,CONFORM
1148,bananen,99415797,AH Bananen,7‐2‐2024,Costa Rica,"ALBERT HEIJN, TJ VOSSELMAN SUPERMARKT T.H.O.D.N.",bromide,0.82,50.0,,CONFORM
1149,bananen,99415797,AH Bananen,7‐2‐2024,Costa Rica,"ALBERT HEIJN, TJ VOSSELMAN SUPERMARKT T.H.O.D.N.",fenpropidin,0.0068,0.2,,CONFORM
1150,bananen,99415797,AH Bananen,7‐2‐2024,Costa Rica,"ALBERT HEIJN, TJ VOSSELMAN SUPERMARKT T.H.O.D.N.",fenpropimorf,0.0059,0.6,,CONFORM
1151,bananen,99415797,AH Bananen,7‐2‐2024,Costa Rica,"ALBERT HEIJN, TJ VOSSELMAN SUPERMARKT T.H.O.D.N.",fludioxonil,0.079,2.0,,CONFORM
1152,bananen,99415797,AH Bananen,7‐2‐2024,Costa Rica,"ALBERT HEIJN, TJ VOSSELMAN SUPERMARKT T.H.O.D.N.",koper,0.82,20.0,,CONFORM
1153,bananen,99415797,AH Bananen,7‐2‐2024,Costa Rica,"ALBERT HEIJN, TJ VOSSELMAN SUPERMARKT T.H.O.D.N.",pyriproxyfen,0.098,0.7,,CONFORM
1154,bananen,99415797,AH Bananen,7‐2‐2024,Costa Rica,"ALBERT HEIJN, TJ VOSSELMAN SUPERMARKT T.H.O.D.N.",Overige bestrijdingsmiddelen,,,,CONFORM
1155,bananen,99419911,Jumbo tros bananen verpakt,23‐1‐2024,Costa Rica,JUMBO SUPERMARKT,azoxystrobin,0.14,2.0,,CONFORM
1156,bananen,99419911,Jumbo tros bananen verpakt,23‐1‐2024,Costa Rica,JUMBO SUPERMARKT,bifenthrin,0.0063,0.1,,CONFORM
1157,bananen,99419911,Jumbo tros bananen verpakt,23‐1‐2024,Costa Rica,JUMBO SUPERMARKT,bromide,0.23,50.0,,CONFORM
1158,bananen,99419911,Jumbo tros bananen verpakt,23‐1‐2024,Costa Rica,JUMBO SUPERMARKT,koper,0.79,20.0,,CONFORM
1159,bananen,99419911,Jumbo tros bananen verpakt,23‐1‐2024,Costa Rica,JUMBO SUPERMARKT,pyriproxyfen,0.015,0.7,,CONFORM
1160,bananen,99419911,Jumbo tros bananen verpakt,23‐1‐2024,Costa Rica,JUMBO SUPERMARKT,spirotetramat (som),0.24,0.4,,CONFORM
1161,bananen,99419911,Jumbo tros bananen verpakt,23‐1‐2024,Costa Rica,JUMBO SUPERMARKT,Overige bestrijdingsmiddelen,,,,CONFORM
1162,bananen,99420715,Fairtrade junior bananen tros,6‐2‐2024,Ghana,ALDI MARKT,boscalid,0.063,0.6,,CONFORM
1163,bananen,99420715,Fairtrade junior bananen tros,6‐2‐2024,Ghana,ALDI MARKT,bromide,2.1,50.0,,CONFORM
1164,bananen,99420715,Fairtrade junior bananen tros,6‐2‐2024,Ghana,ALDI MARKT,captan (som),0.021,0.03,,CONFORM
1165,bananen,99420715,Fairtrade junior bananen tros,6‐2‐2024,Ghana,ALDI MARKT,koper,0.81,20.0,,CONFORM
1166,bananen,99420715,Fairtrade junior bananen tros,6‐2‐2024,Ghana,ALDI MARKT,Overige bestrijdingsmiddelen,,,,CONFORM
1167,bananen,99441623,Turbana bananen,20‐8‐2024,Colombia,ÖZEN FOOD MARKET,azoxystrobin,0.11,2.0,,CONFORM
1168,bananen,99441623,Turbana bananen,20‐8‐2024,Colombia,ÖZEN FOOD MARKET,fludioxonil,0.091,2.0,,CONFORM
1169,bananen,99441623,Turbana bananen,20‐8‐2024,Colombia,ÖZEN FOOD MARKET,koper,0.81,20.0,,CONFORM
1170,bananen,99441623,Turbana bananen,20‐8‐2024,Colombia,ÖZEN FOOD MARKET,Overige bestrijdingsmiddelen,,,,CONFORM
1171,bananen,99447508,bananen,27‐8‐2024,Colombia,OZ BAKTAT,azoxystrobin,0.21,2.0,,CONFORM
1172,bananen,99447508,bananen,27‐8‐2024,Colombia,OZ BAKTAT,fenpropimorf,0.011,0.6,,CONFORM
1173,bananen,99447508,bananen,27‐8‐2024,Colombia,OZ BAKTAT,fludioxonil,0.13,2.0,,CONFORM
1174,bananen,99447508,bananen,27‐8‐2024,Colombia,OZ BAKTAT,koper,0.83,20.0,,CONFORM
1175,bananen,99447508,bananen,27‐8‐2024,Colombia,OZ BAKTAT,Overige bestrijdingsmiddelen,,,,CONFORM
1176,bananen,99447885,Del Monte bananen,3‐9‐2024,Costa Rica,WELKOM SUPERMARKT,azoxystrobin,0.11,2.0,,CONFORM
1177,bananen,99447885,Del Monte bananen,3‐9‐2024,Costa Rica,WELKOM SUPERMARKT,bifenthrin,0.12,0.1,,NIET CONFORM*
1178,bananen,99447885,Del Monte bananen,3‐9‐2024,Costa Rica,WELKOM SUPERMARKT,fenpropimorf,0.058,0.6,,CONFORM
1179,bananen,99447885,Del Monte bananen,3‐9‐2024,Costa Rica,WELKOM SUPERMARKT,koper,0.65,20.0,,CONFORM
1180,bananen,99447885,Del Monte bananen,3‐9‐2024,Costa Rica,WELKOM SUPERMARKT,thiabendazool,0.062,6.0,,CONFORM
1181,bananen,99447885,Del Monte bananen,3‐9‐2024,Costa Rica,WELKOM SUPERMARKT,Overige bestrijdingsmiddelen,,,,CONFORM
1182,bananen,99451815,BANANEN,9‐9‐2024,Colombia,DE GOUDREINET,azoxystrobin,0.063,2.0,,CONFORM
1183,bananen,99451815,BANANEN,9‐9‐2024,Colombia,DE GOUDREINET,fludioxonil,0.04,2.0,,CONFORM
1184,bananen,99451815,BANANEN,9‐9‐2024,Colombia,DE GOUDREINET,koper,0.99,20.0,,CONFORM
1185,bananen,99451815,BANANEN,9‐9‐2024,Colombia,DE GOUDREINET,Overige bestrijdingsmiddelen,,,,CONFORM
1186,bananen,99635185,Bananen Del Monte,7‐2‐2024,Costa Rica,DIRK VAN DER BROEK,azoxystrobin,0.38,2.0,,CONFORM
1187,bananen,99635185,Bananen Del Monte,7‐2‐2024,Costa Rica,DIRK VAN DER BROEK,bifenthrin,0.036,0.1,,CONFORM
1188,bananen,99635185,Bananen Del Monte,7‐2‐2024,Costa Rica,DIRK VAN DER BROEK,bromide,0.28,50.0,,CONFORM
1189,bananen,99635185,Bananen Del Monte,7‐2‐2024,Costa Rica,DIRK VAN DER BROEK,fenpropimorf,0.058,0.6,,CONFORM
1190,bananen,99635185,Bananen Del Monte,7‐2‐2024,Costa Rica,DIRK VAN DER BROEK,koper,0.77,20.0,,CONFORM
1191,bananen,99635185,Bananen Del Monte,7‐2‐2024,Costa Rica,DIRK VAN DER BROEK,myclobutanil,0.11,3.0,,CONFORM
1192,bananen,99635185,Bananen Del Monte,7‐2‐2024,Costa Rica,DIRK VAN DER BROEK,pyriproxyfen,0.16,0.7,,CONFORM
1193,bananen,99635185,Bananen Del Monte,7‐2‐2024,Costa Rica,DIRK VAN DER BROEK,Overige bestrijdingsmiddelen,,,,CONFORM
1194,bananen,99635452,"Bananen, Variety: Cavendish, Class: I",24‐1‐2024,Colombia,LIDL,azoxystrobin,0.14,2.0,,CONFORM
1195,bananen,99635452,"Bananen, Variety: Cavendish, Class: I",24‐1‐2024,Colombia,LIDL,fenpropimorf,0.0078,0.6,,CONFORM
1196,bananen,99635452,"Bananen, Variety: Cavendish, Class: I",24‐1‐2024,Colombia,LIDL,koper,0.98,20.0,,CONFORM
1197,bananen,99635452,"Bananen, Variety: Cavendish, Class: I",24‐1‐2024,Colombia,LIDL,myclobutanil,0.14,3.0,,CONFORM
1198,bananen,99635452,"Bananen, Variety: Cavendish, Class: I",24‐1‐2024,Colombia,LIDL,Overige bestrijdingsmiddelen,,,,CONFORM
1199,bananen,99642556,Bananen,3‐1‐2024,Colombia,ALBERT HEIJN,azoxystrobin,0.38,2.0,,CONFORM
1200,bananen,99642556,Bananen,3‐1‐2024,Colombia,ALBERT HEIJN,bromide,2.9,50.0,,CONFORM
1201,bananen,99642556,Bananen,3‐1‐2024,Colombia,ALBERT HEIJN,koper,0.86,20.0,,CONFORM
1202,bananen,99642556,Bananen,3‐1‐2024,Colombia,ALBERT HEIJN,myclobutanil,0.19,3.0,,CONFORM
1203,bananen,99642556,Bananen,3‐1‐2024,Colombia,ALBERT HEIJN,Overige bestrijdingsmiddelen,,,,CONFORM
1204,bananen,99642858,Bananen,11‐1‐2024,Colombia,LIDL,azoxystrobin,0.39,2.0,,CONFORM
1205,bananen,99642858,Bananen,11‐1‐2024,Colombia,LIDL,bromide,0.22,50.0,,CONFORM
1206,bananen,99642858,Bananen,11‐1‐2024,Colombia,LIDL,fenpropidin,0.03,0.2,,CONFORM
1207,bananen,99642858,Bananen,11‐1‐2024,Colombia,LIDL,fenpropimorf,0.0066,0.6,,CONFORM
1208,bananen,99642858,Bananen,11‐1‐2024,Colombia,LIDL,fenylfenol‐2,0.014,0.01,,NIET CONFORM*
1209,bananen,99642858,Bananen,11‐1‐2024,Colombia,LIDL,koper,0.87,20.0,,CONFORM
1210,bananen,99642858,Bananen,11‐1‐2024,Colombia,LIDL,myclobutanil,0.22,3.0,,CONFORM
1211,bananen,99642858,Bananen,11‐1‐2024,Colombia,LIDL,Overige bestrijdingsmiddelen,,,,CONFORM
1212,bananen,99642904,Bananen,10‐1‐2024,Colombia,ALDI MARKT,azoxystrobin,0.16,2.0,,CONFORM
1213,bananen,99642904,Bananen,10‐1‐2024,Colombia,ALDI MARKT,bromide,3.0,50.0,,CONFORM
1214,bananen,99642904,Bananen,10‐1‐2024,Colombia,ALDI MARKT,fenpropimorf,0.0058,0.6,,CONFORM
1215,bananen,99642904,Bananen,10‐1‐2024,Colombia,ALDI MARKT,koper,1.0,20.0,,CONFORM
1216,bananen,99642904,Bananen,10‐1‐2024,Colombia,ALDI MARKT,myclobutanil,0.051,3.0,,CONFORM
1217,bananen,99642904,Bananen,10‐1‐2024,Colombia,ALDI MARKT,Overige bestrijdingsmiddelen,,,,CONFORM
1218,bananen,99643463,"Bananen Fairtrade, Variety: Vacendish, Class: 1",17‐1‐2024,Colombia,PLUS DE WEERD,Overige bestrijdingsmiddelen,,,,CONFORM
1219,bananen,99648511,Bananen,3‐1‐2024,Colombia,JUMBO SUPERMARKT,azoxystrobin,0.11,2.0,,CONFORM
1220,bananen,99648511,Bananen,3‐1‐2024,Colombia,JUMBO SUPERMARKT,bromide,1.1,50.0,,CONFORM
1221,bananen,99648511,Bananen,3‐1‐2024,Colombia,JUMBO SUPERMARKT,fenpropimorf,0.0079,0.6,,CONFORM
1222,bananen,99648511,Bananen,3‐1‐2024,Colombia,JUMBO SUPERMARKT,koper,0.72,20.0,,CONFORM
1223,bananen,99648511,Bananen,3‐1‐2024,Colombia,JUMBO SUPERMARKT,Overige bestrijdingsmiddelen,,,,CONFORM
1224,bananen,99658851,Bananen Hoya,2‐1‐2024,Colombia,ALDI MARKT,azoxystrobin,0.02,2.0,,CONFORM
1225,bananen,99658851,Bananen Hoya,2‐1‐2024,Colombia,ALDI MARKT,bromide,2.7,50.0,,CONFORM
1226,bananen,99658851,Bananen Hoya,2‐1‐2024,Colombia,ALDI MARKT,fenpropimorf,0.011,0.6,,CONFORM
1227,bananen,99658851,Bananen Hoya,2‐1‐2024,Colombia,ALDI MARKT,koper,0.83,20.0,,CONFORM
1228,bananen,99658851,Bananen Hoya,2‐1‐2024,Colombia,ALDI MARKT,myclobutanil,0.057,3.0,,CONFORM
1229,bananen,99658851,Bananen Hoya,2‐1‐2024,Colombia,ALDI MARKT,Overige bestrijdingsmiddelen,,,,CONFORM
1230,bananen,99659289,Fairtrade bananen,11‐1‐2024,Colombia,PLUS BRUGHUIS,azoxystrobin,0.12,2.0,,CONFORM
1231,bananen,99659289,Fairtrade bananen,11‐1‐2024,Colombia,PLUS BRUGHUIS,koper,0.86,20.0,,CONFORM
1232,bananen,99659289,Fairtrade bananen,11‐1‐2024,Colombia,PLUS BRUGHUIS,myclobutanil,0.024,3.0,,CONFORM
1233,bananen,99659289,Fairtrade bananen,11‐1‐2024,Colombia,PLUS BRUGHUIS,Overige bestrijdingsmiddelen,,,,CONFORM
1234,bananen,99659904,AH bananen tros,17‐1‐2024,Equador,ALBERT HEIJN,azoxystrobin,0.25,2.0,,CONFORM
1235,bananen,99659904,AH bananen tros,17‐1‐2024,Equador,ALBERT HEIJN,bifenthrin,0.01,0.1,,CONFORM
1236,bananen,99659904,AH bananen tros,17‐1‐2024,Equador,ALBERT HEIJN,koper,0.81,20.0,,CONFORM
1237,bananen,99659904,AH bananen tros,17‐1‐2024,Equador,ALBERT HEIJN,thiabendazool,0.28,6.0,,CONFORM
1238,bananen,99659904,AH bananen tros,17‐1‐2024,Equador,ALBERT HEIJN,Overige bestrijdingsmiddelen,,,,CONFORM
1239,basilicum,86815184,basilicum,29‐4‐2024,Landcode onbekend,TUANA KRUIDEN B.V.,azoxystrobin,0.21,350.0,5,CONFORM
1240,basilicum,86815184,basilicum,29‐4‐2024,Landcode onbekend,TUANA KRUIDEN B.V.,captan (som),0.074,0.3,5,CONFORM
1241,basilicum,86815184,basilicum,29‐4‐2024,Landcode onbekend,TUANA KRUIDEN B.V.,chloorpyrifos‐ethyl,0.025,0.05,5,CONFORM
1242,basilicum,86815184,basilicum,29‐4‐2024,Landcode onbekend,TUANA KRUIDEN B.V.,difenoconazool,0.051,50.0,5,CONFORM
1243,basilicum,86815184,basilicum,29‐4‐2024,Landcode onbekend,TUANA KRUIDEN B.V.,dimethomorf,0.42,50.0,5,CONFORM
1244,basilicum,86815184,basilicum,29‐4‐2024,Landcode onbekend,TUANA KRUIDEN B.V.,metalaxyl,0.35,15.0,5,CONFORM
1245,basilicum,86815184,basilicum,29‐4‐2024,Landcode onbekend,TUANA KRUIDEN B.V.,myclobutanil,0.047,0.25,5,CONFORM
1246,basilicum,86815184,basilicum,29‐4‐2024,Landcode onbekend,TUANA KRUIDEN B.V.,pyraclostrobin,0.037,10.0,5,CONFORM
1247,basilicum,86815184,basilicum,29‐4‐2024,Landcode onbekend,TUANA KRUIDEN B.V.,Overige bestrijdingsmiddelen,,,5,CONFORM
1248,basilicum,86822814,Basilicum,3‐5‐2024,Landcode onbekend,BROEKHUYZEN HORECAGROOTHANDEL BV,captan (som),0.25,0.3,5,CONFORM
1249,basilicum,86822814,Basilicum,3‐5‐2024,Landcode onbekend,BROEKHUYZEN HORECAGROOTHANDEL BV,chloorpyrifos‐ethyl,0.011,0.05,5,CONFORM
1250,basilicum,86822814,Basilicum,3‐5‐2024,Landcode onbekend,BROEKHUYZEN HORECAGROOTHANDEL BV,dimethomorf,0.038,50.0,5,CONFORM
1251,basilicum,86822814,Basilicum,3‐5‐2024,Landcode onbekend,BROEKHUYZEN HORECAGROOTHANDEL BV,metalaxyl,0.17,15.0,5,CONFORM
1252,basilicum,86822814,Basilicum,3‐5‐2024,Landcode onbekend,BROEKHUYZEN HORECAGROOTHANDEL BV,thiofanaat‐methyl,0.011,0.5,5,CONFORM
1253,basilicum,86822814,Basilicum,3‐5‐2024,Landcode onbekend,BROEKHUYZEN HORECAGROOTHANDEL BV,Overige bestrijdingsmiddelen,,,5,CONFORM
1254,basilicum,86924455,Basilicum,22‐4‐2024,Landcode onbekend,SERHAT IMPEX VELP B.V.,azoxystrobin,1.8,350.0,5,CONFORM
1255,basilicum,86924455,Basilicum,22‐4‐2024,Landcode onbekend,SERHAT IMPEX VELP B.V.,boscalid,0.2,250.0,5,CONFORM
1256,basilicum,86924455,Basilicum,22‐4‐2024,Landcode onbekend,SERHAT IMPEX VELP B.V.,carbendazim,0.23,0.5,5,CONFORM
1257,basilicum,86924455,Basilicum,22‐4‐2024,Landcode onbekend,SERHAT IMPEX VELP B.V.,cyhalothrin‐lambda,0.015,3.5,5,CONFORM
1258,basilicum,86924455,Basilicum,22‐4‐2024,Landcode onbekend,SERHAT IMPEX VELP B.V.,difenoconazool,0.047,50.0,5,CONFORM
1259,basilicum,86924455,Basilicum,22‐4‐2024,Landcode onbekend,SERHAT IMPEX VELP B.V.,dimethomorf,3.4,50.0,5,CONFORM
1260,basilicum,86924455,Basilicum,22‐4‐2024,Landcode onbekend,SERHAT IMPEX VELP B.V.,haloxyfop (som),0.014,0.1,5,CONFORM
1261,basilicum,86924455,Basilicum,22‐4‐2024,Landcode onbekend,SERHAT IMPEX VELP B.V.,metalaxyl,0.26,15.0,5,CONFORM
1262,basilicum,86924455,Basilicum,22‐4‐2024,Landcode onbekend,SERHAT IMPEX VELP B.V.,propiconazool,0.011,0.1,5,CONFORM
1263,basilicum,86924455,Basilicum,22‐4‐2024,Landcode onbekend,SERHAT IMPEX VELP B.V.,pyraclostrobin,1.7,10.0,5,CONFORM
1264,basilicum,86924455,Basilicum,22‐4‐2024,Landcode onbekend,SERHAT IMPEX VELP B.V.,thiofanaat‐methyl,0.75,0.5,5,NIET CONFORM*
1265,basilicum,86924455,Basilicum,22‐4‐2024,Landcode onbekend,SERHAT IMPEX VELP B.V.,Overige bestrijdingsmiddelen,,,5,CONFORM
1266,basilicum,86924463,Basilicum,22‐4‐2024,Landcode onbekend,SERHAT IMPEX VELP B.V.,ethyleenoxide (som),0.15,0.25,5,CONFORM
1267,basilicum,86924463,Basilicum,22‐4‐2024,Landcode onbekend,SERHAT IMPEX VELP B.V.,Overige bestrijdingsmiddelen,,,5,CONFORM
1268,bataten (zoete aardappelen),86758164,Zoete aardappel,25‐3‐2024,Verenigde Staten,HEEMSKERK FRESH EN EASY,fludioxonil,1.0,10.0,,CONFORM
1269,bataten (zoete aardappelen),86758164,Zoete aardappel,25‐3‐2024,Verenigde Staten,HEEMSKERK FRESH EN EASY,Overige bestrijdingsmiddelen,,,,CONFORM
1270,bataten (zoete aardappelen),86758857,Zoete aardappelen,8‐4‐2024,Egypte,QUALITY PRODUCE INTERNATIONAL (QPI),Overige bestrijdingsmiddelen,,,,CONFORM
1271,bataten (zoete aardappelen),86770105,zoete aardappel,4‐3‐2024,Verenigde Staten,HELLOFRESH DC PRISMALAAN,fludioxonil,0.045,10.0,,CONFORM
1272,bataten (zoete aardappelen),86770105,zoete aardappel,4‐3‐2024,Verenigde Staten,HELLOFRESH DC PRISMALAAN,Overige bestrijdingsmiddelen,,,,CONFORM
1273,bataten (zoete aardappelen),86782537,Sweet Potatoes,30‐9‐2024,Egypte,HARVA INTERNATIONAL,Overige bestrijdingsmiddelen,,,,CONFORM
1274,bataten (zoete aardappelen),86794403,zoete aardappelen,4‐6‐2024,Verenigde Staten,POIESZ SUPERMARKTEN SNEEK B.V.,fludioxonil,1.3,10.0,,CONFORM
1275,bataten (zoete aardappelen),86794403,zoete aardappelen,4‐6‐2024,Verenigde Staten,POIESZ SUPERMARKTEN SNEEK B.V.,Overige bestrijdingsmiddelen,,,,CONFORM
1276,bataten (zoete aardappelen),86798751,Aardappel zoet Oranje S,24‐4‐2024,Verenigde Staten,TUINDERIJ VERS B.V.,fludioxonil,1.4,10.0,,CONFORM
1277,bataten (zoete aardappelen),86798751,Aardappel zoet Oranje S,24‐4‐2024,Verenigde Staten,TUINDERIJ VERS B.V.,Overige bestrijdingsmiddelen,,,,CONFORM
1278,bataten (zoete aardappelen),86801507,Covington Sweet potatoes,20‐8‐2024,Verenigde Staten,HALUCO B.V.,fludioxonil,0.89,10.0,,CONFORM
1279,bataten (zoete aardappelen),86801507,Covington Sweet potatoes,20‐8‐2024,Verenigde Staten,HALUCO B.V.,Overige bestrijdingsmiddelen,,,,CONFORM
1280,bataten (zoete aardappelen),86801515,Belleveu Sweet potatoes,20‐8‐2024,Egypte,HALUCO B.V.,Overige bestrijdingsmiddelen,,,,CONFORM
1281,bataten (zoete aardappelen),86802279,Zoete Aardappelen,19‐1‐2024,Egypte,QUALITY PRODUCE INTERNATIONAL (QPI),Overige bestrijdingsmiddelen,,,,CONFORM
1282,bataten (zoete aardappelen),86803941,zoete aardappelen,4‐3‐2024,Verenigde Staten,VOMAR (DC),fludioxonil,0.54,10.0,,CONFORM
1283,bataten (zoete aardappelen),86803941,zoete aardappelen,4‐3‐2024,Verenigde Staten,VOMAR (DC),Overige bestrijdingsmiddelen,,,,CONFORM
1284,bataten (zoete aardappelen),86807653,zoete aardappel,12‐8‐2024,Verenigde Staten,PICNIC FULFILLMENTCENTRUM,fludioxonil,0.57,10.0,,CONFORM
1285,bataten (zoete aardappelen),86807653,zoete aardappel,12‐8‐2024,Verenigde Staten,PICNIC FULFILLMENTCENTRUM,Overige bestrijdingsmiddelen,,,,CONFORM
1286,bataten (zoete aardappelen),86809354,zoete aardappel,27‐5‐2024,Nederland,UDEA B.V. (HOOFDKANTOOR),chloorprofam,0.011,0.01,,NIET CONFORM*
1287,bataten (zoete aardappelen),86809354,zoete aardappel,27‐5‐2024,Nederland,UDEA B.V. (HOOFDKANTOOR),Overige bestrijdingsmiddelen,,,,CONFORM
1288,bataten (zoete aardappelen),86815028,sweet patato,23‐4‐2024,Honduras,NANHOE IMPORT EXPORT B.V.,fenylfenol‐2,0.0086,0.01,,CONFORM
1289,bataten (zoete aardappelen),86815028,sweet patato,23‐4‐2024,Honduras,NANHOE IMPORT EXPORT B.V.,fludioxonil,2.9,10.0,,CONFORM
1290,bataten (zoete aardappelen),86815028,sweet patato,23‐4‐2024,Honduras,NANHOE IMPORT EXPORT B.V.,Overige bestrijdingsmiddelen,,,,CONFORM
1291,bataten (zoete aardappelen),86822156,Zoete aardappelen,24‐4‐2024,Verenigde Staten,THE GREENERY B.V.,fludioxonil,0.46,10.0,,CONFORM
1292,bataten (zoete aardappelen),86822156,Zoete aardappelen,24‐4‐2024,Verenigde Staten,THE GREENERY B.V.,Overige bestrijdingsmiddelen,,,,CONFORM
1293,bataten (zoete aardappelen),86822458,Zoete aardappelen,29‐4‐2024,Egypte,VAN DEN BOS FRESHPARTNERS,azoxystrobin,2.3,1.0,,NIET CONFORM
1294,bataten (zoete aardappelen),86822458,Zoete aardappelen,29‐4‐2024,Egypte,VAN DEN BOS FRESHPARTNERS,boscalid,0.54,2.0,,CONFORM
1295,bataten (zoete aardappelen),86822458,Zoete aardappelen,29‐4‐2024,Egypte,VAN DEN BOS FRESHPARTNERS,difenoconazool,0.53,0.1,,NIET CONFORM
1296,bataten (zoete aardappelen),86822458,Zoete aardappelen,29‐4‐2024,Egypte,VAN DEN BOS FRESHPARTNERS,dimethomorf,0.35,0.01,,NIET CONFORM
1297,bataten (zoete aardappelen),86822458,Zoete aardappelen,29‐4‐2024,Egypte,VAN DEN BOS FRESHPARTNERS,imidacloprid,0.0071,0.01,,CONFORM
1298,bataten (zoete aardappelen),86822458,Zoete aardappelen,29‐4‐2024,Egypte,VAN DEN BOS FRESHPARTNERS,pyraclostrobin,0.44,0.02,,NIET CONFORM
1299,bataten (zoete aardappelen),86822458,Zoete aardappelen,29‐4‐2024,Egypte,VAN DEN BOS FRESHPARTNERS,Overige bestrijdingsmiddelen,,,,CONFORM
1300,bataten (zoete aardappelen),86833034,zoete aardappel,5‐11‐2024,Egypte,IMPEX‐HEEMSKERK B.V. H7,Overige bestrijdingsmiddelen,,,,CONFORM
1301,bataten (zoete aardappelen),86837013,zoete aardappel,6‐11‐2024,Egypte,JAN DE GEUS EN ZN B.V.,Overige bestrijdingsmiddelen,,,,CONFORM
1302,bataten (zoete aardappelen),86845547,Sweet Potato,18‐11‐2024,Oeganda,JAGGOE IMPORT,thiamethoxam,0.0082,0.01,,CONFORM
1303,bataten (zoete aardappelen),86845547,Sweet Potato,18‐11‐2024,Oeganda,JAGGOE IMPORT,Overige bestrijdingsmiddelen,,,,CONFORM
1304,bataten (zoete aardappelen),86846306,bio zoete bataat oranje,5‐11‐2024,Nederland,BIO NOORD B.V.,Overige bestrijdingsmiddelen,,,,CONFORM
1305,bataten (zoete aardappelen),86849763,Sweet Potatoes,26‐8‐2024,Egypte,THE GREENERY B.V.,Overige bestrijdingsmiddelen,,,,CONFORM
1306,bataten (zoete aardappelen),86850885,Sweet Potatoes,16‐10‐2024,Egypte,FRUCO B.V.,Overige bestrijdingsmiddelen,,,,CONFORM
1307,bataten (zoete aardappelen),86866749,Bataten,20‐3‐2024,Spanje,V.O.F. HARRIE GOESTEN,cypermethrin,0.064,0.05,,NIET CONFORM*
1308,bataten (zoete aardappelen),86866749,Bataten,20‐3‐2024,Spanje,V.O.F. HARRIE GOESTEN,fludioxonil,0.35,10.0,,CONFORM
1309,bataten (zoete aardappelen),86866749,Bataten,20‐3‐2024,Spanje,V.O.F. HARRIE GOESTEN,Overige bestrijdingsmiddelen,,,,CONFORM
1310,bataten (zoete aardappelen),86867532,zoete aardappel,8‐4‐2024,Verenigde Staten,HESSING GREENPOORT,Overige bestrijdingsmiddelen,,,,CONFORM
1311,bataten (zoete aardappelen),86869195,Zoete aardapel,17‐6‐2024,Landcode onbekend,JUMBO DISTRIBUTIECENTRUM,Overige bestrijdingsmiddelen,,,,CONFORM
1312,bataten (zoete aardappelen),86894858,Zoete aardappel,3‐9‐2024,Nederland,HESSING GREENPOORT,fludioxonil,0.39,10.0,,CONFORM
1313,bataten (zoete aardappelen),86894858,Zoete aardappel,3‐9‐2024,Nederland,HESSING GREENPOORT,Overige bestrijdingsmiddelen,,,,CONFORM
1314,bataten (zoete aardappelen),86924811,Zoete aardappelen,22‐5‐2024,Verenigde Staten,COOP SUPERMARKTEN,fludioxonil,0.53,10.0,,CONFORM
1315,bataten (zoete aardappelen),86924811,Zoete aardappelen,22‐5‐2024,Verenigde Staten,COOP SUPERMARKTEN,Overige bestrijdingsmiddelen,,,,CONFORM
1316,bataten (zoete aardappelen),86960575,zoete aardappelen. Bellevue.,17‐9‐2024,Egypte,DISTRIBUTIECENTRUM ALBERT HEIJN,chloorprofam,0.01,0.01,,CONFORM
1317,bataten (zoete aardappelen),86960575,zoete aardappelen. Bellevue.,17‐9‐2024,Egypte,DISTRIBUTIECENTRUM ALBERT HEIJN,Overige bestrijdingsmiddelen,,,,CONFORM
1318,bataten (zoete aardappelen),86961172,zoete aardappelen wit,7‐10‐2024,Zuid Afrika,JUMBO DISTRIBUTIECENTRUM,Overige bestrijdingsmiddelen,,,,CONFORM
1319,bataten (zoete aardappelen),86963574,zoete aardappel,2‐9‐2024,Egypte,JAGER HOLLAND B.V.,Overige bestrijdingsmiddelen,,,,CONFORM
1320,bataten (zoete aardappelen),86996154,zoete aardappel,13‐3‐2024,Verenigde Staten,HESSING ZWAAGDIJK B.V.,fludioxonil,0.85,10.0,,CONFORM
1321,bataten (zoete aardappelen),86996154,zoete aardappel,13‐3‐2024,Verenigde Staten,HESSING ZWAAGDIJK B.V.,Overige bestrijdingsmiddelen,,,,CONFORM
1322,bataten (zoete aardappelen),86997614,zoete aardappel,30‐9‐2024,Egypte,O. SMEDING EN ZOON B.V.,Overige bestrijdingsmiddelen,,,,CONFORM
1323,bataten (zoete aardappelen),86998718,white sweet patatoes,16‐10‐2024,Oeganda,ASIA EXPRESS FOOD B.V.,Overige bestrijdingsmiddelen,,,,CONFORM
1324,bimi,86781948,Bimi,5‐9‐2024,Kenia,BROEKHOF GROENTEN EN FRUIT B.V.,Overige bestrijdingsmiddelen,,,,CONFORM
1325,bimi,99439386,"Bimi, Klasse: I",18‐6‐2024,Kenia,O. SMEDING EN ZOON B.V.,deltamethrin,0.0051,0.1,,CONFORM
1326,bimi,99439386,"Bimi, Klasse: I",18‐6‐2024,Kenia,O. SMEDING EN ZOON B.V.,Overige bestrijdingsmiddelen,,,,CONFORM
1327,bladselderij,86845849,Celery Leaves,26‐11‐2024,Landcode onbekend,HVS INTERNATIONAL B.V.,fluopyram,0.0093,30.0,5,CONFORM
1328,bladselderij,86845849,Celery Leaves,26‐11‐2024,Landcode onbekend,HVS INTERNATIONAL B.V.,pendimethalin,0.26,3.0,5,CONFORM
1329,bladselderij,86845849,Celery Leaves,26‐11‐2024,Landcode onbekend,HVS INTERNATIONAL B.V.,Overige bestrijdingsmiddelen,,,5,CONFORM
1330,blauwe bessen,86776073,Blauwe bessen,12‐8‐2024,Nederland,HOLLANDER BARENDRECHT B.V.,cyprodinil,0.17,8.0,,CONFORM
1331,blauwe bessen,86776073,Blauwe bessen,12‐8‐2024,Nederland,HOLLANDER BARENDRECHT B.V.,fludioxonil,0.14,4.0,,CONFORM
1332,blauwe bessen,86776073,Blauwe bessen,12‐8‐2024,Nederland,HOLLANDER BARENDRECHT B.V.,spinosad,0.013,1.5,,CONFORM
1333,blauwe bessen,86776073,Blauwe bessen,12‐8‐2024,Nederland,HOLLANDER BARENDRECHT B.V.,trifloxystrobin,0.0059,3.0,,CONFORM
1334,blauwe bessen,86776073,Blauwe bessen,12‐8‐2024,Nederland,HOLLANDER BARENDRECHT B.V.,Overige bestrijdingsmiddelen,,,,CONFORM
1335,blauwe bessen,86781417,Blauwe bessen,26‐6‐2024,Servië,LIDL,Overige bestrijdingsmiddelen,,,,CONFORM
1336,blauwe bessen,86804328,organic blueberries myrtillus,25‐3‐2024,Oekraïne,FZ ORGANIC FOOD,Overige bestrijdingsmiddelen,,,,CONFORM
1337,blauwe bessen,86808714,Blauwe bessen,25‐9‐2024,Peru,PLUS,acetamiprid,0.02,2.0,,CONFORM
1338,blauwe bessen,86808714,Blauwe bessen,25‐9‐2024,Peru,PLUS,boscalid,0.035,15.0,,CONFORM
1339,blauwe bessen,86808714,Blauwe bessen,25‐9‐2024,Peru,PLUS,Overige bestrijdingsmiddelen,,,,CONFORM
1340,blauwe bessen,86809508,blauwe bessen,29‐5‐2024,Marokko,DISTRIBUTIECENTRUM ALBERT HEIJN,boscalid,0.029,15.0,,CONFORM
1341,blauwe bessen,86809508,blauwe bessen,29‐5‐2024,Marokko,DISTRIBUTIECENTRUM ALBERT HEIJN,cyprodinil,0.21,8.0,,CONFORM
1342,blauwe bessen,86809508,blauwe bessen,29‐5‐2024,Marokko,DISTRIBUTIECENTRUM ALBERT HEIJN,fludioxonil,0.13,4.0,,CONFORM
1343,blauwe bessen,86809508,blauwe bessen,29‐5‐2024,Marokko,DISTRIBUTIECENTRUM ALBERT HEIJN,spirotetramat (som),0.0056,1.5,,CONFORM
1344,blauwe bessen,86809508,blauwe bessen,29‐5‐2024,Marokko,DISTRIBUTIECENTRUM ALBERT HEIJN,Overige bestrijdingsmiddelen,,,,CONFORM
1345,blauwe bessen,86812053,Blauwe bessen,24‐4‐2024,Marokko,COÖPERATIE KONINKLIJKE FRUITMASTERS U.A.,boscalid,0.096,15.0,,CONFORM
1346,blauwe bessen,86812053,Blauwe bessen,24‐4‐2024,Marokko,COÖPERATIE KONINKLIJKE FRUITMASTERS U.A.,Overige bestrijdingsmiddelen,,,,CONFORM
1347,blauwe bessen,86845784,Blueberries,25‐11‐2024,Peru,MARNI FRUIT B.V.,acetamiprid,0.039,2.0,,CONFORM
1348,blauwe bessen,86845784,Blueberries,25‐11‐2024,Peru,MARNI FRUIT B.V.,fludioxonil,0.58,4.0,,CONFORM
1349,blauwe bessen,86845784,Blueberries,25‐11‐2024,Peru,MARNI FRUIT B.V.,Overige bestrijdingsmiddelen,,,,CONFORM
1350,blauwe bessen,86846152,blauwe bessen. Bio,23‐10‐2024,Argentinië,LIDL,Overige bestrijdingsmiddelen,,,,CONFORM
1351,blauwe bessen,86846349,biologische blauwe bessen,5‐11‐2024,Peru,BIO NOORD B.V.,Overige bestrijdingsmiddelen,,,,CONFORM
1352,blauwe bessen,86847957,Blauwe Bessen,19‐8‐2024,Peru,DETAILRESULT LOGISTIEK,acetamiprid,0.033,2.0,,CONFORM
1353,blauwe bessen,86847957,Blauwe Bessen,19‐8‐2024,Peru,DETAILRESULT LOGISTIEK,fenhexamid,0.17,20.0,,CONFORM
1354,blauwe bessen,86847957,Blauwe Bessen,19‐8‐2024,Peru,DETAILRESULT LOGISTIEK,fludioxonil,0.0054,4.0,,CONFORM
1355,blauwe bessen,86847957,Blauwe Bessen,19‐8‐2024,Peru,DETAILRESULT LOGISTIEK,Overige bestrijdingsmiddelen,,,,CONFORM
1356,blauwe bessen,86850729,Blauwe Bessen,10‐10‐2024,Zimbabwe,LIDL,azoxystrobin,0.078,5.0,,CONFORM
1357,blauwe bessen,86850729,Blauwe Bessen,10‐10‐2024,Zimbabwe,LIDL,boscalid,0.14,15.0,,CONFORM
1358,blauwe bessen,86850729,Blauwe Bessen,10‐10‐2024,Zimbabwe,LIDL,Overige bestrijdingsmiddelen,,,,CONFORM
1359,blauwe bessen,86850834,Blueberries,16‐10‐2024,Peru,FRUCO B.V.,acetamiprid,0.021,2.0,,CONFORM
1360,blauwe bessen,86850834,Blueberries,16‐10‐2024,Peru,FRUCO B.V.,azoxystrobin,0.13,5.0,,CONFORM
1361,blauwe bessen,86850834,Blueberries,16‐10‐2024,Peru,FRUCO B.V.,difenoconazool,0.15,4.0,,CONFORM
1362,blauwe bessen,86850834,Blueberries,16‐10‐2024,Peru,FRUCO B.V.,fludioxonil,0.12,4.0,,CONFORM
1363,blauwe bessen,86850834,Blueberries,16‐10‐2024,Peru,FRUCO B.V.,Overige bestrijdingsmiddelen,,,,CONFORM
1364,blauwe bessen,86851296,Blauwe Bessen,5‐11‐2024,Zimbabwe,DISTRIBUTIECENTRUM ALBERT HEIJN,boscalid,0.044,15.0,,CONFORM
1365,blauwe bessen,86851296,Blauwe Bessen,5‐11‐2024,Zimbabwe,DISTRIBUTIECENTRUM ALBERT HEIJN,Overige bestrijdingsmiddelen,,,,CONFORM
1366,blauwe bessen,86895048,Blauwe bessen,13‐9‐2024,Brazilië,SCHERPENHUIZEN B.V.,acetamiprid,0.09,2.0,,CONFORM
1367,blauwe bessen,86895048,Blauwe bessen,13‐9‐2024,Brazilië,SCHERPENHUIZEN B.V.,boscalid,0.055,15.0,,CONFORM
1368,blauwe bessen,86895048,Blauwe bessen,13‐9‐2024,Brazilië,SCHERPENHUIZEN B.V.,cyprodinil,0.063,8.0,,CONFORM
1369,blauwe bessen,86895048,Blauwe bessen,13‐9‐2024,Brazilië,SCHERPENHUIZEN B.V.,fenhexamid,0.09,20.0,,CONFORM
1370,blauwe bessen,86895048,Blauwe bessen,13‐9‐2024,Brazilië,SCHERPENHUIZEN B.V.,fludioxonil,0.13,4.0,,CONFORM
1371,blauwe bessen,86895048,Blauwe bessen,13‐9‐2024,Brazilië,SCHERPENHUIZEN B.V.,Overige bestrijdingsmiddelen,,,,CONFORM
1372,blauwe bessen,86895056,Blauwe bessen,13‐9‐2024,Zimbabwe,SCHERPENHUIZEN B.V.,azoxystrobin,0.0094,5.0,,CONFORM
1373,blauwe bessen,86895056,Blauwe bessen,13‐9‐2024,Zimbabwe,SCHERPENHUIZEN B.V.,boscalid,0.94,15.0,,CONFORM
1374,blauwe bessen,86895056,Blauwe bessen,13‐9‐2024,Zimbabwe,SCHERPENHUIZEN B.V.,Overige bestrijdingsmiddelen,,,,CONFORM
1375,blauwe bessen,86924013,IQF Blauwe Bessen,25‐3‐2024,Chili,VAN ES FOODS INTERNATIONAL,fenylfenol‐2,0.011,0.01,,NIET CONFORM*
1376,blauwe bessen,86924013,IQF Blauwe Bessen,25‐3‐2024,Chili,VAN ES FOODS INTERNATIONAL,fludioxonil,0.021,4.0,,CONFORM
1377,blauwe bessen,86924013,IQF Blauwe Bessen,25‐3‐2024,Chili,VAN ES FOODS INTERNATIONAL,Overige bestrijdingsmiddelen,,,,CONFORM
1378,blauwe bessen,86924145,BLAUWE BESSEN,25‐3‐2024,Bulgarije,DIEPVRIES ZEVENAAR B.V.,fluopyram,0.12,7.0,,CONFORM
1379,blauwe bessen,86924145,BLAUWE BESSEN,25‐3‐2024,Bulgarije,DIEPVRIES ZEVENAAR B.V.,trifloxystrobin,0.057,3.0,,CONFORM
1380,blauwe bessen,86924145,BLAUWE BESSEN,25‐3‐2024,Bulgarije,DIEPVRIES ZEVENAAR B.V.,Overige bestrijdingsmiddelen,,,,CONFORM
1381,blauwe bessen,86924765,Blauwe bessen,22‐5‐2024,Spanje,COOP SUPERMARKTEN,Overige bestrijdingsmiddelen,,,,CONFORM
1382,blauwe bessen,86955466,Blueberries,23‐1‐2024,Chili,FRUITFACTOR B.V.,boscalid,0.022,15.0,,CONFORM
1383,blauwe bessen,86955466,Blueberries,23‐1‐2024,Chili,FRUITFACTOR B.V.,chloorantraniliprole,0.074,1.5,,CONFORM
1384,blauwe bessen,86955466,Blueberries,23‐1‐2024,Chili,FRUITFACTOR B.V.,Overige bestrijdingsmiddelen,,,,CONFORM
1385,blauwe bessen,86960532,blauwe bessen,17‐9‐2024,Peru,DISTRIBUTIECENTRUM ALBERT HEIJN,acetamiprid,0.16,2.0,,CONFORM
1386,blauwe bessen,86960532,blauwe bessen,17‐9‐2024,Peru,DISTRIBUTIECENTRUM ALBERT HEIJN,boscalid,0.25,15.0,,CONFORM
1387,blauwe bessen,86960532,blauwe bessen,17‐9‐2024,Peru,DISTRIBUTIECENTRUM ALBERT HEIJN,captan (som),0.14,30.0,,CONFORM
1388,blauwe bessen,86960532,blauwe bessen,17‐9‐2024,Peru,DISTRIBUTIECENTRUM ALBERT HEIJN,cyprodinil,0.0078,8.0,,CONFORM
1389,blauwe bessen,86960532,blauwe bessen,17‐9‐2024,Peru,DISTRIBUTIECENTRUM ALBERT HEIJN,pyraclostrobin,0.013,4.0,,CONFORM
1390,blauwe bessen,86960532,blauwe bessen,17‐9‐2024,Peru,DISTRIBUTIECENTRUM ALBERT HEIJN,spirotetramat (som),0.03,1.5,,CONFORM
1391,blauwe bessen,86960532,blauwe bessen,17‐9‐2024,Peru,DISTRIBUTIECENTRUM ALBERT HEIJN,Overige bestrijdingsmiddelen,,,,CONFORM
1392,blauwe bessen,86975173,Fresh Blueberries,26‐11‐2024,Peru,AGF SIERE B.V.,azoxystrobin,0.13,5.0,,CONFORM
1393,blauwe bessen,86975173,Fresh Blueberries,26‐11‐2024,Peru,AGF SIERE B.V.,difenoconazool,0.12,4.0,,CONFORM
1394,blauwe bessen,86975173,Fresh Blueberries,26‐11‐2024,Peru,AGF SIERE B.V.,fludioxonil,0.0097,4.0,,CONFORM
1395,blauwe bessen,86975173,Fresh Blueberries,26‐11‐2024,Peru,AGF SIERE B.V.,imidacloprid,0.014,5.0,,CONFORM
1396,blauwe bessen,86975173,Fresh Blueberries,26‐11‐2024,Peru,AGF SIERE B.V.,Overige bestrijdingsmiddelen,,,,CONFORM
1397,blauwe bessen,99439378,"Blauwe bessen, Klasse 1",18‐6‐2024,Servië,O. SMEDING EN ZOON B.V.,boscalid,0.024,15.0,,CONFORM
1398,blauwe bessen,99439378,"Blauwe bessen, Klasse 1",18‐6‐2024,Servië,O. SMEDING EN ZOON B.V.,cyprodinil,0.01,8.0,,CONFORM
1399,blauwe bessen,99439378,"Blauwe bessen, Klasse 1",18‐6‐2024,Servië,O. SMEDING EN ZOON B.V.,fenhexamid,0.042,20.0,,CONFORM
1400,blauwe bessen,99439378,"Blauwe bessen, Klasse 1",18‐6‐2024,Servië,O. SMEDING EN ZOON B.V.,fluopyram,0.017,7.0,,CONFORM
1401,blauwe bessen,99439378,"Blauwe bessen, Klasse 1",18‐6‐2024,Servië,O. SMEDING EN ZOON B.V.,pyraclostrobin,0.0095,4.0,,CONFORM
1402,blauwe bessen,99439378,"Blauwe bessen, Klasse 1",18‐6‐2024,Servië,O. SMEDING EN ZOON B.V.,Overige bestrijdingsmiddelen,,,,CONFORM
1403,blauwe bosbessen,86984865,Cultivated blueberries,19‐11‐2024,Chili,DIEPVRIES ZEVENAAR B.V.,acetamiprid,0.011,2.0,,CONFORM
1404,blauwe bosbessen,86984865,Cultivated blueberries,19‐11‐2024,Chili,DIEPVRIES ZEVENAAR B.V.,azoxystrobin,0.023,5.0,,CONFORM
1405,blauwe bosbessen,86984865,Cultivated blueberries,19‐11‐2024,Chili,DIEPVRIES ZEVENAAR B.V.,captan (som),0.12,30.0,,CONFORM
1406,blauwe bosbessen,86984865,Cultivated blueberries,19‐11‐2024,Chili,DIEPVRIES ZEVENAAR B.V.,difenoconazool,0.023,4.0,,CONFORM
1407,blauwe bosbessen,86984865,Cultivated blueberries,19‐11‐2024,Chili,DIEPVRIES ZEVENAAR B.V.,fenhexamid,0.078,20.0,,CONFORM
1408,blauwe bosbessen,86984865,Cultivated blueberries,19‐11‐2024,Chili,DIEPVRIES ZEVENAAR B.V.,fludioxonil,0.21,4.0,,CONFORM
1409,blauwe bosbessen,86984865,Cultivated blueberries,19‐11‐2024,Chili,DIEPVRIES ZEVENAAR B.V.,imidacloprid,0.051,5.0,,CONFORM
1410,blauwe bosbessen,86984865,Cultivated blueberries,19‐11‐2024,Chili,DIEPVRIES ZEVENAAR B.V.,Overige bestrijdingsmiddelen,,,,CONFORM
1411,blauwe bosbessen,86984873,IQF Cultivated blueberries,19‐11‐2024,Chili,DIEPVRIES ZEVENAAR B.V.,acetamiprid,0.086,2.0,,CONFORM
1412,blauwe bosbessen,86984873,IQF Cultivated blueberries,19‐11‐2024,Chili,DIEPVRIES ZEVENAAR B.V.,azoxystrobin,0.081,5.0,,CONFORM
1413,blauwe bosbessen,86984873,IQF Cultivated blueberries,19‐11‐2024,Chili,DIEPVRIES ZEVENAAR B.V.,boscalid,0.065,15.0,,CONFORM
1414,blauwe bosbessen,86984873,IQF Cultivated blueberries,19‐11‐2024,Chili,DIEPVRIES ZEVENAAR B.V.,captan (som),0.47,30.0,,CONFORM
1415,blauwe bosbessen,86984873,IQF Cultivated blueberries,19‐11‐2024,Chili,DIEPVRIES ZEVENAAR B.V.,cyprodinil,0.043,8.0,,CONFORM
1416,blauwe bosbessen,86984873,IQF Cultivated blueberries,19‐11‐2024,Chili,DIEPVRIES ZEVENAAR B.V.,difenoconazool,0.12,4.0,,CONFORM
1417,blauwe bosbessen,86984873,IQF Cultivated blueberries,19‐11‐2024,Chili,DIEPVRIES ZEVENAAR B.V.,fenhexamid,0.31,20.0,,CONFORM
1418,blauwe bosbessen,86984873,IQF Cultivated blueberries,19‐11‐2024,Chili,DIEPVRIES ZEVENAAR B.V.,fludioxonil,0.066,4.0,,CONFORM
1419,blauwe bosbessen,86984873,IQF Cultivated blueberries,19‐11‐2024,Chili,DIEPVRIES ZEVENAAR B.V.,imidacloprid,0.058,5.0,,CONFORM
1420,blauwe bosbessen,86984873,IQF Cultivated blueberries,19‐11‐2024,Chili,DIEPVRIES ZEVENAAR B.V.,pyrimethanil,0.027,8.0,,CONFORM
1421,blauwe bosbessen,86984873,IQF Cultivated blueberries,19‐11‐2024,Chili,DIEPVRIES ZEVENAAR B.V.,Overige bestrijdingsmiddelen,,,,CONFORM
1422,blauwe bosbessen,86984881,IQF Wild Blueberries,19‐11‐2024,Wit Rusland,DIEPVRIES ZEVENAAR B.V.,Overige bestrijdingsmiddelen,,,,CONFORM
1423,bleekselderij,86804395,Biologische gesneden selderij. 10 mm.,25‐3‐2024,Landcode onbekend,FZ ORGANIC FOOD,Overige bestrijdingsmiddelen,,,,CONFORM
1424,bleekselderij,86809338,bleekselderij,27‐5‐2024,Spanje,UDEA B.V. (HOOFDKANTOOR),Overige bestrijdingsmiddelen,,,,CONFORM
1425,bleekselderij,86845814,Green Celery,25‐11‐2024,Spanje,MARNI FRUIT B.V.,azoxystrobin,0.012,15.0,,CONFORM
1426,bleekselderij,86845814,Green Celery,25‐11‐2024,Spanje,MARNI FRUIT B.V.,difenoconazool,0.029,7.0,,CONFORM
1427,bleekselderij,86845814,Green Celery,25‐11‐2024,Spanje,MARNI FRUIT B.V.,spirotetramat (som),0.008,4.0,,CONFORM
1428,bleekselderij,86845814,Green Celery,25‐11‐2024,Spanje,MARNI FRUIT B.V.,Overige bestrijdingsmiddelen,,,,CONFORM
1429,bleekselderij,86866781,Bleekselderij,20‐3‐2024,Nederland,V.O.F. HARRIE GOESTEN,Overige bestrijdingsmiddelen,,,,CONFORM
1430,bleekselderij,86867397,bleekselderij,8‐4‐2024,Spanje,HESSING GREENPOORT,azoxystrobin,0.015,15.0,,CONFORM
1431,bleekselderij,86867397,bleekselderij,8‐4‐2024,Spanje,HESSING GREENPOORT,difenoconazool,0.033,7.0,,CONFORM
1432,bleekselderij,86867397,bleekselderij,8‐4‐2024,Spanje,HESSING GREENPOORT,spirotetramat (som),0.01,4.0,,CONFORM
1433,bleekselderij,86867397,bleekselderij,8‐4‐2024,Spanje,HESSING GREENPOORT,Overige bestrijdingsmiddelen,,,,CONFORM
1434,bleekselderij,86894629,Bleekselderij,27‐8‐2024,Spanje,AARTSEN VENLO B.V.,azoxystrobin,0.019,15.0,,CONFORM
1435,bleekselderij,86894629,Bleekselderij,27‐8‐2024,Spanje,AARTSEN VENLO B.V.,chloorantraniliprole,0.0056,8.0,,CONFORM
1436,bleekselderij,86894629,Bleekselderij,27‐8‐2024,Spanje,AARTSEN VENLO B.V.,cymiazool,0.0071,0.01,,CONFORM
1437,bleekselderij,86894629,Bleekselderij,27‐8‐2024,Spanje,AARTSEN VENLO B.V.,difenoconazool,0.065,7.0,,CONFORM
1438,bleekselderij,86894629,Bleekselderij,27‐8‐2024,Spanje,AARTSEN VENLO B.V.,fluxapyroxad,0.0082,9.0,,CONFORM
1439,bleekselderij,86894629,Bleekselderij,27‐8‐2024,Spanje,AARTSEN VENLO B.V.,Overige bestrijdingsmiddelen,,,,CONFORM
1440,bleekselderij,86961792,bleekselderij,16‐10‐2024,Nederland,K. V.D. SPIJK EN ZN IJSSELMUIDEN B.V.,difenoconazool,0.035,7.0,,CONFORM
1441,bleekselderij,86961792,bleekselderij,16‐10‐2024,Nederland,K. V.D. SPIJK EN ZN IJSSELMUIDEN B.V.,spirotetramat (som),0.011,4.0,,CONFORM
1442,bleekselderij,86961792,bleekselderij,16‐10‐2024,Nederland,K. V.D. SPIJK EN ZN IJSSELMUIDEN B.V.,Overige bestrijdingsmiddelen,,,,CONFORM
1443,bleekselderij,99181591,Bleekselderij,29‐8‐2024,Spanje,HALAL SLAGERIJ IZZET,fluxapyroxad,0.01,9.0,,CONFORM
1444,bleekselderij,99181591,Bleekselderij,29‐8‐2024,Spanje,HALAL SLAGERIJ IZZET,Overige bestrijdingsmiddelen,,,,CONFORM
1445,bleekselderij,99396911,Celery ‐bleekselderij,22‐8‐2024,Spanje,DE GEZONDE TAFEL,azoxystrobin,0.0086,15.0,,CONFORM
1446,bleekselderij,99396911,Celery ‐bleekselderij,22‐8‐2024,Spanje,DE GEZONDE TAFEL,difenoconazool,0.033,7.0,,CONFORM
1447,bleekselderij,99396911,Celery ‐bleekselderij,22‐8‐2024,Spanje,DE GEZONDE TAFEL,fluxapyroxad,0.024,9.0,,CONFORM
1448,bleekselderij,99396911,Celery ‐bleekselderij,22‐8‐2024,Spanje,DE GEZONDE TAFEL,Overige bestrijdingsmiddelen,,,,CONFORM
1449,bloedsinaasappelen,99389532,Bloedsinasappel,9‐1‐2024,Spanje,ALBERT HEIJN XL,acetamiprid,0.034,0.9,,CONFORM
1450,bloedsinaasappelen,99389532,Bloedsinasappel,9‐1‐2024,Spanje,ALBERT HEIJN XL,etofenprox,0.067,1.5,,CONFORM
1451,bloedsinaasappelen,99389532,Bloedsinasappel,9‐1‐2024,Spanje,ALBERT HEIJN XL,imazalil,1.7,4.0,,CONFORM
1452,bloedsinaasappelen,99389532,Bloedsinasappel,9‐1‐2024,Spanje,ALBERT HEIJN XL,pyrimethanil,0.15,8.0,,CONFORM
1453,bloedsinaasappelen,99389532,Bloedsinasappel,9‐1‐2024,Spanje,ALBERT HEIJN XL,pyriproxyfen,0.0063,0.6,,CONFORM
1454,bloedsinaasappelen,99389532,Bloedsinasappel,9‐1‐2024,Spanje,ALBERT HEIJN XL,Overige bestrijdingsmiddelen,,,,CONFORM
1455,bloemkolen,86758172,Bloemkool,25‐3‐2024,Landcode onbekend,HEEMSKERK FRESH EN EASY,Overige bestrijdingsmiddelen,,,,CONFORM
1456,bloemkolen,86775603,Biologische Bloemkool,12‐8‐2024,Nederland,HOLLANDER BARENDRECHT B.V.,Overige bestrijdingsmiddelen,,,,CONFORM
1457,bloemkolen,86788128,Bloemkolen,14‐2‐2024,Spanje,PICNIC FULFILLMENTCENTRUM,spirotetramat (som),0.018,1.0,,CONFORM
1458,bloemkolen,86788128,Bloemkolen,14‐2‐2024,Spanje,PICNIC FULFILLMENTCENTRUM,Overige bestrijdingsmiddelen,,,,CONFORM
1459,bloemkolen,86803895,bloemkool,4‐3‐2024,Spanje,VOMAR (DC),Overige bestrijdingsmiddelen,,,,CONFORM
1460,bloemkolen,86807696,Bloemkool,12‐8‐2024,Nederland,PICNIC FULFILLMENTCENTRUM,Overige bestrijdingsmiddelen,,,,CONFORM
1461,bloemkolen,86811057,bloemkolen,6‐3‐2024,Nederland,UDEA B.V. (HOOFDKANTOOR),Overige bestrijdingsmiddelen,,,,CONFORM
1462,bloemkolen,86811545,bloemkolen,4‐4‐2024,Landcode onbekend,EUROFRIGO B.V.,Overige bestrijdingsmiddelen,,,,CONFORM
1463,bloemkolen,86832623,bloemkolen,24‐10‐2024,Nederland,STAAY‐VAN RIJN,spirotetramat (som),0.32,1.0,,CONFORM
1464,bloemkolen,86832623,bloemkolen,24‐10‐2024,Nederland,STAAY‐VAN RIJN,Overige bestrijdingsmiddelen,,,,CONFORM
1465,bloemkolen,86846314,bio bloemkool,5‐11‐2024,Nederland,BIO NOORD B.V.,Overige bestrijdingsmiddelen,,,,CONFORM
1466,bloemkolen,86867605,Bloemkolen,8‐4‐2024,Spanje,HESSING GREENPOORT,Overige bestrijdingsmiddelen,,,,CONFORM
1467,bloemkolen,86894815,Bloemkolen,3‐9‐2024,Nederland,HESSING GREENPOORT,spirotetramat (som),0.027,1.0,,CONFORM
1468,bloemkolen,86894815,Bloemkolen,3‐9‐2024,Nederland,HESSING GREENPOORT,Overige bestrijdingsmiddelen,,,,CONFORM
1469,bloemkolen,86894971,Bloemkolen,5‐9‐2024,Nederland,EUROFRESH,Overige bestrijdingsmiddelen,,,,CONFORM
1470,bloemkolen,86961091,bloemkool,7‐10‐2024,Nederland,JUMBO DISTRIBUTIECENTRUM,spirotetramat (som),0.046,1.0,,CONFORM
1471,bloemkolen,86961091,bloemkool,7‐10‐2024,Nederland,JUMBO DISTRIBUTIECENTRUM,Overige bestrijdingsmiddelen,,,,CONFORM
1472,bloemkolen,86963043,bloemkool,19‐8‐2024,Nederland,FIRMA POSTUMA‐KAMPEN,Overige bestrijdingsmiddelen,,,,CONFORM
1473,bloemkolen,86963175,bloemkool,20‐8‐2024,Nederland,GROOTHANDELSONDERNEMING VERS‐NED,spirotetramat (som),0.026,1.0,,CONFORM
1474,bloemkolen,86963175,bloemkool,20‐8‐2024,Nederland,GROOTHANDELSONDERNEMING VERS‐NED,Overige bestrijdingsmiddelen,,,,CONFORM
1475,bloemkolen,99428708,bloemkool,25‐9‐2024,Nederland,EET‐IDEE QUAEDVLIEG,Overige bestrijdingsmiddelen,,,,CONFORM
1476,boerenkool,86797909,Hakket Grokal BIO,9‐4‐2024,Nederland,ARDO B.V.,Overige bestrijdingsmiddelen,,,,CONFORM
1477,boerenkool,86846438,boerenkool,12‐11‐2024,Nederland,GREENS & SALADS B.V.,difenoconazool,0.1,2.0,,CONFORM
1478,boerenkool,86846438,boerenkool,12‐11‐2024,Nederland,GREENS & SALADS B.V.,trifloxystrobin,0.21,3.0,,CONFORM
1479,boerenkool,86846438,boerenkool,12‐11‐2024,Nederland,GREENS & SALADS B.V.,Overige bestrijdingsmiddelen,,,,CONFORM
1480,bonen (droog),86775433,Bonen Zwart Bio,29‐7‐2024,Landcode onbekend,DE NOTENSHOP,Overige bestrijdingsmiddelen,,,,CONFORM
1481,bonen (droog),86775484,Zwarte Bonen,29‐7‐2024,China,DE NOTENSHOP,Overige bestrijdingsmiddelen,,,,CONFORM
1482,bonen (droog),86796015,groene tuinbonen jumbo,29‐7‐2024,Syrië,ALASEEL V.O.F.,acetamiprid,0.021,0.15,,CONFORM
1483,bonen (droog),86796015,groene tuinbonen jumbo,29‐7‐2024,Syrië,ALASEEL V.O.F.,Overige bestrijdingsmiddelen,,,,CONFORM
1484,bonen (droog),86813424,rode bonen,16‐1‐2024,Thailand,ASIA EXPRESS FOOD B.V.,Overige bestrijdingsmiddelen,,,,CONFORM
1485,bonen (droog),86813432,black eyed beans,16‐1‐2024,Landcode onbekend,ASIA EXPRESS FOOD B.V.,acetamiprid,0.0054,0.15,,CONFORM
1486,bonen (droog),86813432,black eyed beans,16‐1‐2024,Landcode onbekend,ASIA EXPRESS FOOD B.V.,chloorantraniliprole,0.0056,0.3,,CONFORM
1487,bonen (droog),86813432,black eyed beans,16‐1‐2024,Landcode onbekend,ASIA EXPRESS FOOD B.V.,clothianidin,0.012,0.02,,CONFORM
1488,bonen (droog),86813432,black eyed beans,16‐1‐2024,Landcode onbekend,ASIA EXPRESS FOOD B.V.,thiamethoxam,0.059,0.04,,NIET CONFORM*
1489,bonen (droog),86813432,black eyed beans,16‐1‐2024,Landcode onbekend,ASIA EXPRESS FOOD B.V.,Overige bestrijdingsmiddelen,,,,CONFORM
1490,bonen (droog),86813459,black eyed beans,16‐1‐2024,Madagaskar,ASIA EXPRESS FOOD B.V.,carbendazim,0.0063,0.1,,CONFORM
1491,bonen (droog),86813459,black eyed beans,16‐1‐2024,Madagaskar,ASIA EXPRESS FOOD B.V.,clothianidin,0.016,0.02,,CONFORM
1492,bonen (droog),86813459,black eyed beans,16‐1‐2024,Madagaskar,ASIA EXPRESS FOOD B.V.,thiamethoxam,0.074,0.04,,NIET CONFORM*
1493,bonen (droog),86813459,black eyed beans,16‐1‐2024,Madagaskar,ASIA EXPRESS FOOD B.V.,Overige bestrijdingsmiddelen,,,,CONFORM
1494,bonen (droog),86869772,White beans,31‐7‐2024,Turkije,GROOTHANDEL USTACA B.V.,Overige bestrijdingsmiddelen,,,,CONFORM
1495,bonen (droog),86869799,mungbonen,31‐7‐2024,Oezbekistan,GROOTHANDEL USTACA B.V.,Overige bestrijdingsmiddelen,,,,CONFORM
1496,bonen (droog),86869802,kwietsbonen,31‐7‐2024,Oezbekistan,GROOTHANDEL USTACA B.V.,Overige bestrijdingsmiddelen,,,,CONFORM
1497,bonen (droog),86869829,rode bonen,31‐7‐2024,Brazilië,GROOTHANDEL USTACA B.V.,carbendazim,0.029,0.1,,CONFORM
1498,bonen (droog),86869829,rode bonen,31‐7‐2024,Brazilië,GROOTHANDEL USTACA B.V.,haloxyfop (som),0.016,0.15,,CONFORM
1499,bonen (droog),86869829,rode bonen,31‐7‐2024,Brazilië,GROOTHANDEL USTACA B.V.,procymidon,0.23,0.01,,NIET CONFORM
1500,bonen (droog),86869829,rode bonen,31‐7‐2024,Brazilië,GROOTHANDEL USTACA B.V.,Overige bestrijdingsmiddelen,,,,CONFORM
1501,bonen (droog),86962411,black eyed beans,30‐7‐2024,Argentinië,ASIA EXPRESS FOOD B.V.,azoxystrobin,0.0076,0.15,,CONFORM
1502,bonen (droog),86962411,black eyed beans,30‐7‐2024,Argentinië,ASIA EXPRESS FOOD B.V.,cyproconazool,0.045,0.08,,CONFORM
1503,bonen (droog),86962411,black eyed beans,30‐7‐2024,Argentinië,ASIA EXPRESS FOOD B.V.,methoxyfenozide,0.013,0.5,,CONFORM
1504,bonen (droog),86962411,black eyed beans,30‐7‐2024,Argentinië,ASIA EXPRESS FOOD B.V.,Overige bestrijdingsmiddelen,,,,CONFORM
1505,bonen (droog),86962446,bruine bonen,30‐7‐2024,Ghana,ASIA EXPRESS FOOD B.V.,chloorpyrifos‐ethyl,0.0058,0.01,,CONFORM
1506,bonen (droog),86962446,bruine bonen,30‐7‐2024,Ghana,ASIA EXPRESS FOOD B.V.,dichloorvos,0.03,0.01,,NIET CONFORM
1507,bonen (droog),86962446,bruine bonen,30‐7‐2024,Ghana,ASIA EXPRESS FOOD B.V.,trichloorfon,0.023,0.01,,NIET CONFORM
1508,bonen (droog),86962446,bruine bonen,30‐7‐2024,Ghana,ASIA EXPRESS FOOD B.V.,Overige bestrijdingsmiddelen,,,,CONFORM
1509,bonen (droog),86962454,groene mungbonen,30‐7‐2024,Thailand,ASIA EXPRESS FOOD B.V.,haloxyfop (som),0.045,0.15,,CONFORM
1510,bonen (droog),86962454,groene mungbonen,30‐7‐2024,Thailand,ASIA EXPRESS FOOD B.V.,Overige bestrijdingsmiddelen,,,,CONFORM
1511,"bonen (met peul, vers)",86808706,Hariciverts,25‐9‐2024,Marokko,PLUS,azoxystrobin,0.017,3.0,,CONFORM
1512,"bonen (met peul, vers)",86808706,Hariciverts,25‐9‐2024,Marokko,PLUS,boscalid,0.044,5.0,,CONFORM
1513,"bonen (met peul, vers)",86808706,Hariciverts,25‐9‐2024,Marokko,PLUS,chloorantraniliprole,0.017,0.8,,CONFORM
1514,"bonen (met peul, vers)",86808706,Hariciverts,25‐9‐2024,Marokko,PLUS,fluopyram,0.0063,3.0,,CONFORM
1515,"bonen (met peul, vers)",86808706,Hariciverts,25‐9‐2024,Marokko,PLUS,Overige bestrijdingsmiddelen,,,,CONFORM
1516,"bonen (met peul, vers)",86815575,haricots verts,13‐5‐2024,Kenia,RUSTENBURG GROOTHANDEL B.V.,Overige bestrijdingsmiddelen,,,,CONFORM
1517,"bonen (met peul, vers)",86997576,haricots verts,30‐9‐2024,Ethiopië,O. SMEDING EN ZOON B.V.,azoxystrobin,0.0052,3.0,,CONFORM
1518,"bonen (met peul, vers)",86997576,haricots verts,30‐9‐2024,Ethiopië,O. SMEDING EN ZOON B.V.,chloorantraniliprole,0.0072,0.8,,CONFORM
1519,"bonen (met peul, vers)",86997576,haricots verts,30‐9‐2024,Ethiopië,O. SMEDING EN ZOON B.V.,Overige bestrijdingsmiddelen,,,,CONFORM
1520,"bonen (met peul, vers)",99469684,Spekbonen,25‐9‐2024,Nederland,KRUIZE BOERDERIJWINKEL,Overige bestrijdingsmiddelen,,,,CONFORM
1521,bosuien/groene uien en stengeluien,86788144,Bosui,14‐2‐2024,Marokko,PICNIC FULFILLMENTCENTRUM,azoxystrobin,0.021,10.0,,CONFORM
1522,bosuien/groene uien en stengeluien,86788144,Bosui,14‐2‐2024,Marokko,PICNIC FULFILLMENTCENTRUM,difenoconazool,0.0094,9.0,,CONFORM
1523,bosuien/groene uien en stengeluien,86788144,Bosui,14‐2‐2024,Marokko,PICNIC FULFILLMENTCENTRUM,dimethomorf,0.014,9.0,,CONFORM
1524,bosuien/groene uien en stengeluien,86788144,Bosui,14‐2‐2024,Marokko,PICNIC FULFILLMENTCENTRUM,pyraclostrobin,0.022,1.5,,CONFORM
1525,bosuien/groene uien en stengeluien,86788144,Bosui,14‐2‐2024,Marokko,PICNIC FULFILLMENTCENTRUM,Overige bestrijdingsmiddelen,,,,CONFORM
1526,bosuien/groene uien en stengeluien,86798719,Bundzwiebeln,24‐4‐2024,Duitsland,TUINDERIJ VERS B.V.,ametoctradin,0.17,20.0,,CONFORM
1527,bosuien/groene uien en stengeluien,86798719,Bundzwiebeln,24‐4‐2024,Duitsland,TUINDERIJ VERS B.V.,cyprodinil,0.2,0.8,,CONFORM
1528,bosuien/groene uien en stengeluien,86798719,Bundzwiebeln,24‐4‐2024,Duitsland,TUINDERIJ VERS B.V.,dimethomorf,0.019,9.0,,CONFORM
1529,bosuien/groene uien en stengeluien,86798719,Bundzwiebeln,24‐4‐2024,Duitsland,TUINDERIJ VERS B.V.,fludioxonil,0.055,5.0,,CONFORM
1530,bosuien/groene uien en stengeluien,86798719,Bundzwiebeln,24‐4‐2024,Duitsland,TUINDERIJ VERS B.V.,Overige bestrijdingsmiddelen,,,,CONFORM
1531,bosuien/groene uien en stengeluien,86807602,Bosuien,12‐8‐2024,Nederland,PICNIC FULFILLMENTCENTRUM,fluopicolide,1.3,10.0,,CONFORM
1532,bosuien/groene uien en stengeluien,86807602,Bosuien,12‐8‐2024,Nederland,PICNIC FULFILLMENTCENTRUM,fluopyram,0.014,3.0,,CONFORM
1533,bosuien/groene uien en stengeluien,86807602,Bosuien,12‐8‐2024,Nederland,PICNIC FULFILLMENTCENTRUM,oxathiapiproline,0.025,2.0,,CONFORM
1534,bosuien/groene uien en stengeluien,86807602,Bosuien,12‐8‐2024,Nederland,PICNIC FULFILLMENTCENTRUM,propamocarb,6.6,30.0,,CONFORM
1535,bosuien/groene uien en stengeluien,86807602,Bosuien,12‐8‐2024,Nederland,PICNIC FULFILLMENTCENTRUM,spinosad,0.0074,4.0,,CONFORM
1536,bosuien/groene uien en stengeluien,86807602,Bosuien,12‐8‐2024,Nederland,PICNIC FULFILLMENTCENTRUM,Overige bestrijdingsmiddelen,,,,CONFORM
1537,bosuien/groene uien en stengeluien,86809389,bosui,27‐5‐2024,Nederland,UDEA B.V. (HOOFDKANTOOR),Overige bestrijdingsmiddelen,,,,CONFORM
1538,bosuien/groene uien en stengeluien,86833018,bosui,5‐11‐2024,Duitsland,IMPEX‐HEEMSKERK B.V. H7,ametoctradin,1.3,20.0,,CONFORM
1539,bosuien/groene uien en stengeluien,86833018,bosui,5‐11‐2024,Duitsland,IMPEX‐HEEMSKERK B.V. H7,azoxystrobin,0.19,10.0,,CONFORM
1540,bosuien/groene uien en stengeluien,86833018,bosui,5‐11‐2024,Duitsland,IMPEX‐HEEMSKERK B.V. H7,dimethomorf,0.46,9.0,,CONFORM
1541,bosuien/groene uien en stengeluien,86833018,bosui,5‐11‐2024,Duitsland,IMPEX‐HEEMSKERK B.V. H7,Overige bestrijdingsmiddelen,,,,CONFORM
1542,bramen,86759152,Bramen,15‐4‐2024,België,HOLLANDER BARENDRECHT B.V.,cyprodinil,0.03,3.0,,CONFORM
1543,bramen,86759152,Bramen,15‐4‐2024,België,HOLLANDER BARENDRECHT B.V.,fludioxonil,0.18,5.0,,CONFORM
1544,bramen,86759152,Bramen,15‐4‐2024,België,HOLLANDER BARENDRECHT B.V.,flupyradifurone,0.1,6.0,,CONFORM
1545,bramen,86759152,Bramen,15‐4‐2024,België,HOLLANDER BARENDRECHT B.V.,Overige bestrijdingsmiddelen,,,,CONFORM
1546,bramen,86812088,Bramen,24‐4‐2024,België,COÖPERATIE KONINKLIJKE FRUITMASTERS U.A.,flonicamid (som),0.023,1.0,,CONFORM
1547,bramen,86812088,Bramen,24‐4‐2024,België,COÖPERATIE KONINKLIJKE FRUITMASTERS U.A.,Overige bestrijdingsmiddelen,,,,CONFORM
1548,braziliaanse guaves,86924501,Red Guava,24‐4‐2024,Brazilië,BRIMA FRUIT BV,cyfluthrin,0.015,0.01,,NIET CONFORM*
1549,braziliaanse guaves,86924501,Red Guava,24‐4‐2024,Brazilië,BRIMA FRUIT BV,imidacloprid,0.013,0.01,,NIET CONFORM*
1550,braziliaanse guaves,86924501,Red Guava,24‐4‐2024,Brazilië,BRIMA FRUIT BV,tebuconazool,0.0066,0.02,,CONFORM
1551,braziliaanse guaves,86924501,Red Guava,24‐4‐2024,Brazilië,BRIMA FRUIT BV,Overige bestrijdingsmiddelen,,,,CONFORM
1552,broccoli,86759055,Broccoli,15‐4‐2024,Spanje,HOLLANDER BARENDRECHT B.V.,Overige bestrijdingsmiddelen,,,,CONFORM
1553,broccoli,86775565,Biologische broccoli,12‐8‐2024,Nederland,HOLLANDER BARENDRECHT B.V.,Overige bestrijdingsmiddelen,,,,CONFORM
1554,broccoli,86781395,Broccoli,26‐6‐2024,Nederland,LIDL,spirotetramat (som),0.021,1.0,,CONFORM
1555,broccoli,86781395,Broccoli,26‐6‐2024,Nederland,LIDL,Overige bestrijdingsmiddelen,,,,CONFORM
1556,broccoli,86788101,Broccoli,14‐2‐2024,Spanje,PICNIC FULFILLMENTCENTRUM,boscalid,0.0068,5.0,,CONFORM
1557,broccoli,86788101,Broccoli,14‐2‐2024,Spanje,PICNIC FULFILLMENTCENTRUM,spirotetramat (som),0.08,1.0,,CONFORM
1558,broccoli,86788101,Broccoli,14‐2‐2024,Spanje,PICNIC FULFILLMENTCENTRUM,Overige bestrijdingsmiddelen,,,,CONFORM
1559,broccoli,86797305,Brocoli,26‐3‐2024,Spanje,VAN GELDER RIDDERKERK B.V.,difenoconazool,0.0052,1.0,,CONFORM
1560,broccoli,86797305,Brocoli,26‐3‐2024,Spanje,VAN GELDER RIDDERKERK B.V.,fluxapyroxad,0.014,2.0,,CONFORM
1561,broccoli,86797305,Brocoli,26‐3‐2024,Spanje,VAN GELDER RIDDERKERK B.V.,propamocarb,0.0056,3.0,,CONFORM
1562,broccoli,86797305,Brocoli,26‐3‐2024,Spanje,VAN GELDER RIDDERKERK B.V.,spirotetramat (som),0.046,1.0,,CONFORM
1563,broccoli,86797305,Brocoli,26‐3‐2024,Spanje,VAN GELDER RIDDERKERK B.V.,Overige bestrijdingsmiddelen,,,,CONFORM
1564,broccoli,86797836,Broccoliroosjes,8‐4‐2024,België,DE JONG DIEPVRIES B.V.,chloraat,0.038,0.4,,CONFORM
1565,broccoli,86797836,Broccoliroosjes,8‐4‐2024,België,DE JONG DIEPVRIES B.V.,Overige bestrijdingsmiddelen,,,,CONFORM
1566,broccoli,86797925,Broccoli roosjes,9‐4‐2024,Nederland,ARDO B.V.,boscalid,0.028,5.0,,CONFORM
1567,broccoli,86797925,Broccoli roosjes,9‐4‐2024,Nederland,ARDO B.V.,chloraat,0.025,0.4,,CONFORM
1568,broccoli,86797925,Broccoli roosjes,9‐4‐2024,Nederland,ARDO B.V.,difenoconazool,0.011,1.0,,CONFORM
1569,broccoli,86797925,Broccoli roosjes,9‐4‐2024,Nederland,ARDO B.V.,pyraclostrobin,0.016,0.5,,CONFORM
1570,broccoli,86797925,Broccoli roosjes,9‐4‐2024,Nederland,ARDO B.V.,Overige bestrijdingsmiddelen,,,,CONFORM
1571,broccoli,86805375,Broccoli,28‐5‐2024,Spanje,FIRMA POSTUMA‐KAMPEN,propamocarb,0.0061,3.0,,CONFORM
1572,broccoli,86805375,Broccoli,28‐5‐2024,Spanje,FIRMA POSTUMA‐KAMPEN,Overige bestrijdingsmiddelen,,,,CONFORM
1573,broccoli,86807572,Broccoli,12‐8‐2024,Nederland,PICNIC FULFILLMENTCENTRUM,Overige bestrijdingsmiddelen,,,,CONFORM
1574,broccoli,86808676,Broccoli,25‐9‐2024,Nederland,PLUS,propamocarb,0.046,3.0,,CONFORM
1575,broccoli,86808676,Broccoli,25‐9‐2024,Nederland,PLUS,Overige bestrijdingsmiddelen,,,,CONFORM
1576,broccoli,86811065,broccoli,6‐3‐2024,Spanje,UDEA B.V. (HOOFDKANTOOR),Overige bestrijdingsmiddelen,,,,CONFORM
1577,broccoli,86811685,Broccoli,16‐4‐2024,Spanje,EUROFRESH,chloorantraniliprole,0.0082,1.5,,CONFORM
1578,broccoli,86811685,Broccoli,16‐4‐2024,Spanje,EUROFRESH,cyhalothrin‐lambda,0.0057,0.1,,CONFORM
1579,broccoli,86811685,Broccoli,16‐4‐2024,Spanje,EUROFRESH,spirotetramat (som),0.032,1.0,,CONFORM
1580,broccoli,86811685,Broccoli,16‐4‐2024,Spanje,EUROFRESH,Overige bestrijdingsmiddelen,,,,CONFORM
1581,broccoli,86832542,Broccoli,24‐10‐2024,Spanje,STAAY‐VAN RIJN,metalaxyl,0.011,0.2,,CONFORM
1582,broccoli,86832542,Broccoli,24‐10‐2024,Spanje,STAAY‐VAN RIJN,pendimethalin,0.0051,0.05,,CONFORM
1583,broccoli,86832542,Broccoli,24‐10‐2024,Spanje,STAAY‐VAN RIJN,Overige bestrijdingsmiddelen,,,,CONFORM
1584,broccoli,86832879,Broccoli,29‐10‐2024,Nederland,JOHN WIEGMANS GROENTEN EN FRUIT GROOTHANDEL,Overige bestrijdingsmiddelen,,,,CONFORM
1585,broccoli,86846411,broccoli,12‐11‐2024,Nederland,GREENS & SALADS B.V.,clopyralid,0.031,1.5,,CONFORM
1586,broccoli,86846411,broccoli,12‐11‐2024,Nederland,GREENS & SALADS B.V.,spirotetramat (som),0.26,1.0,,CONFORM
1587,broccoli,86846411,broccoli,12‐11‐2024,Nederland,GREENS & SALADS B.V.,Overige bestrijdingsmiddelen,,,,CONFORM
1588,broccoli,86867575,Broccoli,8‐4‐2024,Spanje,HESSING GREENPOORT,cypermethrin,0.024,1.0,,CONFORM
1589,broccoli,86867575,Broccoli,8‐4‐2024,Spanje,HESSING GREENPOORT,Overige bestrijdingsmiddelen,,,,CONFORM
1590,broccoli,86894548,Broccoli,21‐8‐2024,Nederland,JUMBO DISTRIBUTIECENTRUM (409),chloorantraniliprole,0.01,1.5,,CONFORM
1591,broccoli,86894548,Broccoli,21‐8‐2024,Nederland,JUMBO DISTRIBUTIECENTRUM (409),spirotetramat (som),0.013,1.0,,CONFORM
1592,broccoli,86894548,Broccoli,21‐8‐2024,Nederland,JUMBO DISTRIBUTIECENTRUM (409),Overige bestrijdingsmiddelen,,,,CONFORM
1593,broccoli,86894998,Broccoli,5‐9‐2024,Duitsland,EUROFRESH,chloorantraniliprole,0.01,1.5,,CONFORM
1594,broccoli,86894998,Broccoli,5‐9‐2024,Duitsland,EUROFRESH,Overige bestrijdingsmiddelen,,,,CONFORM
1595,broccoli,86924773,Broccoli,22‐5‐2024,Spanje,COOP SUPERMARKTEN,azoxystrobin,0.027,5.0,,CONFORM
1596,broccoli,86924773,Broccoli,22‐5‐2024,Spanje,COOP SUPERMARKTEN,Overige bestrijdingsmiddelen,,,,CONFORM
1597,broccoli,86996006,broccoli,11‐3‐2024,Spanje,KONINKLIJKE VEZET B.V.,fluopicolide,0.0052,2.0,,CONFORM
1598,broccoli,86996006,broccoli,11‐3‐2024,Spanje,KONINKLIJKE VEZET B.V.,propamocarb,0.031,3.0,,CONFORM
1599,broccoli,86996006,broccoli,11‐3‐2024,Spanje,KONINKLIJKE VEZET B.V.,Overige bestrijdingsmiddelen,,,,CONFORM
1600,broccoli,86996081,broccoli,13‐3‐2024,Landcode onbekend,HESSING ZWAAGDIJK B.V.,acetamiprid,0.016,0.4,,CONFORM
1601,broccoli,86996081,broccoli,13‐3‐2024,Landcode onbekend,HESSING ZWAAGDIJK B.V.,azoxystrobin,0.053,5.0,,CONFORM
1602,broccoli,86996081,broccoli,13‐3‐2024,Landcode onbekend,HESSING ZWAAGDIJK B.V.,boscalid,0.016,5.0,,CONFORM
1603,broccoli,86996081,broccoli,13‐3‐2024,Landcode onbekend,HESSING ZWAAGDIJK B.V.,difenoconazool,0.026,1.0,,CONFORM
1604,broccoli,86996081,broccoli,13‐3‐2024,Landcode onbekend,HESSING ZWAAGDIJK B.V.,propamocarb,0.0066,3.0,,CONFORM
1605,broccoli,86996081,broccoli,13‐3‐2024,Landcode onbekend,HESSING ZWAAGDIJK B.V.,Overige bestrijdingsmiddelen,,,,CONFORM
1606,broccoli,99389346,broccoli,9‐1‐2024,Nederland,ALBERT HEIJN XL,acetamiprid,0.009,0.4,,CONFORM
1607,broccoli,99389346,broccoli,9‐1‐2024,Nederland,ALBERT HEIJN XL,bromide,4.8,30.0,,CONFORM
1608,broccoli,99389346,broccoli,9‐1‐2024,Nederland,ALBERT HEIJN XL,difenoconazool,0.042,1.0,,CONFORM
1609,broccoli,99389346,broccoli,9‐1‐2024,Nederland,ALBERT HEIJN XL,koper,0.52,20.0,,CONFORM
1610,broccoli,99389346,broccoli,9‐1‐2024,Nederland,ALBERT HEIJN XL,spirotetramat (som),0.008,1.0,,CONFORM
1611,broccoli,99389346,broccoli,9‐1‐2024,Nederland,ALBERT HEIJN XL,Overige bestrijdingsmiddelen,,,,CONFORM
1612,broccoli,99390247,Broccoli,6‐2‐2024,Spanje,COOP MAASBREE,bromide,0.71,30.0,,CONFORM
1613,broccoli,99390247,Broccoli,6‐2‐2024,Spanje,COOP MAASBREE,chloraat,0.6,0.4,,NIET CONFORM*
1614,broccoli,99390247,Broccoli,6‐2‐2024,Spanje,COOP MAASBREE,koper,0.6,20.0,,CONFORM
1615,broccoli,99390247,Broccoli,6‐2‐2024,Spanje,COOP MAASBREE,Overige bestrijdingsmiddelen,,,,CONFORM
1616,broccoli,99401672,Biologische Broccoli,23‐1‐2024,Spanje,PLUS BECKERS,bromide,1.2,30.0,,CONFORM
1617,broccoli,99401672,Biologische Broccoli,23‐1‐2024,Spanje,PLUS BECKERS,koper,0.49,20.0,,CONFORM
1618,broccoli,99401672,Biologische Broccoli,23‐1‐2024,Spanje,PLUS BECKERS,Overige bestrijdingsmiddelen,,,,CONFORM
1619,broccoli,99401931,Broccoli,30‐1‐2024,Spanje,LIDL,bromide,0.27,30.0,,CONFORM
1620,broccoli,99401931,Broccoli,30‐1‐2024,Spanje,LIDL,koper,0.55,20.0,,CONFORM
1621,broccoli,99401931,Broccoli,30‐1‐2024,Spanje,LIDL,Overige bestrijdingsmiddelen,,,,CONFORM
1622,broccoli,99402318,Broccoli,6‐2‐2024,Landcode onbekend,JUMBO SUPERMARKT,azoxystrobin,0.017,5.0,,CONFORM
1623,broccoli,99402318,Broccoli,6‐2‐2024,Landcode onbekend,JUMBO SUPERMARKT,bromide,0.81,30.0,,CONFORM
1624,broccoli,99402318,Broccoli,6‐2‐2024,Landcode onbekend,JUMBO SUPERMARKT,difenoconazool,0.01,1.0,,CONFORM
1625,broccoli,99402318,Broccoli,6‐2‐2024,Landcode onbekend,JUMBO SUPERMARKT,koper,0.47,20.0,,CONFORM
1626,broccoli,99402318,Broccoli,6‐2‐2024,Landcode onbekend,JUMBO SUPERMARKT,Overige bestrijdingsmiddelen,,,,CONFORM
1627,broccoli,99414448,broccoli,16‐1‐2024,Spanje,LIDL,bromide,0.7,30.0,,CONFORM
1628,broccoli,99414448,broccoli,16‐1‐2024,Spanje,LIDL,koper,0.44,20.0,,CONFORM
1629,broccoli,99414448,broccoli,16‐1‐2024,Spanje,LIDL,propamocarb,0.012,3.0,,CONFORM
1630,broccoli,99414448,broccoli,16‐1‐2024,Spanje,LIDL,Overige bestrijdingsmiddelen,,,,CONFORM
1631,broccoli,99414766,broccoli,24‐1‐2024,Spanje,COOP ALMELO,azoxystrobin,0.0072,5.0,,CONFORM
1632,broccoli,99414766,broccoli,24‐1‐2024,Spanje,COOP ALMELO,bromide,0.48,30.0,,CONFORM
1633,broccoli,99414766,broccoli,24‐1‐2024,Spanje,COOP ALMELO,chloraat,0.16,0.4,,CONFORM
1634,broccoli,99414766,broccoli,24‐1‐2024,Spanje,COOP ALMELO,koper,0.56,20.0,,CONFORM
1635,broccoli,99414766,broccoli,24‐1‐2024,Spanje,COOP ALMELO,spirotetramat (som),0.019,1.0,,CONFORM
1636,broccoli,99414766,broccoli,24‐1‐2024,Spanje,COOP ALMELO,Overige bestrijdingsmiddelen,,,,CONFORM
1637,broccoli,99415118,broccoli,30‐1‐2024,Spanje,DIRK,bromide,0.41,30.0,,CONFORM
1638,broccoli,99415118,broccoli,30‐1‐2024,Spanje,DIRK,koper,0.64,20.0,,CONFORM
1639,broccoli,99415118,broccoli,30‐1‐2024,Spanje,DIRK,Overige bestrijdingsmiddelen,,,,CONFORM
1640,broccoli,99415851,AH Bio broccoli,7‐2‐2024,Spanje,"ALBERT HEIJN, TJ VOSSELMAN SUPERMARKT T.H.O.D.N.",bromide,4.2,30.0,,CONFORM
1641,broccoli,99415851,AH Bio broccoli,7‐2‐2024,Spanje,"ALBERT HEIJN, TJ VOSSELMAN SUPERMARKT T.H.O.D.N.",koper,0.43,20.0,,CONFORM
1642,broccoli,99415851,AH Bio broccoli,7‐2‐2024,Spanje,"ALBERT HEIJN, TJ VOSSELMAN SUPERMARKT T.H.O.D.N.",Overige bestrijdingsmiddelen,,,,CONFORM
1643,broccoli,99420596,Broccoli 500gr,6‐2‐2024,Spanje,ALDI MARKT,bromide,3.9,30.0,,CONFORM
1644,broccoli,99420596,Broccoli 500gr,6‐2‐2024,Spanje,ALDI MARKT,difenoconazool,0.0076,1.0,,CONFORM
1645,broccoli,99420596,Broccoli 500gr,6‐2‐2024,Spanje,ALDI MARKT,fluopyram,0.013,0.5,,CONFORM
1646,broccoli,99420596,Broccoli 500gr,6‐2‐2024,Spanje,ALDI MARKT,koper,0.58,20.0,,CONFORM
1647,broccoli,99420596,Broccoli 500gr,6‐2‐2024,Spanje,ALDI MARKT,metalaxyl,0.0074,0.2,,CONFORM
1648,broccoli,99420596,Broccoli 500gr,6‐2‐2024,Spanje,ALDI MARKT,Overige bestrijdingsmiddelen,,,,CONFORM
1649,broccoli,99634774,Broccoli,31‐1‐2024,Spanje,JUMBO SUPERMARKT,bromide,0.62,30.0,,CONFORM
1650,broccoli,99634774,Broccoli,31‐1‐2024,Spanje,JUMBO SUPERMARKT,chloraat,0.023,0.4,,CONFORM
1651,broccoli,99634774,Broccoli,31‐1‐2024,Spanje,JUMBO SUPERMARKT,koper,0.48,20.0,,CONFORM
1652,broccoli,99634774,Broccoli,31‐1‐2024,Spanje,JUMBO SUPERMARKT,propamocarb,0.0058,3.0,,CONFORM
1653,broccoli,99634774,Broccoli,31‐1‐2024,Spanje,JUMBO SUPERMARKT,spirotetramat (som),0.044,1.0,,CONFORM
1654,broccoli,99634774,Broccoli,31‐1‐2024,Spanje,JUMBO SUPERMARKT,Overige bestrijdingsmiddelen,,,,CONFORM
1655,broccoli,99634863,"Bio Broccoli, Klasse 1",31‐1‐2024,Spanje,JUMBO SUPERMARKT,bromide,3.3,30.0,,CONFORM
1656,broccoli,99634863,"Bio Broccoli, Klasse 1",31‐1‐2024,Spanje,JUMBO SUPERMARKT,koper,0.73,20.0,,CONFORM
1657,broccoli,99634863,"Bio Broccoli, Klasse 1",31‐1‐2024,Spanje,JUMBO SUPERMARKT,Overige bestrijdingsmiddelen,,,,CONFORM
1658,broccoli,99634928,"broccoli, Klasse I, Tehlma",24‐1‐2024,Spanje,LIDL,bromide,0.24,30.0,,CONFORM
1659,broccoli,99634928,"broccoli, Klasse I, Tehlma",24‐1‐2024,Spanje,LIDL,koper,0.57,20.0,,CONFORM
1660,broccoli,99634928,"broccoli, Klasse I, Tehlma",24‐1‐2024,Spanje,LIDL,Overige bestrijdingsmiddelen,,,,CONFORM
1661,broccoli,99635754,Broccoli,7‐2‐2024,Landcode onbekend,DIRK VAN DER BROEK,bromide,2.5,30.0,,CONFORM
1662,broccoli,99635754,Broccoli,7‐2‐2024,Landcode onbekend,DIRK VAN DER BROEK,koper,0.6,20.0,,CONFORM
1663,broccoli,99635754,Broccoli,7‐2‐2024,Landcode onbekend,DIRK VAN DER BROEK,spirotetramat (som),0.007,1.0,,CONFORM
1664,broccoli,99635754,Broccoli,7‐2‐2024,Landcode onbekend,DIRK VAN DER BROEK,Overige bestrijdingsmiddelen,,,,CONFORM
1665,broccoli,99642912,Broccoli,11‐1‐2024,Spanje,LIDL,acetamiprid,0.011,0.4,,CONFORM
1666,broccoli,99642912,Broccoli,11‐1‐2024,Spanje,LIDL,azoxystrobin,0.038,5.0,,CONFORM
1667,broccoli,99642912,Broccoli,11‐1‐2024,Spanje,LIDL,bromide,0.25,30.0,,CONFORM
1668,broccoli,99642912,Broccoli,11‐1‐2024,Spanje,LIDL,difenoconazool,0.017,1.0,,CONFORM
1669,broccoli,99642912,Broccoli,11‐1‐2024,Spanje,LIDL,koper,0.67,20.0,,CONFORM
1670,broccoli,99642912,Broccoli,11‐1‐2024,Spanje,LIDL,Overige bestrijdingsmiddelen,,,,CONFORM
1671,broccoli,99643056,Broccoli,3‐1‐2024,Nederland,ALBERT HEIJN,azoxystrobin,0.0081,5.0,,CONFORM
1672,broccoli,99643056,Broccoli,3‐1‐2024,Nederland,ALBERT HEIJN,bromide,2.8,30.0,,CONFORM
1673,broccoli,99643056,Broccoli,3‐1‐2024,Nederland,ALBERT HEIJN,koper,0.48,20.0,,CONFORM
1674,broccoli,99643056,Broccoli,3‐1‐2024,Nederland,ALBERT HEIJN,Overige bestrijdingsmiddelen,,,,CONFORM
1675,broccoli,99643099,"Broccoli, Klasse: I",10‐1‐2024,Spanje,ALDI MARKT,acetamiprid,0.022,0.4,,CONFORM
1676,broccoli,99643099,"Broccoli, Klasse: I",10‐1‐2024,Spanje,ALDI MARKT,azoxystrobin,0.065,5.0,,CONFORM
1677,broccoli,99643099,"Broccoli, Klasse: I",10‐1‐2024,Spanje,ALDI MARKT,bromide,1.3,30.0,,CONFORM
1678,broccoli,99643099,"Broccoli, Klasse: I",10‐1‐2024,Spanje,ALDI MARKT,difenoconazool,0.032,1.0,,CONFORM
1679,broccoli,99643099,"Broccoli, Klasse: I",10‐1‐2024,Spanje,ALDI MARKT,fluvalinaat,0.031,0.3,,CONFORM
1680,broccoli,99643099,"Broccoli, Klasse: I",10‐1‐2024,Spanje,ALDI MARKT,koper,0.49,20.0,,CONFORM
1681,broccoli,99643099,"Broccoli, Klasse: I",10‐1‐2024,Spanje,ALDI MARKT,mandipropamid,0.0055,2.0,,CONFORM
1682,broccoli,99643099,"Broccoli, Klasse: I",10‐1‐2024,Spanje,ALDI MARKT,metalaxyl,0.062,0.2,,CONFORM
1683,broccoli,99643099,"Broccoli, Klasse: I",10‐1‐2024,Spanje,ALDI MARKT,Overige bestrijdingsmiddelen,,,,CONFORM
1684,broccoli,99643293,Biologische broccoli,17‐1‐2024,Spanje,PLUS DE WEERD,Overige bestrijdingsmiddelen,,,,CONFORM
1685,broccoli,99645415,BROCCOLI,16‐1‐2024,Spanje,ALDI MARKT,bromide,2.5,30.0,,CONFORM
1686,broccoli,99645415,BROCCOLI,16‐1‐2024,Spanje,ALDI MARKT,koper,0.4,20.0,,CONFORM
1687,broccoli,99645415,BROCCOLI,16‐1‐2024,Spanje,ALDI MARKT,Overige bestrijdingsmiddelen,,,,CONFORM
1688,broccoli,99648562,Broccoli,3‐1‐2024,Landcode onbekend,JUMBO SUPERMARKT,bromide,1.3,30.0,,CONFORM
1689,broccoli,99648562,Broccoli,3‐1‐2024,Landcode onbekend,JUMBO SUPERMARKT,chloraat,0.5,0.4,,NIET CONFORM*
1690,broccoli,99648562,Broccoli,3‐1‐2024,Landcode onbekend,JUMBO SUPERMARKT,deltamethrin,0.026,0.1,,CONFORM
1691,broccoli,99648562,Broccoli,3‐1‐2024,Landcode onbekend,JUMBO SUPERMARKT,koper,0.46,20.0,,CONFORM
1692,broccoli,99648562,Broccoli,3‐1‐2024,Landcode onbekend,JUMBO SUPERMARKT,propamocarb,0.0096,3.0,,CONFORM
1693,broccoli,99648562,Broccoli,3‐1‐2024,Landcode onbekend,JUMBO SUPERMARKT,spirotetramat (som),0.02,1.0,,CONFORM
1694,broccoli,99648562,Broccoli,3‐1‐2024,Landcode onbekend,JUMBO SUPERMARKT,Overige bestrijdingsmiddelen,,,,CONFORM
1695,broccoli,99658754,Broccoli,2‐1‐2024,Spanje,ALDI MARKT,bromide,9.3,30.0,,CONFORM
1696,broccoli,99658754,Broccoli,2‐1‐2024,Spanje,ALDI MARKT,difenoconazool,0.068,1.0,,CONFORM
1697,broccoli,99658754,Broccoli,2‐1‐2024,Spanje,ALDI MARKT,koper,0.51,20.0,,CONFORM
1698,broccoli,99658754,Broccoli,2‐1‐2024,Spanje,ALDI MARKT,Overige bestrijdingsmiddelen,,,,CONFORM
1699,broccoli,99659262,broccoli,11‐1‐2024,Spanje,PLUS BRUGHUIS,koper,0.53,20.0,,CONFORM
1700,broccoli,99659262,broccoli,11‐1‐2024,Spanje,PLUS BRUGHUIS,spirotetramat (som),0.01,1.0,,CONFORM
1701,broccoli,99659262,broccoli,11‐1‐2024,Spanje,PLUS BRUGHUIS,Overige bestrijdingsmiddelen,,,,CONFORM
1702,broccoli,99659874,AH broccoli los,17‐1‐2024,Spanje,ALBERT HEIJN,bromide,0.6,30.0,,CONFORM
1703,broccoli,99659874,AH broccoli los,17‐1‐2024,Spanje,ALBERT HEIJN,koper,0.57,20.0,,CONFORM
1704,broccoli,99659874,AH broccoli los,17‐1‐2024,Spanje,ALBERT HEIJN,Overige bestrijdingsmiddelen,,,,CONFORM
1705,broccoli,99660031,broccoli verpakt,23‐1‐2024,Spanje,JUMBO SUPERMARKT,bromide,0.57,30.0,,CONFORM
1706,broccoli,99660031,broccoli verpakt,23‐1‐2024,Spanje,JUMBO SUPERMARKT,koper,0.68,20.0,,CONFORM
1707,broccoli,99660031,broccoli verpakt,23‐1‐2024,Spanje,JUMBO SUPERMARKT,spirotetramat (som),0.011,1.0,,CONFORM
1708,broccoli,99660031,broccoli verpakt,23‐1‐2024,Spanje,JUMBO SUPERMARKT,Overige bestrijdingsmiddelen,,,,CONFORM
1709,carambolas,86759489,Carambolas,23‐4‐2024,Maleisië,KRAAIJEVELD,cypermethrin,0.0058,0.2,,CONFORM
1710,carambolas,86759489,Carambolas,23‐4‐2024,Maleisië,KRAAIJEVELD,difenoconazool,0.008,0.1,,CONFORM
1711,carambolas,86759489,Carambolas,23‐4‐2024,Maleisië,KRAAIJEVELD,Overige bestrijdingsmiddelen,,,,CONFORM
1712,carambolas,86804786,carambolas,8‐4‐2024,Maleisië,O. SMEDING EN ZOON B.V.,cypermethrin,0.056,0.2,,CONFORM
1713,carambolas,86804786,carambolas,8‐4‐2024,Maleisië,O. SMEDING EN ZOON B.V.,difenoconazool,0.013,0.1,,CONFORM
1714,carambolas,86804786,carambolas,8‐4‐2024,Maleisië,O. SMEDING EN ZOON B.V.,Overige bestrijdingsmiddelen,,,,CONFORM
1715,carambolas,86850877,Carambola,16‐10‐2024,Maleisië,FRUCO B.V.,cypermethrin,0.03,0.2,,CONFORM
1716,carambolas,86850877,Carambola,16‐10‐2024,Maleisië,FRUCO B.V.,Overige bestrijdingsmiddelen,,,,CONFORM
1717,carambolas,86924498,Carambola,24‐4‐2024,Maleisië,BRIMA FRUIT BV,cypermethrin,0.03,0.2,,CONFORM
1718,carambolas,86924498,Carambola,24‐4‐2024,Maleisië,BRIMA FRUIT BV,difenoconazool,0.013,0.1,,CONFORM
1719,carambolas,86924498,Carambola,24‐4‐2024,Maleisië,BRIMA FRUIT BV,Overige bestrijdingsmiddelen,,,,CONFORM
1720,carambolas,86984369,Carambolas,11‐11‐2024,Maleisië,FRESH SOLUTIONS NETHERLANDS B.V.,Overige bestrijdingsmiddelen,,,,CONFORM
1721,cashewnoten,85168428,"Cashew Nuts Splits (Light Roasted), Lot: 6600138665/1",10‐10‐2024,Vietnam,STOLP INTERNATIONAL B.V.,Overige bestrijdingsmiddelen,,,,CONFORM
1722,cashewnoten,86787814,Cashewnoten ongezouten,29‐1‐2024,Landcode onbekend,OLIVA B.V.,pirimifos‐methyl,0.04,0.01,,NIET CONFORM
1723,cashewnoten,86787814,Cashewnoten ongezouten,29‐1‐2024,Landcode onbekend,OLIVA B.V.,Overige bestrijdingsmiddelen,,,,CONFORM
1724,cashewnoten,86802473,Cashewnoten,30‐1‐2024,Vietnam,TOVANO,Overige bestrijdingsmiddelen,,,,CONFORM
1725,cashewnoten,86803534,cashew ongezouten,12‐2‐2024,Landcode onbekend,DISTRIBUTIECENTRUM ALBERT HEIJN,Overige bestrijdingsmiddelen,,,,CONFORM
1726,cashewnoten,86803569,ongebrande cashewnoten,12‐2‐2024,Landcode onbekend,DISTRIBUTIECENTRUM ALBERT HEIJN,Overige bestrijdingsmiddelen,,,,CONFORM
1727,cashewnoten,86803623,cashew gezouten,12‐2‐2024,Landcode onbekend,DISTRIBUTIECENTRUM ALBERT HEIJN,Overige bestrijdingsmiddelen,,,,CONFORM
1728,cashewnoten,86804794,gezouten cashewnoten,9‐4‐2024,Landcode onbekend,POIESZ SUPERMARKTEN SNEEK B.V.,Overige bestrijdingsmiddelen,,,,CONFORM
1729,cashewnoten,86804816,cashewnoten gezouten,9‐4‐2024,Landcode onbekend,POIESZ SUPERMARKTEN SNEEK B.V.,Overige bestrijdingsmiddelen,,,,CONFORM
1730,cashewnoten,86866617,cahewnoten,19‐3‐2024,Landcode onbekend,VERHOEF PACKAGING B.V.,Overige bestrijdingsmiddelen,,,,CONFORM
1731,cashewnoten,86984911,Cashewnoten,19‐11‐2024,China,ILG,Overige bestrijdingsmiddelen,,,,CONFORM
1732,cassave/maniok,86781867,Yuca,2‐9‐2024,Costa Rica,BEL IMPEX,Overige bestrijdingsmiddelen,,,,CONFORM
1733,cavendish‐bananen,86794365,biologische bananen,4‐6‐2024,Equador,POIESZ SUPERMARKTEN SNEEK B.V.,spinosad,0.049,2.0,,CONFORM
1734,cavendish‐bananen,86794365,biologische bananen,4‐6‐2024,Equador,POIESZ SUPERMARKTEN SNEEK B.V.,Overige bestrijdingsmiddelen,,,,CONFORM
1735,cavendish‐bananen,86844052,Apple Banana,28‐10‐2024,Oeganda,BUTT INTERNATIONAL IMPORT & EXPORT,Overige bestrijdingsmiddelen,,,,CONFORM
1736,cavendish‐bananen,99437065,"Bananen, Variety: Cavendish",3‐9‐2024,Colombia,DE FRAMBOZENBOERDERIJ,azoxystrobin,0.032,2.0,,CONFORM
1737,cavendish‐bananen,99437065,"Bananen, Variety: Cavendish",3‐9‐2024,Colombia,DE FRAMBOZENBOERDERIJ,bifenthrin,0.016,0.1,,CONFORM
1738,cavendish‐bananen,99437065,"Bananen, Variety: Cavendish",3‐9‐2024,Colombia,DE FRAMBOZENBOERDERIJ,fenpropimorf,0.0068,0.6,,CONFORM
1739,cavendish‐bananen,99437065,"Bananen, Variety: Cavendish",3‐9‐2024,Colombia,DE FRAMBOZENBOERDERIJ,koper,0.66,20.0,,CONFORM
1740,cavendish‐bananen,99437065,"Bananen, Variety: Cavendish",3‐9‐2024,Colombia,DE FRAMBOZENBOERDERIJ,pyriproxyfen,0.053,0.7,,CONFORM
1741,cavendish‐bananen,99437065,"Bananen, Variety: Cavendish",3‐9‐2024,Colombia,DE FRAMBOZENBOERDERIJ,thiabendazool,0.14,6.0,,CONFORM
1742,cavendish‐bananen,99437065,"Bananen, Variety: Cavendish",3‐9‐2024,Colombia,DE FRAMBOZENBOERDERIJ,Overige bestrijdingsmiddelen,,,,CONFORM
1743,cavendish‐bananen,99437642,"Bananen, Variety: Cavendish",9‐9‐2024,Colombia,GROENTE‐EN FRUITSHOP JAN FIDDER,azoxystrobin,0.19,2.0,,CONFORM
1744,cavendish‐bananen,99437642,"Bananen, Variety: Cavendish",9‐9‐2024,Colombia,GROENTE‐EN FRUITSHOP JAN FIDDER,bifenthrin,0.0095,0.1,,CONFORM
1745,cavendish‐bananen,99437642,"Bananen, Variety: Cavendish",9‐9‐2024,Colombia,GROENTE‐EN FRUITSHOP JAN FIDDER,captan (som),0.012,0.03,,CONFORM
1746,cavendish‐bananen,99437642,"Bananen, Variety: Cavendish",9‐9‐2024,Colombia,GROENTE‐EN FRUITSHOP JAN FIDDER,koper,0.68,20.0,,CONFORM
1747,cavendish‐bananen,99437642,"Bananen, Variety: Cavendish",9‐9‐2024,Colombia,GROENTE‐EN FRUITSHOP JAN FIDDER,myclobutanil,0.11,3.0,,CONFORM
1748,cavendish‐bananen,99437642,"Bananen, Variety: Cavendish",9‐9‐2024,Colombia,GROENTE‐EN FRUITSHOP JAN FIDDER,pyriproxyfen,0.033,0.7,,CONFORM
1749,cavendish‐bananen,99437642,"Bananen, Variety: Cavendish",9‐9‐2024,Colombia,GROENTE‐EN FRUITSHOP JAN FIDDER,Overige bestrijdingsmiddelen,,,,CONFORM
1750,cavendish‐bananen,99634766,"Cavendish Bananas, size min 21 cm",31‐1‐2024,Colombia,JUMBO SUPERMARKT,azoxystrobin,1.2,2.0,,CONFORM
1751,cavendish‐bananen,99634766,"Cavendish Bananas, size min 21 cm",31‐1‐2024,Colombia,JUMBO SUPERMARKT,bifenthrin,0.017,0.1,,CONFORM
1752,cavendish‐bananen,99634766,"Cavendish Bananas, size min 21 cm",31‐1‐2024,Colombia,JUMBO SUPERMARKT,bromide,0.32,50.0,,CONFORM
1753,cavendish‐bananen,99634766,"Cavendish Bananas, size min 21 cm",31‐1‐2024,Colombia,JUMBO SUPERMARKT,fenpropimorf,0.013,0.6,,CONFORM
1754,cavendish‐bananen,99634766,"Cavendish Bananas, size min 21 cm",31‐1‐2024,Colombia,JUMBO SUPERMARKT,koper,0.65,20.0,,CONFORM
1755,cavendish‐bananen,99634766,"Cavendish Bananas, size min 21 cm",31‐1‐2024,Colombia,JUMBO SUPERMARKT,pyriproxyfen,0.098,0.7,,CONFORM
1756,cavendish‐bananen,99634766,"Cavendish Bananas, size min 21 cm",31‐1‐2024,Colombia,JUMBO SUPERMARKT,Overige bestrijdingsmiddelen,,,,CONFORM
1757,"cayenne, chilipoeder",86815133,chili peper,29‐4‐2024,Landcode onbekend,TUANA KRUIDEN B.V.,acetamiprid,0.02,1.5,5,CONFORM
1758,"cayenne, chilipoeder",86815133,chili peper,29‐4‐2024,Landcode onbekend,TUANA KRUIDEN B.V.,carbendazim,0.22,0.5,5,CONFORM
1759,"cayenne, chilipoeder",86815133,chili peper,29‐4‐2024,Landcode onbekend,TUANA KRUIDEN B.V.,chloorantraniliprole,0.22,5.0,5,CONFORM
1760,"cayenne, chilipoeder",86815133,chili peper,29‐4‐2024,Landcode onbekend,TUANA KRUIDEN B.V.,chloorfenapyr,0.16,0.05,5,NIET CONFORM
1761,"cayenne, chilipoeder",86815133,chili peper,29‐4‐2024,Landcode onbekend,TUANA KRUIDEN B.V.,clothianidin,0.12,0.2,5,CONFORM
1762,"cayenne, chilipoeder",86815133,chili peper,29‐4‐2024,Landcode onbekend,TUANA KRUIDEN B.V.,cyhalothrin‐lambda,0.13,0.5,5,CONFORM
1763,"cayenne, chilipoeder",86815133,chili peper,29‐4‐2024,Landcode onbekend,TUANA KRUIDEN B.V.,cypermethrin,0.029,2.5,5,CONFORM
1764,"cayenne, chilipoeder",86815133,chili peper,29‐4‐2024,Landcode onbekend,TUANA KRUIDEN B.V.,lufenuron,0.014,4.0,5,CONFORM
1765,"cayenne, chilipoeder",86815133,chili peper,29‐4‐2024,Landcode onbekend,TUANA KRUIDEN B.V.,pyraclostrobin,0.029,2.5,5,CONFORM
1766,"cayenne, chilipoeder",86815133,chili peper,29‐4‐2024,Landcode onbekend,TUANA KRUIDEN B.V.,spirotetramat (som),0.015,5.0,5,CONFORM
1767,"cayenne, chilipoeder",86815133,chili peper,29‐4‐2024,Landcode onbekend,TUANA KRUIDEN B.V.,tebuconazool,0.047,3.0,5,CONFORM
1768,"cayenne, chilipoeder",86815133,chili peper,29‐4‐2024,Landcode onbekend,TUANA KRUIDEN B.V.,thiamethoxam,0.036,3.5,5,CONFORM
1769,"cayenne, chilipoeder",86815133,chili peper,29‐4‐2024,Landcode onbekend,TUANA KRUIDEN B.V.,trichloorfon,0.025,0.05,5,CONFORM
1770,"cayenne, chilipoeder",86815133,chili peper,29‐4‐2024,Landcode onbekend,TUANA KRUIDEN B.V.,Overige bestrijdingsmiddelen,,,5,CONFORM
1771,"cayenne, chilipoeder",86815141,chili peper,29‐4‐2024,Landcode onbekend,TUANA KRUIDEN B.V.,Overige bestrijdingsmiddelen,,,,CONFORM
1772,champignons,86809303,Porabella,27‐5‐2024,Nederland,UDEA B.V. (HOOFDKANTOOR),Overige bestrijdingsmiddelen,,,,CONFORM
1773,champignons,86814447,kastanje champignons,19‐2‐2024,Nederland,DEKAMARKT LOGISTIEK B.V. (VERSCENTRALE),Overige bestrijdingsmiddelen,,,,CONFORM
1774,champignons,99181567,Kastanje Champignon,29‐8‐2024,Nederland,EKOPLAZA (KRUISSTRAAT),koper,2.4,20.0,,CONFORM
1775,champignons,99181567,Kastanje Champignon,29‐8‐2024,Nederland,EKOPLAZA (KRUISSTRAAT),Overige bestrijdingsmiddelen,,,,CONFORM
1776,champignons,99389389,witte champignons,9‐1‐2024,Nederland,ALBERT HEIJN XL,bromide,0.72,30.0,,CONFORM
1777,champignons,99389389,witte champignons,9‐1‐2024,Nederland,ALBERT HEIJN XL,koper,2.1,20.0,,CONFORM
1778,champignons,99389389,witte champignons,9‐1‐2024,Nederland,ALBERT HEIJN XL,Overige bestrijdingsmiddelen,,,,CONFORM
1779,champignons,99390328,champignons,6‐2‐2024,Nederland,COOP MAASBREE,koper,1.4,20.0,,CONFORM
1780,champignons,99390328,champignons,6‐2‐2024,Nederland,COOP MAASBREE,tetramethrin,0.0077,0.01,,CONFORM
1781,champignons,99390328,champignons,6‐2‐2024,Nederland,COOP MAASBREE,Overige bestrijdingsmiddelen,,,,CONFORM
1782,champignons,99401729,Kastanje Champignons,24‐1‐2024,Nederland,PLUS STURING,koper,1.5,20.0,,CONFORM
1783,champignons,99401729,Kastanje Champignons,24‐1‐2024,Nederland,PLUS STURING,Overige bestrijdingsmiddelen,,,,CONFORM
1784,champignons,99401958,Witte champignons,30‐1‐2024,Landcode onbekend,LIDL,koper,1.5,20.0,,CONFORM
1785,champignons,99401958,Witte champignons,30‐1‐2024,Landcode onbekend,LIDL,Overige bestrijdingsmiddelen,,,,CONFORM
1786,champignons,99402342,Champignons Middel,6‐2‐2024,Nederland,JUMBO SUPERMARKT,koper,1.5,20.0,,CONFORM
1787,champignons,99402342,Champignons Middel,6‐2‐2024,Nederland,JUMBO SUPERMARKT,tetramethrin,0.0085,0.01,,CONFORM
1788,champignons,99402342,Champignons Middel,6‐2‐2024,Nederland,JUMBO SUPERMARKT,Overige bestrijdingsmiddelen,,,,CONFORM
1789,champignons,99414464,Kastanjechampignons,16‐1‐2024,Nederland,LIDL,koper,1.5,20.0,,CONFORM
1790,champignons,99414464,Kastanjechampignons,16‐1‐2024,Nederland,LIDL,Overige bestrijdingsmiddelen,,,,CONFORM
1791,champignons,99414855,champignons,24‐1‐2024,Nederland,COOP ALMELO,koper,1.5,20.0,,CONFORM
1792,champignons,99414855,champignons,24‐1‐2024,Nederland,COOP ALMELO,Overige bestrijdingsmiddelen,,,,CONFORM
1793,champignons,99415126,kastanje champignons,30‐1‐2024,Nederland,DIRK,koper,1.9,20.0,,CONFORM
1794,champignons,99415126,kastanje champignons,30‐1‐2024,Nederland,DIRK,Overige bestrijdingsmiddelen,,,,CONFORM
1795,champignons,99415789,AH witte champignons,7‐2‐2024,Nederland,"ALBERT HEIJN, TJ VOSSELMAN SUPERMARKT T.H.O.D.N.",koper,1.5,20.0,,CONFORM
1796,champignons,99415789,AH witte champignons,7‐2‐2024,Nederland,"ALBERT HEIJN, TJ VOSSELMAN SUPERMARKT T.H.O.D.N.",tetramethrin,0.013,0.01,,NIET CONFORM*
1797,champignons,99415789,AH witte champignons,7‐2‐2024,Nederland,"ALBERT HEIJN, TJ VOSSELMAN SUPERMARKT T.H.O.D.N.",Overige bestrijdingsmiddelen,,,,CONFORM
1798,champignons,99419865,Jumbo champignons 400gr,23‐1‐2024,Nederland,JUMBO SUPERMARKT,koper,2.1,20.0,,CONFORM
1799,champignons,99419865,Jumbo champignons 400gr,23‐1‐2024,Nederland,JUMBO SUPERMARKT,Overige bestrijdingsmiddelen,,,,CONFORM
1800,champignons,99420618,All Seasons champignons 400gr,6‐2‐2024,Nederland,ALDI MARKT,koper,2.4,20.0,,CONFORM
1801,champignons,99420618,All Seasons champignons 400gr,6‐2‐2024,Nederland,ALDI MARKT,Overige bestrijdingsmiddelen,,,,CONFORM
1802,champignons,99436913,Kastanjechampignons,3‐9‐2024,Nederland,DE FRAMBOZENBOERDERIJ,koper,1.4,20.0,,CONFORM
1803,champignons,99436913,Kastanjechampignons,3‐9‐2024,Nederland,DE FRAMBOZENBOERDERIJ,Overige bestrijdingsmiddelen,,,,CONFORM
1804,champignons,99438045,Champignons,9‐9‐2024,Nederland,GROENTE‐EN FRUITSHOP JAN FIDDER,koper,3.3,20.0,,CONFORM
1805,champignons,99438045,Champignons,9‐9‐2024,Nederland,GROENTE‐EN FRUITSHOP JAN FIDDER,Overige bestrijdingsmiddelen,,,,CONFORM
1806,champignons,99441631,champignons,20‐8‐2024,Nederland,ÖZEN FOOD MARKET,koper,2.4,20.0,,CONFORM
1807,champignons,99441631,champignons,20‐8‐2024,Nederland,ÖZEN FOOD MARKET,Overige bestrijdingsmiddelen,,,,CONFORM
1808,champignons,99447516,witte champignons,27‐8‐2024,Nederland,OZ BAKTAT,koper,3.2,20.0,,CONFORM
1809,champignons,99447516,witte champignons,27‐8‐2024,Nederland,OZ BAKTAT,Overige bestrijdingsmiddelen,,,,CONFORM
1810,champignons,99447842,witte champignons,3‐9‐2024,Nederland,WELKOM SUPERMARKT,diflubenzuron,0.038,0.01,,NIET CONFORM
1811,champignons,99447842,witte champignons,3‐9‐2024,Nederland,WELKOM SUPERMARKT,koper,2.4,20.0,,CONFORM
1812,champignons,99447842,witte champignons,3‐9‐2024,Nederland,WELKOM SUPERMARKT,Overige bestrijdingsmiddelen,,,,CONFORM
1813,champignons,99452218,WITTE CHAMPIGNONS,12‐9‐2024,Nederland,AGF DE GRAAF,Overige bestrijdingsmiddelen,,,,CONFORM
1814,champignons,99634685,Champignons,31‐1‐2024,Nederland,JUMBO SUPERMARKT,koper,1.3,20.0,,CONFORM
1815,champignons,99634685,Champignons,31‐1‐2024,Nederland,JUMBO SUPERMARKT,Overige bestrijdingsmiddelen,,,,CONFORM
1816,champignons,99635304,Witte champignons van Hollandse bodem,24‐1‐2024,Nederland,LIDL,koper,1.8,20.0,,CONFORM
1817,champignons,99635304,Witte champignons van Hollandse bodem,24‐1‐2024,Nederland,LIDL,Overige bestrijdingsmiddelen,,,,CONFORM
1818,champignons,99636106,Kastanjechampignons,7‐2‐2024,Nederland,DIRK VAN DER BROEK,koper,1.2,20.0,,CONFORM
1819,champignons,99636106,Kastanjechampignons,7‐2‐2024,Nederland,DIRK VAN DER BROEK,tetramethrin,0.0058,0.01,,CONFORM
1820,champignons,99636106,Kastanjechampignons,7‐2‐2024,Nederland,DIRK VAN DER BROEK,Overige bestrijdingsmiddelen,,,,CONFORM
1821,champignons,99642432,Kastanjechampignons,3‐1‐2024,Nederland,ALBERT HEIJN,bromide,0.82,30.0,,CONFORM
1822,champignons,99642432,Kastanjechampignons,3‐1‐2024,Nederland,ALBERT HEIJN,koper,1.3,20.0,,CONFORM
1823,champignons,99642432,Kastanjechampignons,3‐1‐2024,Nederland,ALBERT HEIJN,Overige bestrijdingsmiddelen,,,,CONFORM
1824,champignons,99643072,Witte champignons,11‐1‐2024,Nederland,LIDL,koper,2.0,20.0,,CONFORM
1825,champignons,99643072,Witte champignons,11‐1‐2024,Nederland,LIDL,Overige bestrijdingsmiddelen,,,,CONFORM
1826,champignons,99643188,"Kastanjechampignons, Maat 35‐55",10‐1‐2024,Nederland,ALDI MARKT,bromide,0.46,30.0,,CONFORM
1827,champignons,99643188,"Kastanjechampignons, Maat 35‐55",10‐1‐2024,Nederland,ALDI MARKT,koper,1.5,20.0,,CONFORM
1828,champignons,99643188,"Kastanjechampignons, Maat 35‐55",10‐1‐2024,Nederland,ALDI MARKT,Overige bestrijdingsmiddelen,,,,CONFORM
1829,champignons,99643358,Kastanjechampignons,17‐1‐2024,Nederland,PLUS DE WEERD,Overige bestrijdingsmiddelen,,,,CONFORM
1830,champignons,99648635,Champignons Middel,4‐1‐2024,Nederland,JUMBO SUPERMARKT,bromide,0.52,30.0,,CONFORM
1831,champignons,99648635,Champignons Middel,4‐1‐2024,Nederland,JUMBO SUPERMARKT,koper,1.6,20.0,,CONFORM
1832,champignons,99648635,Champignons Middel,4‐1‐2024,Nederland,JUMBO SUPERMARKT,Overige bestrijdingsmiddelen,,,,CONFORM
1833,champignons,99658797,All Seasons kastanje champignons,2‐1‐2024,Nederland,ALDI MARKT,bromide,0.8,30.0,,CONFORM
1834,champignons,99658797,All Seasons kastanje champignons,2‐1‐2024,Nederland,ALDI MARKT,koper,1.1,20.0,,CONFORM
1835,champignons,99658797,All Seasons kastanje champignons,2‐1‐2024,Nederland,ALDI MARKT,Overige bestrijdingsmiddelen,,,,CONFORM
1836,champignons,99659246,champignons 400gr,10‐1‐2024,Nederland,PLUS LEUSINK,bromide,0.45,30.0,,CONFORM
1837,champignons,99659246,champignons 400gr,10‐1‐2024,Nederland,PLUS LEUSINK,koper,1.6,20.0,,CONFORM
1838,champignons,99659246,champignons 400gr,10‐1‐2024,Nederland,PLUS LEUSINK,Overige bestrijdingsmiddelen,,,,CONFORM
1839,champignons,99659793,AH kastanjechampignons 400gr,17‐1‐2024,Nederland,ALBERT HEIJN,chloraat,0.042,0.7,,CONFORM
1840,champignons,99659793,AH kastanjechampignons 400gr,17‐1‐2024,Nederland,ALBERT HEIJN,koper,2.7,20.0,,CONFORM
1841,champignons,99659793,AH kastanjechampignons 400gr,17‐1‐2024,Nederland,ALBERT HEIJN,Overige bestrijdingsmiddelen,,,,CONFORM
1842,"chayotes, vruchtgroente",86781832,Chayote Blanco,2‐9‐2024,Costa Rica,BEL IMPEX,Overige bestrijdingsmiddelen,,,,CONFORM
1843,"chayotes, vruchtgroente",86781859,Chayote,2‐9‐2024,Costa Rica,BEL IMPEX,flupyradifurone,0.016,0.6,,CONFORM
1844,"chayotes, vruchtgroente",86781859,Chayote,2‐9‐2024,Costa Rica,BEL IMPEX,Overige bestrijdingsmiddelen,,,,CONFORM
1845,"chayotes, vruchtgroente",86782049,Chayote,11‐9‐2024,Costa Rica,SUNDA B.V.,fluopyram,0.017,0.6,,CONFORM
1846,"chayotes, vruchtgroente",86782049,Chayote,11‐9‐2024,Costa Rica,SUNDA B.V.,Overige bestrijdingsmiddelen,,,,CONFORM
1847,"chayotes, vruchtgroente",86796589,Chayote,4‐3‐2024,Costa Rica,FRESH CHOI,Overige bestrijdingsmiddelen,,,,CONFORM
1848,"chayotes, vruchtgroente",86798883,Chayote,29‐4‐2024,Costa Rica,MITROFRESH,Overige bestrijdingsmiddelen,,,,CONFORM
1849,"chayotes, vruchtgroente",86845555,Chayote,18‐11‐2024,Costa Rica,JAGGOE IMPORT,fluopicolide,0.007,0.5,,CONFORM
1850,"chayotes, vruchtgroente",86845555,Chayote,18‐11‐2024,Costa Rica,JAGGOE IMPORT,flupyradifurone,0.0067,0.6,,CONFORM
1851,"chayotes, vruchtgroente",86845555,Chayote,18‐11‐2024,Costa Rica,JAGGOE IMPORT,Overige bestrijdingsmiddelen,,,,CONFORM
1852,chiazaad,99643331,Chiazaad,11‐1‐2024,Landcode onbekend,LIDL,Overige bestrijdingsmiddelen,,,,CONFORM
1853,chiazaad,99643609,Chiazaad,10‐1‐2024,Landcode onbekend,ALDI MARKT,Overige bestrijdingsmiddelen,,,,CONFORM
1854,chilipepers,86770091,rode chili s,4‐3‐2024,Verenigde Staten,HELLOFRESH DC PRISMALAAN,azoxystrobin,0.17,3.0,,CONFORM
1855,chilipepers,86770091,rode chili s,4‐3‐2024,Verenigde Staten,HELLOFRESH DC PRISMALAAN,cyflufenamid,0.027,0.06,,CONFORM
1856,chilipepers,86770091,rode chili s,4‐3‐2024,Verenigde Staten,HELLOFRESH DC PRISMALAAN,difenoconazool,0.27,0.9,,CONFORM
1857,chilipepers,86770091,rode chili s,4‐3‐2024,Verenigde Staten,HELLOFRESH DC PRISMALAAN,fluxapyroxad,0.048,0.6,,CONFORM
1858,chilipepers,86770091,rode chili s,4‐3‐2024,Verenigde Staten,HELLOFRESH DC PRISMALAAN,kresoxim‐methyl,0.051,0.8,,CONFORM
1859,chilipepers,86770091,rode chili s,4‐3‐2024,Verenigde Staten,HELLOFRESH DC PRISMALAAN,Overige bestrijdingsmiddelen,,,,CONFORM
1860,chilipepers,86797003,Chili Rawit Rood,15‐3‐2024,Kenia,EURO ASIA FRUIT DUTCH B.V.,carbendazim,0.49,0.1,,NIET CONFORM
1861,chilipepers,86797003,Chili Rawit Rood,15‐3‐2024,Kenia,EURO ASIA FRUIT DUTCH B.V.,chloorfenapyr,0.11,0.01,,NIET CONFORM
1862,chilipepers,86797003,Chili Rawit Rood,15‐3‐2024,Kenia,EURO ASIA FRUIT DUTCH B.V.,deltamethrin,0.036,0.2,,CONFORM
1863,chilipepers,86797003,Chili Rawit Rood,15‐3‐2024,Kenia,EURO ASIA FRUIT DUTCH B.V.,lufenuron,0.033,0.8,,CONFORM
1864,chilipepers,86797003,Chili Rawit Rood,15‐3‐2024,Kenia,EURO ASIA FRUIT DUTCH B.V.,thiofanaat‐methyl,0.19,0.1,,NIET CONFORM*
1865,chilipepers,86797003,Chili Rawit Rood,15‐3‐2024,Kenia,EURO ASIA FRUIT DUTCH B.V.,Overige bestrijdingsmiddelen,,,,CONFORM
1866,chilipepers,86797348,Red Chilli Pepper,26‐3‐2024,Marokko,VAN GELDER RIDDERKERK B.V.,difenoconazool,0.047,0.9,,CONFORM
1867,chilipepers,86797348,Red Chilli Pepper,26‐3‐2024,Marokko,VAN GELDER RIDDERKERK B.V.,fluxapyroxad,0.021,0.6,,CONFORM
1868,chilipepers,86797348,Red Chilli Pepper,26‐3‐2024,Marokko,VAN GELDER RIDDERKERK B.V.,spirotetramat (som),0.05,1.0,,CONFORM
1869,chilipepers,86797348,Red Chilli Pepper,26‐3‐2024,Marokko,VAN GELDER RIDDERKERK B.V.,thiabendazool,0.0075,0.01,,CONFORM
1870,chilipepers,86797348,Red Chilli Pepper,26‐3‐2024,Marokko,VAN GELDER RIDDERKERK B.V.,Overige bestrijdingsmiddelen,,,,CONFORM
1871,chilipepers,86798786,Jalapeno Groen,24‐4‐2024,Nederland,TUINDERIJ VERS B.V.,Overige bestrijdingsmiddelen,,,,CONFORM
1872,chilipepers,86800683,Picante Rojo,1‐7‐2024,Marokko,WELFRUIT ROTTERDAM,difenoconazool,0.028,0.9,,CONFORM
1873,chilipepers,86800683,Picante Rojo,1‐7‐2024,Marokko,WELFRUIT ROTTERDAM,fluxapyroxad,0.078,0.6,,CONFORM
1874,chilipepers,86800683,Picante Rojo,1‐7‐2024,Marokko,WELFRUIT ROTTERDAM,spirotetramat (som),0.041,1.0,,CONFORM
1875,chilipepers,86800683,Picante Rojo,1‐7‐2024,Marokko,WELFRUIT ROTTERDAM,thiabendazool,0.0055,0.01,,CONFORM
1876,chilipepers,86800683,Picante Rojo,1‐7‐2024,Marokko,WELFRUIT ROTTERDAM,Overige bestrijdingsmiddelen,,,,CONFORM
1877,chilipepers,86805235,green chili,23‐4‐2024,Rwanda,W. KARSTEN (CEKA),carbendazim,0.065,0.1,,CONFORM
1878,chilipepers,86805235,green chili,23‐4‐2024,Rwanda,W. KARSTEN (CEKA),cypermethrin,0.07,0.5,,CONFORM
1879,chilipepers,86805235,green chili,23‐4‐2024,Rwanda,W. KARSTEN (CEKA),profenofos,0.25,3.0,,CONFORM
1880,chilipepers,86805235,green chili,23‐4‐2024,Rwanda,W. KARSTEN (CEKA),thiabendazool,0.007,0.01,,CONFORM
1881,chilipepers,86805235,green chili,23‐4‐2024,Rwanda,W. KARSTEN (CEKA),Overige bestrijdingsmiddelen,,,,CONFORM
1882,chilipepers,86809214,chilipepers,21‐5‐2024,Tanzania,GROOTHANDEL GROENTE EN FRUIT S.C. VAN RAVENSWAAIJ,azoxystrobin,0.062,3.0,,CONFORM
1883,chilipepers,86809214,chilipepers,21‐5‐2024,Tanzania,GROOTHANDEL GROENTE EN FRUIT S.C. VAN RAVENSWAAIJ,Overige bestrijdingsmiddelen,,,,CONFORM
1884,chilipepers,86813408,green finger chilli,16‐1‐2024,Oeganda,ASIA EXPRESS FOOD B.V.,cypermethrin,0.0061,0.5,,CONFORM
1885,chilipepers,86813408,green finger chilli,16‐1‐2024,Oeganda,ASIA EXPRESS FOOD B.V.,flubendiamide,0.1,0.7,,CONFORM
1886,chilipepers,86813408,green finger chilli,16‐1‐2024,Oeganda,ASIA EXPRESS FOOD B.V.,spinosad,0.0063,0.6,,CONFORM
1887,chilipepers,86813408,green finger chilli,16‐1‐2024,Oeganda,ASIA EXPRESS FOOD B.V.,spirotetramat (som),0.07,1.0,,CONFORM
1888,chilipepers,86813408,green finger chilli,16‐1‐2024,Oeganda,ASIA EXPRESS FOOD B.V.,Overige bestrijdingsmiddelen,,,,CONFORM
1889,chilipepers,86813602,grove peper,30‐1‐2024,Landcode onbekend,BIBERIM B.V.,acetamiprid,0.013,1.5,5,CONFORM
1890,chilipepers,86813602,grove peper,30‐1‐2024,Landcode onbekend,BIBERIM B.V.,clothianidin,0.016,0.2,5,CONFORM
1891,chilipepers,86813602,grove peper,30‐1‐2024,Landcode onbekend,BIBERIM B.V.,imidacloprid,0.017,4.5,5,CONFORM
1892,chilipepers,86813602,grove peper,30‐1‐2024,Landcode onbekend,BIBERIM B.V.,thiamethoxam,0.016,3.5,5,CONFORM
1893,chilipepers,86813602,grove peper,30‐1‐2024,Landcode onbekend,BIBERIM B.V.,Overige bestrijdingsmiddelen,,,5,CONFORM
1894,chilipepers,86815001,habanero peper yellow,23‐4‐2024,Mexico,NANHOE IMPORT EXPORT B.V.,acetamiprid,0.037,0.3,,CONFORM
1895,chilipepers,86815001,habanero peper yellow,23‐4‐2024,Mexico,NANHOE IMPORT EXPORT B.V.,bifenthrin,0.025,0.5,,CONFORM
1896,chilipepers,86815001,habanero peper yellow,23‐4‐2024,Mexico,NANHOE IMPORT EXPORT B.V.,boscalid,0.043,3.0,,CONFORM
1897,chilipepers,86815001,habanero peper yellow,23‐4‐2024,Mexico,NANHOE IMPORT EXPORT B.V.,carbaryl,0.012,0.01,,NIET CONFORM*
1898,chilipepers,86815001,habanero peper yellow,23‐4‐2024,Mexico,NANHOE IMPORT EXPORT B.V.,carbendazim,0.25,0.1,,NIET CONFORM
1899,chilipepers,86815001,habanero peper yellow,23‐4‐2024,Mexico,NANHOE IMPORT EXPORT B.V.,clothianidin,0.054,0.04,,NIET CONFORM*
1900,chilipepers,86815001,habanero peper yellow,23‐4‐2024,Mexico,NANHOE IMPORT EXPORT B.V.,cypermethrin,0.02,0.5,,CONFORM
1901,chilipepers,86815001,habanero peper yellow,23‐4‐2024,Mexico,NANHOE IMPORT EXPORT B.V.,flupyradifurone,0.0095,0.9,,CONFORM
1902,chilipepers,86815001,habanero peper yellow,23‐4‐2024,Mexico,NANHOE IMPORT EXPORT B.V.,imidacloprid,0.026,0.9,,CONFORM
1903,chilipepers,86815001,habanero peper yellow,23‐4‐2024,Mexico,NANHOE IMPORT EXPORT B.V.,pyraclostrobin,0.0065,0.5,,CONFORM
1904,chilipepers,86815001,habanero peper yellow,23‐4‐2024,Mexico,NANHOE IMPORT EXPORT B.V.,spirotetramat (som),0.09,1.0,,CONFORM
1905,chilipepers,86815001,habanero peper yellow,23‐4‐2024,Mexico,NANHOE IMPORT EXPORT B.V.,sulfoxaflor,0.062,0.4,,CONFORM
1906,chilipepers,86815001,habanero peper yellow,23‐4‐2024,Mexico,NANHOE IMPORT EXPORT B.V.,thiofanaat‐methyl,0.44,0.1,,NIET CONFORM
1907,chilipepers,86815001,habanero peper yellow,23‐4‐2024,Mexico,NANHOE IMPORT EXPORT B.V.,Overige bestrijdingsmiddelen,,,,CONFORM
1908,chilipepers,86837021,habanero rood,6‐11‐2024,Marokko,JAN DE GEUS EN ZN B.V.,pirimicarb,0.0051,0.5,,CONFORM
1909,chilipepers,86837021,habanero rood,6‐11‐2024,Marokko,JAN DE GEUS EN ZN B.V.,spirotetramat (som),0.009,1.0,,CONFORM
1910,chilipepers,86837021,habanero rood,6‐11‐2024,Marokko,JAN DE GEUS EN ZN B.V.,Overige bestrijdingsmiddelen,,,,CONFORM
1911,chilipepers,86837617,chilli habanero geel,27‐11‐2024,Marokko,GEBROEDERS DE MOOIJ AMSTERDAM,Overige bestrijdingsmiddelen,,,,CONFORM
1912,chilipepers,86844036,Hot pappers habanero,28‐10‐2024,Nederland,BUTT INTERNATIONAL IMPORT & EXPORT,Overige bestrijdingsmiddelen,,,,CONFORM
1913,chilipepers,86867427,pepers rood,27‐3‐2024,Nederland,FRANKORT & KONING B.V.,Overige bestrijdingsmiddelen,,,,CONFORM
1914,chilipepers,86894637,Chilipepers red,27‐8‐2024,Nederland,AARTSEN VENLO B.V.,Overige bestrijdingsmiddelen,,,,CONFORM
1915,chilipepers,86909723,Padron peper groen,16‐1‐2024,Marokko,FIRMA POSTUMA‐KAMPEN,boscalid,0.21,3.0,,CONFORM
1916,chilipepers,86909723,Padron peper groen,16‐1‐2024,Marokko,FIRMA POSTUMA‐KAMPEN,pyraclostrobin,0.04,0.5,,CONFORM
1917,chilipepers,86909723,Padron peper groen,16‐1‐2024,Marokko,FIRMA POSTUMA‐KAMPEN,spirotetramat (som),0.011,1.0,,CONFORM
1918,chilipepers,86909723,Padron peper groen,16‐1‐2024,Marokko,FIRMA POSTUMA‐KAMPEN,Overige bestrijdingsmiddelen,,,,CONFORM
1919,chilipepers,86996146,rode pepers,13‐3‐2024,Spanje,HESSING ZWAAGDIJK B.V.,fluopyram,0.09,2.0,,CONFORM
1920,chilipepers,86996146,rode pepers,13‐3‐2024,Spanje,HESSING ZWAAGDIJK B.V.,trifloxystrobin,0.043,0.4,,CONFORM
1921,chilipepers,86996146,rode pepers,13‐3‐2024,Spanje,HESSING ZWAAGDIJK B.V.,Overige bestrijdingsmiddelen,,,,CONFORM
1922,chilipepers,86996413,bevroren rode pepers,25‐3‐2024,Vietnam,ORIENTAL ENTERPRISE TONG FONG,azoxystrobin,0.021,3.0,,CONFORM
1923,chilipepers,86996413,bevroren rode pepers,25‐3‐2024,Vietnam,ORIENTAL ENTERPRISE TONG FONG,chloorfenapyr,0.12,0.01,,NIET CONFORM
1924,chilipepers,86996413,bevroren rode pepers,25‐3‐2024,Vietnam,ORIENTAL ENTERPRISE TONG FONG,cypermethrin,0.036,0.5,,CONFORM
1925,chilipepers,86996413,bevroren rode pepers,25‐3‐2024,Vietnam,ORIENTAL ENTERPRISE TONG FONG,cyproconazool,0.038,0.05,,CONFORM
1926,chilipepers,86996413,bevroren rode pepers,25‐3‐2024,Vietnam,ORIENTAL ENTERPRISE TONG FONG,difenoconazool,0.067,0.9,,CONFORM
1927,chilipepers,86996413,bevroren rode pepers,25‐3‐2024,Vietnam,ORIENTAL ENTERPRISE TONG FONG,dimethoaat,0.042,0.01,,NIET CONFORM
1928,chilipepers,86996413,bevroren rode pepers,25‐3‐2024,Vietnam,ORIENTAL ENTERPRISE TONG FONG,fenobucarb,0.014,0.01,,NIET CONFORM*
1929,chilipepers,86996413,bevroren rode pepers,25‐3‐2024,Vietnam,ORIENTAL ENTERPRISE TONG FONG,fenthoaat,0.0062,0.01,,CONFORM
1930,chilipepers,86996413,bevroren rode pepers,25‐3‐2024,Vietnam,ORIENTAL ENTERPRISE TONG FONG,hexaconazool,0.083,0.01,,NIET CONFORM
1931,chilipepers,86996413,bevroren rode pepers,25‐3‐2024,Vietnam,ORIENTAL ENTERPRISE TONG FONG,imidacloprid,0.049,0.9,,CONFORM
1932,chilipepers,86996413,bevroren rode pepers,25‐3‐2024,Vietnam,ORIENTAL ENTERPRISE TONG FONG,iprovalicarb,0.024,0.01,,NIET CONFORM
1933,chilipepers,86996413,bevroren rode pepers,25‐3‐2024,Vietnam,ORIENTAL ENTERPRISE TONG FONG,metalaxyl,0.034,0.5,,CONFORM
1934,chilipepers,86996413,bevroren rode pepers,25‐3‐2024,Vietnam,ORIENTAL ENTERPRISE TONG FONG,omethoaat,0.017,0.01,,NIET CONFORM*
1935,chilipepers,86996413,bevroren rode pepers,25‐3‐2024,Vietnam,ORIENTAL ENTERPRISE TONG FONG,profenofos,0.42,3.0,,CONFORM
1936,chilipepers,86996413,bevroren rode pepers,25‐3‐2024,Vietnam,ORIENTAL ENTERPRISE TONG FONG,propamocarb,0.0073,3.0,,CONFORM
1937,chilipepers,86996413,bevroren rode pepers,25‐3‐2024,Vietnam,ORIENTAL ENTERPRISE TONG FONG,propiconazool,0.3,0.01,,NIET CONFORM
1938,chilipepers,86996413,bevroren rode pepers,25‐3‐2024,Vietnam,ORIENTAL ENTERPRISE TONG FONG,pyraclostrobin,0.12,0.5,,CONFORM
1939,chilipepers,86996413,bevroren rode pepers,25‐3‐2024,Vietnam,ORIENTAL ENTERPRISE TONG FONG,thiamethoxam,0.014,0.7,,CONFORM
1940,chilipepers,86996413,bevroren rode pepers,25‐3‐2024,Vietnam,ORIENTAL ENTERPRISE TONG FONG,Overige bestrijdingsmiddelen,,,,CONFORM
1941,chilipepers,86998726,red finger chili,16‐10‐2024,Oeganda,ASIA EXPRESS FOOD B.V.,azoxystrobin,0.35,3.0,,CONFORM
1942,chilipepers,86998726,red finger chili,16‐10‐2024,Oeganda,ASIA EXPRESS FOOD B.V.,chloorantraniliprole,0.28,1.0,,CONFORM
1943,chilipepers,86998726,red finger chili,16‐10‐2024,Oeganda,ASIA EXPRESS FOOD B.V.,cypermethrin,0.064,0.5,,CONFORM
1944,chilipepers,86998726,red finger chili,16‐10‐2024,Oeganda,ASIA EXPRESS FOOD B.V.,difenoconazool,0.17,0.9,,CONFORM
1945,chilipepers,86998726,red finger chili,16‐10‐2024,Oeganda,ASIA EXPRESS FOOD B.V.,spinosad,0.0052,0.6,,CONFORM
1946,chilipepers,86998726,red finger chili,16‐10‐2024,Oeganda,ASIA EXPRESS FOOD B.V.,sulfoxaflor,0.015,0.4,,CONFORM
1947,chilipepers,86998726,red finger chili,16‐10‐2024,Oeganda,ASIA EXPRESS FOOD B.V.,Overige bestrijdingsmiddelen,,,,CONFORM
1948,chinaperen,86847337,Korean Pear,20‐11‐2024,China,HERMAN KUIJPER B.V.,chloorfenapyr,0.006,0.01,,CONFORM
1949,chinaperen,86847337,Korean Pear,20‐11‐2024,China,HERMAN KUIJPER B.V.,cyhalothrin‐lambda,0.02,0.08,,CONFORM
1950,chinaperen,86847337,Korean Pear,20‐11‐2024,China,HERMAN KUIJPER B.V.,indoxacarb,0.0059,0.01,,CONFORM
1951,chinaperen,86847337,Korean Pear,20‐11‐2024,China,HERMAN KUIJPER B.V.,lufenuron,0.019,1.0,,CONFORM
1952,chinaperen,86847337,Korean Pear,20‐11‐2024,China,HERMAN KUIJPER B.V.,Overige bestrijdingsmiddelen,,,,CONFORM
1953,chinese kool/petsai,86796996,Col Picuda,15‐3‐2024,Spanje,EURO ASIA FRUIT DUTCH B.V.,metalaxyl,0.016,0.02,,CONFORM
1954,chinese kool/petsai,86796996,Col Picuda,15‐3‐2024,Spanje,EURO ASIA FRUIT DUTCH B.V.,tebuconazool,0.015,0.02,,CONFORM
1955,chinese kool/petsai,86796996,Col Picuda,15‐3‐2024,Spanje,EURO ASIA FRUIT DUTCH B.V.,Overige bestrijdingsmiddelen,,,,CONFORM
1956,chinese kool/petsai,86809419,chinese kool,27‐5‐2024,Nederland,UDEA B.V. (HOOFDKANTOOR),thiabendazool,0.012,0.01,,NIET CONFORM*
1957,chinese kool/petsai,86809419,chinese kool,27‐5‐2024,Nederland,UDEA B.V. (HOOFDKANTOOR),Overige bestrijdingsmiddelen,,,,CONFORM
1958,chinese kool/petsai,86811073,chinese kool,6‐3‐2024,Spanje,UDEA B.V. (HOOFDKANTOOR),thiabendazool,0.0062,0.01,,CONFORM
1959,chinese kool/petsai,86811073,chinese kool,6‐3‐2024,Spanje,UDEA B.V. (HOOFDKANTOOR),Overige bestrijdingsmiddelen,,,,CONFORM
1960,chinese kool/petsai,86837153,chinese kool,12‐11‐2024,Nederland,GROENTEPRODUCTIE FLEVOLAND B.V.,difenoconazool,0.0084,2.0,,CONFORM
1961,chinese kool/petsai,86837153,chinese kool,12‐11‐2024,Nederland,GROENTEPRODUCTIE FLEVOLAND B.V.,fenhexamid,0.0054,0.01,,CONFORM
1962,chinese kool/petsai,86837153,chinese kool,12‐11‐2024,Nederland,GROENTEPRODUCTIE FLEVOLAND B.V.,spirotetramat (som),0.34,7.0,,CONFORM
1963,chinese kool/petsai,86837153,chinese kool,12‐11‐2024,Nederland,GROENTEPRODUCTIE FLEVOLAND B.V.,Overige bestrijdingsmiddelen,,,,CONFORM
1964,chinese kool/petsai,86894874,Chinese kool,3‐9‐2024,Nederland,HESSING GREENPOORT,spinosad,0.012,2.0,,CONFORM
1965,chinese kool/petsai,86894874,Chinese kool,3‐9‐2024,Nederland,HESSING GREENPOORT,spirotetramat (som),0.02,7.0,,CONFORM
1966,chinese kool/petsai,86894874,Chinese kool,3‐9‐2024,Nederland,HESSING GREENPOORT,Overige bestrijdingsmiddelen,,,,CONFORM
1967,chinese kool/petsai,86963051,chinese kool,19‐8‐2024,Duitsland,FIRMA POSTUMA‐KAMPEN,spirotetramat (som),0.02,7.0,,CONFORM
1968,chinese kool/petsai,86963051,chinese kool,19‐8‐2024,Duitsland,FIRMA POSTUMA‐KAMPEN,Overige bestrijdingsmiddelen,,,,CONFORM
1969,chinese kool/petsai,99396857,Chinese kool,22‐8‐2024,Landcode onbekend,AMAZING ORIENTAL,spirotetramat (som),0.21,7.0,,CONFORM
1970,chinese kool/petsai,99396857,Chinese kool,22‐8‐2024,Landcode onbekend,AMAZING ORIENTAL,Overige bestrijdingsmiddelen,,,,CONFORM
1971,chinese kool/petsai,99451785,CHINESE KOOL,9‐9‐2024,Landcode onbekend,DE GOUDREINET,Overige bestrijdingsmiddelen,,,,CONFORM
1972,citroenen,86758016,Citroenen Primofiori,20‐3‐2024,Zuid Afrika,O. SMEDING EN ZOON B.V.,fludioxonil,3.5,10.0,,CONFORM
1973,citroenen,86758016,Citroenen Primofiori,20‐3‐2024,Zuid Afrika,O. SMEDING EN ZOON B.V.,hexythiazox,0.039,0.5,,CONFORM
1974,citroenen,86758016,Citroenen Primofiori,20‐3‐2024,Zuid Afrika,O. SMEDING EN ZOON B.V.,imazalil,1.3,5.0,,CONFORM
1975,citroenen,86758016,Citroenen Primofiori,20‐3‐2024,Zuid Afrika,O. SMEDING EN ZOON B.V.,pyriproxyfen,0.079,0.6,,CONFORM
1976,citroenen,86758016,Citroenen Primofiori,20‐3‐2024,Zuid Afrika,O. SMEDING EN ZOON B.V.,Overige bestrijdingsmiddelen,,,,CONFORM
1977,citroenen,86758881,Citroenen,8‐4‐2024,Spanje,QUALITY PRODUCE INTERNATIONAL (QPI),fludioxonil,1.8,10.0,,CONFORM
1978,citroenen,86758881,Citroenen,8‐4‐2024,Spanje,QUALITY PRODUCE INTERNATIONAL (QPI),hexythiazox,0.03,0.5,,CONFORM
1979,citroenen,86758881,Citroenen,8‐4‐2024,Spanje,QUALITY PRODUCE INTERNATIONAL (QPI),imazalil,2.2,5.0,,CONFORM
1980,citroenen,86758881,Citroenen,8‐4‐2024,Spanje,QUALITY PRODUCE INTERNATIONAL (QPI),propiconazool,0.012,0.01,,NIET CONFORM*
1981,citroenen,86758881,Citroenen,8‐4‐2024,Spanje,QUALITY PRODUCE INTERNATIONAL (QPI),pyrimethanil,0.049,8.0,,CONFORM
1982,citroenen,86758881,Citroenen,8‐4‐2024,Spanje,QUALITY PRODUCE INTERNATIONAL (QPI),spirotetramat (som),0.019,0.5,,CONFORM
1983,citroenen,86758881,Citroenen,8‐4‐2024,Spanje,QUALITY PRODUCE INTERNATIONAL (QPI),thiabendazool,0.17,7.0,,CONFORM
1984,citroenen,86758881,Citroenen,8‐4‐2024,Spanje,QUALITY PRODUCE INTERNATIONAL (QPI),Overige bestrijdingsmiddelen,,,,CONFORM
1985,citroenen,86782529,Lemons,30‐9‐2024,Zuid Afrika,V.O.F. GROOTHANDEL W. VAN GULIK,"2,4‐D",0.18,1.0,,CONFORM
1986,citroenen,86782529,Lemons,30‐9‐2024,Zuid Afrika,V.O.F. GROOTHANDEL W. VAN GULIK,azoxystrobin,0.012,15.0,,CONFORM
1987,citroenen,86782529,Lemons,30‐9‐2024,Zuid Afrika,V.O.F. GROOTHANDEL W. VAN GULIK,imazalil,2.6,5.0,,CONFORM
1988,citroenen,86782529,Lemons,30‐9‐2024,Zuid Afrika,V.O.F. GROOTHANDEL W. VAN GULIK,pyrimethanil,2.4,8.0,,CONFORM
1989,citroenen,86782529,Lemons,30‐9‐2024,Zuid Afrika,V.O.F. GROOTHANDEL W. VAN GULIK,thiabendazool,0.54,7.0,,CONFORM
1990,citroenen,86782529,Lemons,30‐9‐2024,Zuid Afrika,V.O.F. GROOTHANDEL W. VAN GULIK,Overige bestrijdingsmiddelen,,,,CONFORM
1991,citroenen,86782855,Citroenen,8‐10‐2024,Landcode onbekend,ALDI ZOETERMEER B.V.,hexythiazox,0.047,0.5,,CONFORM
1992,citroenen,86782855,Citroenen,8‐10‐2024,Landcode onbekend,ALDI ZOETERMEER B.V.,imazalil,1.0,5.0,,CONFORM
1993,citroenen,86782855,Citroenen,8‐10‐2024,Landcode onbekend,ALDI ZOETERMEER B.V.,pyridaben,0.021,0.3,,CONFORM
1994,citroenen,86782855,Citroenen,8‐10‐2024,Landcode onbekend,ALDI ZOETERMEER B.V.,pyrimethanil,0.12,8.0,,CONFORM
1995,citroenen,86782855,Citroenen,8‐10‐2024,Landcode onbekend,ALDI ZOETERMEER B.V.,spirotetramat (som),0.14,0.5,,CONFORM
1996,citroenen,86782855,Citroenen,8‐10‐2024,Landcode onbekend,ALDI ZOETERMEER B.V.,sulfoxaflor,0.007,0.4,,CONFORM
1997,citroenen,86782855,Citroenen,8‐10‐2024,Landcode onbekend,ALDI ZOETERMEER B.V.,Overige bestrijdingsmiddelen,,,,CONFORM
1998,citroenen,86797992,Citroenen,15‐4‐2024,Spanje,BAKKER CENTRALE INKOOP,bifenazaat (som),0.025,0.9,,CONFORM
1999,citroenen,86797992,Citroenen,15‐4‐2024,Spanje,BAKKER CENTRALE INKOOP,fenpyroximaat,0.06,0.5,,CONFORM
2000,citroenen,86797992,Citroenen,15‐4‐2024,Spanje,BAKKER CENTRALE INKOOP,hexythiazox,0.054,0.5,,CONFORM
2001,citroenen,86797992,Citroenen,15‐4‐2024,Spanje,BAKKER CENTRALE INKOOP,imazalil,1.4,5.0,,CONFORM
2002,citroenen,86797992,Citroenen,15‐4‐2024,Spanje,BAKKER CENTRALE INKOOP,pyriproxyfen,0.069,0.7,,CONFORM
2003,citroenen,86797992,Citroenen,15‐4‐2024,Spanje,BAKKER CENTRALE INKOOP,Overige bestrijdingsmiddelen,,,,CONFORM
2004,citroenen,86803437,Citroenen,14‐2‐2024,Spanje,ALDI ZOETERMEER B.V.,hexythiazox,0.0055,0.5,,CONFORM
2005,citroenen,86803437,Citroenen,14‐2‐2024,Spanje,ALDI ZOETERMEER B.V.,Overige bestrijdingsmiddelen,,,,CONFORM
2006,citroenen,86811197,citroenen,6‐3‐2024,Italië,UDEA B.V. (HOOFDKANTOOR),Overige bestrijdingsmiddelen,,,,CONFORM
2007,citroenen,86811677,Citroenen,16‐4‐2024,Spanje,EUROFRESH,bifenazaat (som),0.028,0.9,,CONFORM
2008,citroenen,86811677,Citroenen,16‐4‐2024,Spanje,EUROFRESH,fludioxonil,1.9,10.0,,CONFORM
2009,citroenen,86811677,Citroenen,16‐4‐2024,Spanje,EUROFRESH,hexythiazox,0.022,0.5,,CONFORM
2010,citroenen,86811677,Citroenen,16‐4‐2024,Spanje,EUROFRESH,imazalil,2.5,5.0,,CONFORM
2011,citroenen,86811677,Citroenen,16‐4‐2024,Spanje,EUROFRESH,propyzamid,0.0067,0.01,,CONFORM
2012,citroenen,86811677,Citroenen,16‐4‐2024,Spanje,EUROFRESH,spirotetramat (som),0.01,0.5,,CONFORM
2013,citroenen,86811677,Citroenen,16‐4‐2024,Spanje,EUROFRESH,Overige bestrijdingsmiddelen,,,,CONFORM
2014,citroenen,86812819,citroenen,21‐5‐2024,Zuid Afrika,GROOTHANDEL GROENTE EN FRUIT S.C. VAN RAVENSWAAIJ,azoxystrobin,0.13,15.0,,CONFORM
2015,citroenen,86812819,citroenen,21‐5‐2024,Zuid Afrika,GROOTHANDEL GROENTE EN FRUIT S.C. VAN RAVENSWAAIJ,fludioxonil,1.8,10.0,,CONFORM
2016,citroenen,86812819,citroenen,21‐5‐2024,Zuid Afrika,GROOTHANDEL GROENTE EN FRUIT S.C. VAN RAVENSWAAIJ,imazalil,3.1,5.0,,CONFORM
2017,citroenen,86812819,citroenen,21‐5‐2024,Zuid Afrika,GROOTHANDEL GROENTE EN FRUIT S.C. VAN RAVENSWAAIJ,propiconazool,0.0089,0.01,,CONFORM
2018,citroenen,86812819,citroenen,21‐5‐2024,Zuid Afrika,GROOTHANDEL GROENTE EN FRUIT S.C. VAN RAVENSWAAIJ,pyrimethanil,2.2,8.0,,CONFORM
2019,citroenen,86812819,citroenen,21‐5‐2024,Zuid Afrika,GROOTHANDEL GROENTE EN FRUIT S.C. VAN RAVENSWAAIJ,pyriproxyfen,0.0052,0.7,,CONFORM
2020,citroenen,86812819,citroenen,21‐5‐2024,Zuid Afrika,GROOTHANDEL GROENTE EN FRUIT S.C. VAN RAVENSWAAIJ,spirotetramat (som),0.03,0.5,,CONFORM
2021,citroenen,86812819,citroenen,21‐5‐2024,Zuid Afrika,GROOTHANDEL GROENTE EN FRUIT S.C. VAN RAVENSWAAIJ,thiabendazool,1.8,7.0,,CONFORM
2022,citroenen,86812819,citroenen,21‐5‐2024,Zuid Afrika,GROOTHANDEL GROENTE EN FRUIT S.C. VAN RAVENSWAAIJ,Overige bestrijdingsmiddelen,,,,CONFORM
2023,citroenen,86823535,Citroenen,3‐6‐2024,Spanje,BOON FOOD GROUP BV,fenpyroximaat,0.02,0.5,,CONFORM
2024,citroenen,86823535,Citroenen,3‐6‐2024,Spanje,BOON FOOD GROUP BV,fludioxonil,0.085,10.0,,CONFORM
2025,citroenen,86823535,Citroenen,3‐6‐2024,Spanje,BOON FOOD GROUP BV,hexythiazox,0.0098,0.5,,CONFORM
2026,citroenen,86823535,Citroenen,3‐6‐2024,Spanje,BOON FOOD GROUP BV,imazalil,1.4,5.0,,CONFORM
2027,citroenen,86823535,Citroenen,3‐6‐2024,Spanje,BOON FOOD GROUP BV,spirotetramat (som),0.017,0.5,,CONFORM
2028,citroenen,86823535,Citroenen,3‐6‐2024,Spanje,BOON FOOD GROUP BV,Overige bestrijdingsmiddelen,,,,CONFORM
2029,citroenen,86844079,Limon Promofiori,28‐10‐2024,Spanje,BUTT INTERNATIONAL IMPORT & EXPORT,fenpyroximaat,0.019,0.5,,CONFORM
2030,citroenen,86844079,Limon Promofiori,28‐10‐2024,Spanje,BUTT INTERNATIONAL IMPORT & EXPORT,hexythiazox,0.022,0.5,,CONFORM
2031,citroenen,86844079,Limon Promofiori,28‐10‐2024,Spanje,BUTT INTERNATIONAL IMPORT & EXPORT,imazalil,0.82,5.0,,CONFORM
2032,citroenen,86844079,Limon Promofiori,28‐10‐2024,Spanje,BUTT INTERNATIONAL IMPORT & EXPORT,pyriproxyfen,0.045,0.7,,CONFORM
2033,citroenen,86844079,Limon Promofiori,28‐10‐2024,Spanje,BUTT INTERNATIONAL IMPORT & EXPORT,spirotetramat (som),0.03,0.5,,CONFORM
2034,citroenen,86844079,Limon Promofiori,28‐10‐2024,Spanje,BUTT INTERNATIONAL IMPORT & EXPORT,Overige bestrijdingsmiddelen,,,,CONFORM
2035,citroenen,86846098,citroenen,23‐10‐2024,Spanje,LIDL,hexythiazox,0.012,0.5,,CONFORM
2036,citroenen,86846098,citroenen,23‐10‐2024,Spanje,LIDL,imazalil,1.3,5.0,,CONFORM
2037,citroenen,86846098,citroenen,23‐10‐2024,Spanje,LIDL,pyriproxyfen,0.028,0.7,,CONFORM
2038,citroenen,86846098,citroenen,23‐10‐2024,Spanje,LIDL,spirotetramat (som),0.02,0.5,,CONFORM
2039,citroenen,86846098,citroenen,23‐10‐2024,Spanje,LIDL,Overige bestrijdingsmiddelen,,,,CONFORM
2040,citroenen,86851148,Citroenen,31‐10‐2024,Turkije,WILKO FRUIT B.V.,fenylfenol‐2,2.6,10.0,,CONFORM
2041,citroenen,86851148,Citroenen,31‐10‐2024,Turkije,WILKO FRUIT B.V.,imazalil,0.94,5.0,,CONFORM
2042,citroenen,86851148,Citroenen,31‐10‐2024,Turkije,WILKO FRUIT B.V.,malathion (som),0.025,2.0,,CONFORM
2043,citroenen,86851148,Citroenen,31‐10‐2024,Turkije,WILKO FRUIT B.V.,pyridaben,0.029,0.3,,CONFORM
2044,citroenen,86851148,Citroenen,31‐10‐2024,Turkije,WILKO FRUIT B.V.,pyrimethanil,0.77,8.0,,CONFORM
2045,citroenen,86851148,Citroenen,31‐10‐2024,Turkije,WILKO FRUIT B.V.,spirotetramat (som),0.033,0.5,,CONFORM
2046,citroenen,86851148,Citroenen,31‐10‐2024,Turkije,WILKO FRUIT B.V.,Overige bestrijdingsmiddelen,,,,CONFORM
2047,citroenen,86866846,citroenen,20‐3‐2024,Spanje,V.O.F. HARRIE GOESTEN,fenylfenol‐2,0.0059,10.0,,CONFORM
2048,citroenen,86866846,citroenen,20‐3‐2024,Spanje,V.O.F. HARRIE GOESTEN,hexythiazox,0.02,0.5,,CONFORM
2049,citroenen,86866846,citroenen,20‐3‐2024,Spanje,V.O.F. HARRIE GOESTEN,imazalil,2.9,5.0,,CONFORM
2050,citroenen,86866846,citroenen,20‐3‐2024,Spanje,V.O.F. HARRIE GOESTEN,pyridaben,0.0066,0.3,,CONFORM
2051,citroenen,86866846,citroenen,20‐3‐2024,Spanje,V.O.F. HARRIE GOESTEN,pyrimethanil,3.9,8.0,,CONFORM
2052,citroenen,86866846,citroenen,20‐3‐2024,Spanje,V.O.F. HARRIE GOESTEN,pyriproxyfen,0.074,0.6,,CONFORM
2053,citroenen,86866846,citroenen,20‐3‐2024,Spanje,V.O.F. HARRIE GOESTEN,spirotetramat (som),0.015,0.5,,CONFORM
2054,citroenen,86866846,citroenen,20‐3‐2024,Spanje,V.O.F. HARRIE GOESTEN,Overige bestrijdingsmiddelen,,,,CONFORM
2055,citroenen,86894483,citroenen,21‐8‐2024,Marokko,JUMBO DISTRIBUTIECENTRUM (409),"2,4‐D",0.1,1.0,,CONFORM
2056,citroenen,86894483,citroenen,21‐8‐2024,Marokko,JUMBO DISTRIBUTIECENTRUM (409),fenpyroximaat,0.0056,0.5,,CONFORM
2057,citroenen,86894483,citroenen,21‐8‐2024,Marokko,JUMBO DISTRIBUTIECENTRUM (409),fenylfenol‐2,0.0084,10.0,,CONFORM
2058,citroenen,86894483,citroenen,21‐8‐2024,Marokko,JUMBO DISTRIBUTIECENTRUM (409),imazalil,0.87,5.0,,CONFORM
2059,citroenen,86894483,citroenen,21‐8‐2024,Marokko,JUMBO DISTRIBUTIECENTRUM (409),pyraclostrobin,0.012,2.0,,CONFORM
2060,citroenen,86894483,citroenen,21‐8‐2024,Marokko,JUMBO DISTRIBUTIECENTRUM (409),pyrimethanil,1.8,8.0,,CONFORM
2061,citroenen,86894483,citroenen,21‐8‐2024,Marokko,JUMBO DISTRIBUTIECENTRUM (409),pyriproxyfen,0.012,0.7,,CONFORM
2062,citroenen,86894483,citroenen,21‐8‐2024,Marokko,JUMBO DISTRIBUTIECENTRUM (409),thiabendazool,0.14,7.0,,CONFORM
2063,citroenen,86894483,citroenen,21‐8‐2024,Marokko,JUMBO DISTRIBUTIECENTRUM (409),Overige bestrijdingsmiddelen,,,,CONFORM
2064,citroenen,86896915,citroenen var:Mayer,4‐11‐2024,Turkije,ASYA FOOD AGF,malathion (som),0.18,2.0,,CONFORM
2065,citroenen,86896915,citroenen var:Mayer,4‐11‐2024,Turkije,ASYA FOOD AGF,pyrimethanil,0.015,8.0,,CONFORM
2066,citroenen,86896915,citroenen var:Mayer,4‐11‐2024,Turkije,ASYA FOOD AGF,spirotetramat (som),0.02,0.5,,CONFORM
2067,citroenen,86896915,citroenen var:Mayer,4‐11‐2024,Turkije,ASYA FOOD AGF,sulfoxaflor,0.051,0.4,,CONFORM
2068,citroenen,86896915,citroenen var:Mayer,4‐11‐2024,Turkije,ASYA FOOD AGF,Overige bestrijdingsmiddelen,,,,CONFORM
2069,citroenen,99439602,"Pitloze Citroenen, Variëteit: Eureka Seedless",18‐6‐2024,Zuid Afrika,O. SMEDING EN ZOON B.V.,"2,4‐D",0.064,1.0,,CONFORM
2070,citroenen,99439602,"Pitloze Citroenen, Variëteit: Eureka Seedless",18‐6‐2024,Zuid Afrika,O. SMEDING EN ZOON B.V.,fludioxonil,0.0064,10.0,,CONFORM
2071,citroenen,99439602,"Pitloze Citroenen, Variëteit: Eureka Seedless",18‐6‐2024,Zuid Afrika,O. SMEDING EN ZOON B.V.,imazalil,1.4,5.0,,CONFORM
2072,citroenen,99439602,"Pitloze Citroenen, Variëteit: Eureka Seedless",18‐6‐2024,Zuid Afrika,O. SMEDING EN ZOON B.V.,pyrimethanil,3.1,8.0,,CONFORM
2073,citroenen,99439602,"Pitloze Citroenen, Variëteit: Eureka Seedless",18‐6‐2024,Zuid Afrika,O. SMEDING EN ZOON B.V.,Overige bestrijdingsmiddelen,,,,CONFORM
2074,citroengras,86781875,Lemongrass,2‐9‐2024,Dominicaanse Republiek,BEL IMPEX,Overige bestrijdingsmiddelen,,,,CONFORM
2075,citroengras,86805243,lemongrass,23‐4‐2024,Dominicaanse Republiek,W. KARSTEN (CEKA),Overige bestrijdingsmiddelen,,,,CONFORM
2076,citroengras,86808757,citroengras,25‐9‐2024,Thailand,PLUS,Overige bestrijdingsmiddelen,,,,CONFORM
2077,citroengras,86996448,frozen lemongrass,25‐3‐2024,Thailand,ORIENTAL ENTERPRISE TONG FONG,Overige bestrijdingsmiddelen,,,,CONFORM
2078,clementines,86781476,Clementines,26‐6‐2024,Zuid Afrika,LIDL,"2,4‐D",0.011,1.0,,CONFORM
2079,clementines,86781476,Clementines,26‐6‐2024,Zuid Afrika,LIDL,imazalil,3.4,5.0,,CONFORM
2080,clementines,86781476,Clementines,26‐6‐2024,Zuid Afrika,LIDL,pyraclostrobin,0.032,2.0,,CONFORM
2081,clementines,86781476,Clementines,26‐6‐2024,Zuid Afrika,LIDL,pyrimethanil,2.5,8.0,,CONFORM
2082,clementines,86781476,Clementines,26‐6‐2024,Zuid Afrika,LIDL,spirotetramat (som),0.03,0.5,,CONFORM
2083,clementines,86781476,Clementines,26‐6‐2024,Zuid Afrika,LIDL,thiabendazool,1.1,7.0,,CONFORM
2084,clementines,86781476,Clementines,26‐6‐2024,Zuid Afrika,LIDL,Overige bestrijdingsmiddelen,,,,CONFORM
2085,clementines,86844265,Clementine,4‐11‐2024,Spanje,BIRCAN & VAN DER WEL B.V.,pyriproxyfen,0.0083,0.7,,CONFORM
2086,clementines,86844265,Clementine,4‐11‐2024,Spanje,BIRCAN & VAN DER WEL B.V.,spirotetramat (som),0.016,0.5,,CONFORM
2087,clementines,86844265,Clementine,4‐11‐2024,Spanje,BIRCAN & VAN DER WEL B.V.,Overige bestrijdingsmiddelen,,,,CONFORM
2088,clementines,86846101,clementines,23‐10‐2024,Spanje,LIDL,acetamiprid,0.019,0.9,,CONFORM
2089,clementines,86846101,clementines,23‐10‐2024,Spanje,LIDL,hexythiazox,0.015,0.5,,CONFORM
2090,clementines,86846101,clementines,23‐10‐2024,Spanje,LIDL,pyridaben,0.0095,0.3,,CONFORM
2091,clementines,86846101,clementines,23‐10‐2024,Spanje,LIDL,pyrimethanil,0.0063,8.0,,CONFORM
2092,clementines,86846101,clementines,23‐10‐2024,Spanje,LIDL,pyriproxyfen,0.025,0.7,,CONFORM
2093,clementines,86846101,clementines,23‐10‐2024,Spanje,LIDL,spirotetramat (som),0.014,0.5,,CONFORM
2094,clementines,86846101,clementines,23‐10‐2024,Spanje,LIDL,Overige bestrijdingsmiddelen,,,,CONFORM
2095,clementines,86847493,clementina,27‐11‐2024,Spanje,FRESH FOOD AMSTERDAM,acetamiprid,0.014,0.9,,CONFORM
2096,clementines,86847493,clementina,27‐11‐2024,Spanje,FRESH FOOD AMSTERDAM,cyhalothrin‐lambda,0.034,0.2,,CONFORM
2097,clementines,86847493,clementina,27‐11‐2024,Spanje,FRESH FOOD AMSTERDAM,fenpyroximaat,0.024,0.5,,CONFORM
2098,clementines,86847493,clementina,27‐11‐2024,Spanje,FRESH FOOD AMSTERDAM,hexythiazox,0.017,0.5,,CONFORM
2099,clementines,86847493,clementina,27‐11‐2024,Spanje,FRESH FOOD AMSTERDAM,pyriproxyfen,0.0072,0.7,,CONFORM
2100,clementines,86847493,clementina,27‐11‐2024,Spanje,FRESH FOOD AMSTERDAM,Overige bestrijdingsmiddelen,,,,CONFORM
2101,courgettes,86757877,Courgette groen BIO,18‐3‐2024,Spanje,FARMHOUSE INTERNATIONAL B.V.,Overige bestrijdingsmiddelen,,,,CONFORM
2102,courgettes,86757931,Courgettes,20‐3‐2024,Spanje,O. SMEDING EN ZOON B.V.,bupirimaat,0.04,2.0,,CONFORM
2103,courgettes,86757931,Courgettes,20‐3‐2024,Spanje,O. SMEDING EN ZOON B.V.,cyflufenamid,0.0089,0.05,,CONFORM
2104,courgettes,86757931,Courgettes,20‐3‐2024,Spanje,O. SMEDING EN ZOON B.V.,fluopyram,0.0074,0.6,,CONFORM
2105,courgettes,86757931,Courgettes,20‐3‐2024,Spanje,O. SMEDING EN ZOON B.V.,propamocarb,0.32,5.0,,CONFORM
2106,courgettes,86757931,Courgettes,20‐3‐2024,Spanje,O. SMEDING EN ZOON B.V.,Overige bestrijdingsmiddelen,,,,CONFORM
2107,courgettes,86758229,Courgette,25‐3‐2024,Spanje,HEEMSKERK FRESH EN EASY,flonicamid (som),0.036,0.5,,CONFORM
2108,courgettes,86758229,Courgette,25‐3‐2024,Spanje,HEEMSKERK FRESH EN EASY,flupyradifurone,0.02,0.6,,CONFORM
2109,courgettes,86758229,Courgette,25‐3‐2024,Spanje,HEEMSKERK FRESH EN EASY,pyriproxyfen,0.0056,0.05,,CONFORM
2110,courgettes,86758229,Courgette,25‐3‐2024,Spanje,HEEMSKERK FRESH EN EASY,spirotetramat (som),0.013,0.2,,CONFORM
2111,courgettes,86758229,Courgette,25‐3‐2024,Spanje,HEEMSKERK FRESH EN EASY,Overige bestrijdingsmiddelen,,,,CONFORM
2112,courgettes,86781891,Mini Courgettes,4‐9‐2024,Zuid Afrika,HOOGSTEDER GROENTEN EN FRUIT B.V.,azoxystrobin,0.0079,1.0,,CONFORM
2113,courgettes,86781891,Mini Courgettes,4‐9‐2024,Zuid Afrika,HOOGSTEDER GROENTEN EN FRUIT B.V.,Overige bestrijdingsmiddelen,,,,CONFORM
2114,courgettes,86798182,BIO Courgette,15‐4‐2024,Spanje,BAKKER CENTRALE INKOOP,Overige bestrijdingsmiddelen,,,,CONFORM
2115,courgettes,86798743,Courgette Grof X 12K TV,24‐4‐2024,Landcode onbekend,TUINDERIJ VERS B.V.,acetamiprid,0.009,0.3,,CONFORM
2116,courgettes,86798743,Courgette Grof X 12K TV,24‐4‐2024,Landcode onbekend,TUINDERIJ VERS B.V.,metrafenon,0.0093,0.5,,CONFORM
2117,courgettes,86798743,Courgette Grof X 12K TV,24‐4‐2024,Landcode onbekend,TUINDERIJ VERS B.V.,propamocarb,0.038,5.0,,CONFORM
2118,courgettes,86798743,Courgette Grof X 12K TV,24‐4‐2024,Landcode onbekend,TUINDERIJ VERS B.V.,Overige bestrijdingsmiddelen,,,,CONFORM
2119,courgettes,86802325,Yellow Courgette,19‐1‐2024,Spanje,NEW GREEN B.V.,cyflufenamid,0.013,0.05,,CONFORM
2120,courgettes,86802325,Yellow Courgette,19‐1‐2024,Spanje,NEW GREEN B.V.,Overige bestrijdingsmiddelen,,,,CONFORM
2121,courgettes,86803399,6110: courgette,14‐2‐2024,Spanje,ALDI ZOETERMEER B.V.,propamocarb,0.38,5.0,,CONFORM
2122,courgettes,86803399,6110: courgette,14‐2‐2024,Spanje,ALDI ZOETERMEER B.V.,Overige bestrijdingsmiddelen,,,,CONFORM
2123,courgettes,86804107,courgette,6‐3‐2024,Spanje,CRISP B.V.,flonicamid (som),0.062,0.5,,CONFORM
2124,courgettes,86804107,courgette,6‐3‐2024,Spanje,CRISP B.V.,Overige bestrijdingsmiddelen,,,,CONFORM
2125,courgettes,86805189,"courgette groen, maat 16",22‐4‐2024,Landcode onbekend,PLUKON CONVENIENCE DRONTEN B.V.,Overige bestrijdingsmiddelen,,,,CONFORM
2126,courgettes,86809346,courgettes,27‐5‐2024,Spanje,UDEA B.V. (HOOFDKANTOOR),thiabendazool,0.0065,0.01,,CONFORM
2127,courgettes,86809346,courgettes,27‐5‐2024,Spanje,UDEA B.V. (HOOFDKANTOOR),Overige bestrijdingsmiddelen,,,,CONFORM
2128,courgettes,86822121,Courgette,24‐4‐2024,Spanje,THE GREENERY B.V.,fluxapyroxad,0.016,0.2,,CONFORM
2129,courgettes,86822121,Courgette,24‐4‐2024,Spanje,THE GREENERY B.V.,propamocarb,0.033,5.0,,CONFORM
2130,courgettes,86822121,Courgette,24‐4‐2024,Spanje,THE GREENERY B.V.,Overige bestrijdingsmiddelen,,,,CONFORM
2131,courgettes,86831856,Courgette,16‐10‐2024,Turkije,NAKI GROOTHANDEL B.V,acetamiprid,0.01,0.3,,CONFORM
2132,courgettes,86831856,Courgette,16‐10‐2024,Turkije,NAKI GROOTHANDEL B.V,fludioxonil,0.0065,0.4,,CONFORM
2133,courgettes,86831856,Courgette,16‐10‐2024,Turkije,NAKI GROOTHANDEL B.V,spirotetramat (som),0.04,0.2,,CONFORM
2134,courgettes,86831856,Courgette,16‐10‐2024,Turkije,NAKI GROOTHANDEL B.V,trifloxystrobin,0.0053,0.3,,CONFORM
2135,courgettes,86831856,Courgette,16‐10‐2024,Turkije,NAKI GROOTHANDEL B.V,Overige bestrijdingsmiddelen,,,,CONFORM
2136,courgettes,86843196,Kubris‐Pumkin,16‐10‐2024,Turkije,DENIZ FRUIT B.V.,flutriafol,0.0051,0.15,,CONFORM
2137,courgettes,86843196,Kubris‐Pumkin,16‐10‐2024,Turkije,DENIZ FRUIT B.V.,Overige bestrijdingsmiddelen,,,,CONFORM
2138,courgettes,86843277,Courgette Groen,17‐10‐2024,Spanje,VALSTAR HOLLAND,fluopyram,0.011,0.6,,CONFORM
2139,courgettes,86843277,Courgette Groen,17‐10‐2024,Spanje,VALSTAR HOLLAND,Overige bestrijdingsmiddelen,,,,CONFORM
2140,courgettes,86850672,Courgette,10‐10‐2024,Spanje,LIDL,acetamiprid,0.028,0.3,,CONFORM
2141,courgettes,86850672,Courgette,10‐10‐2024,Spanje,LIDL,flonicamid (som),0.04,0.5,,CONFORM
2142,courgettes,86850672,Courgette,10‐10‐2024,Spanje,LIDL,Overige bestrijdingsmiddelen,,,,CONFORM
2143,courgettes,86851237,Courgette,5‐11‐2024,Spanje,DISTRIBUTIECENTRUM ALBERT HEIJN,Overige bestrijdingsmiddelen,,,,CONFORM
2144,courgettes,86867451,courgettes,27‐3‐2024,Spanje,FRANKORT & KONING B.V.,flonicamid (som),0.012,0.5,,CONFORM
2145,courgettes,86867451,courgettes,27‐3‐2024,Spanje,FRANKORT & KONING B.V.,fluopyram,0.031,0.6,,CONFORM
2146,courgettes,86867451,courgettes,27‐3‐2024,Spanje,FRANKORT & KONING B.V.,flupyradifurone,0.0076,0.6,,CONFORM
2147,courgettes,86867451,courgettes,27‐3‐2024,Spanje,FRANKORT & KONING B.V.,propamocarb,0.041,5.0,,CONFORM
2148,courgettes,86867451,courgettes,27‐3‐2024,Spanje,FRANKORT & KONING B.V.,Overige bestrijdingsmiddelen,,,,CONFORM
2149,courgettes,86867567,courgettes,8‐4‐2024,Spanje,HESSING GREENPOORT,difenoconazool,0.0085,0.3,,CONFORM
2150,courgettes,86867567,courgettes,8‐4‐2024,Spanje,HESSING GREENPOORT,flonicamid (som),0.046,0.5,,CONFORM
2151,courgettes,86867567,courgettes,8‐4‐2024,Spanje,HESSING GREENPOORT,fluxapyroxad,0.048,0.2,,CONFORM
2152,courgettes,86867567,courgettes,8‐4‐2024,Spanje,HESSING GREENPOORT,Overige bestrijdingsmiddelen,,,,CONFORM
2153,courgettes,86961164,biologische courgette,7‐10‐2024,Spanje,JUMBO DISTRIBUTIECENTRUM,Overige bestrijdingsmiddelen,,,,CONFORM
2154,courgettes,86963159,courgette,20‐8‐2024,Nederland,GROOTHANDELSONDERNEMING VERS‐NED,Overige bestrijdingsmiddelen,,,,CONFORM
2155,courgettes,86995964,courgette,11‐3‐2024,Spanje,KONINKLIJKE VEZET B.V.,acetamiprid,0.021,0.3,,CONFORM
2156,courgettes,86995964,courgette,11‐3‐2024,Spanje,KONINKLIJKE VEZET B.V.,fenpyrazamine,0.031,0.7,,CONFORM
2157,courgettes,86995964,courgette,11‐3‐2024,Spanje,KONINKLIJKE VEZET B.V.,flonicamid (som),0.038,0.5,,CONFORM
2158,courgettes,86995964,courgette,11‐3‐2024,Spanje,KONINKLIJKE VEZET B.V.,fluopyram,0.061,0.6,,CONFORM
2159,courgettes,86995964,courgette,11‐3‐2024,Spanje,KONINKLIJKE VEZET B.V.,metrafenon,0.025,0.5,,CONFORM
2160,courgettes,86995964,courgette,11‐3‐2024,Spanje,KONINKLIJKE VEZET B.V.,propamocarb,0.03,5.0,,CONFORM
2161,courgettes,86995964,courgette,11‐3‐2024,Spanje,KONINKLIJKE VEZET B.V.,Overige bestrijdingsmiddelen,,,,CONFORM
2162,courgettes,86996103,courgettes,13‐3‐2024,Landcode onbekend,HESSING ZWAAGDIJK B.V.,acetamiprid,0.038,0.3,,CONFORM
2163,courgettes,86996103,courgettes,13‐3‐2024,Landcode onbekend,HESSING ZWAAGDIJK B.V.,Overige bestrijdingsmiddelen,,,,CONFORM
2164,dadels,99389397,medjoul dadels,9‐1‐2024,Israël,ALBERT HEIJN XL,Overige bestrijdingsmiddelen,,,,CONFORM
2165,dadels,99414537,Alesto dadels,16‐1‐2024,Tunesië,LIDL,Overige bestrijdingsmiddelen,,,,CONFORM
2166,dadels,99414901,Dadels,24‐1‐2024,Landcode onbekend,COOP ALMELO,Overige bestrijdingsmiddelen,,,,CONFORM
2167,dadels,99420731,Trader Joe's dadels 250gr,6‐2‐2024,Tunesië,ALDI MARKT,Overige bestrijdingsmiddelen,,,,CONFORM
2168,dadels,99634707,Dadels,17‐1‐2024,Tunesië,PLUS DE WEERD,Overige bestrijdingsmiddelen,,,,CONFORM
2169,dadels,99635649,"Dried Dates, Seedless",24‐1‐2024,Frankrijk,LIDL,Overige bestrijdingsmiddelen,,,,CONFORM
2170,dadels,99645385,ZACHTE DADELS,16‐1‐2024,Landcode onbekend,ALDI MARKT,tebufenpyrad,0.014,0.02,2,CONFORM
2171,dadels,99645385,ZACHTE DADELS,16‐1‐2024,Landcode onbekend,ALDI MARKT,Overige bestrijdingsmiddelen,,,2,CONFORM
2172,dadels,99658886,Trader Joe's dadels,2‐1‐2024,Turkije,ALDI MARKT,Overige bestrijdingsmiddelen,,,,CONFORM
2173,dadels,99659831,AH medjoul dadels 250gr,17‐1‐2024,Israël,ALBERT HEIJN,Overige bestrijdingsmiddelen,,,,CONFORM
2174,dillebladeren,86815222,dille toppen,29‐4‐2024,Landcode onbekend,TUANA KRUIDEN B.V.,anthrachinon,0.067,0.1,5,CONFORM
2175,dillebladeren,86815222,dille toppen,29‐4‐2024,Landcode onbekend,TUANA KRUIDEN B.V.,butralin,0.015,0.1,5,CONFORM
2176,dillebladeren,86815222,dille toppen,29‐4‐2024,Landcode onbekend,TUANA KRUIDEN B.V.,carbendazim,0.027,0.5,5,CONFORM
2177,dillebladeren,86815222,dille toppen,29‐4‐2024,Landcode onbekend,TUANA KRUIDEN B.V.,chloorpyrifos‐ethyl,0.093,0.05,5,NIET CONFORM*
2178,dillebladeren,86815222,dille toppen,29‐4‐2024,Landcode onbekend,TUANA KRUIDEN B.V.,oxyfluorfen,0.018,0.1,5,CONFORM
2179,dillebladeren,86815222,dille toppen,29‐4‐2024,Landcode onbekend,TUANA KRUIDEN B.V.,penconazool,0.01,0.1,5,CONFORM
2180,dillebladeren,86815222,dille toppen,29‐4‐2024,Landcode onbekend,TUANA KRUIDEN B.V.,pendimethalin,0.12,3.0,5,CONFORM
2181,dillebladeren,86815222,dille toppen,29‐4‐2024,Landcode onbekend,TUANA KRUIDEN B.V.,profenofos,0.022,0.15,5,CONFORM
2182,dillebladeren,86815222,dille toppen,29‐4‐2024,Landcode onbekend,TUANA KRUIDEN B.V.,propiconazool,0.05,0.1,5,CONFORM
2183,dillebladeren,86815222,dille toppen,29‐4‐2024,Landcode onbekend,TUANA KRUIDEN B.V.,Overige bestrijdingsmiddelen,,,5,CONFORM
2184,echte lampionplant/physalis,86984326,Physalis,11‐11‐2024,Colombia,FRESH SOLUTIONS NETHERLANDS B.V.,propamocarb,0.027,4.0,,CONFORM
2185,echte lampionplant/physalis,86984326,Physalis,11‐11‐2024,Colombia,FRESH SOLUTIONS NETHERLANDS B.V.,pyrimethanil,0.0072,1.0,,CONFORM
2186,echte lampionplant/physalis,86984326,Physalis,11‐11‐2024,Colombia,FRESH SOLUTIONS NETHERLANDS B.V.,Overige bestrijdingsmiddelen,,,,CONFORM
2187,eddo/eddoe,86808889,eddo,30‐9‐2024,Costa Rica,DE GOUDEN MANDARIJN B.V.,Overige bestrijdingsmiddelen,,,,CONFORM
2188,erwten (droog),86775425,Kikkererwten 7mm Bio,29‐7‐2024,Landcode onbekend,DE NOTENSHOP,Overige bestrijdingsmiddelen,,,,CONFORM
2189,erwten (droog),86775476,Groene Spliterwten Bio,29‐7‐2024,Landcode onbekend,DE NOTENSHOP,Overige bestrijdingsmiddelen,,,,CONFORM
2190,erwten (droog),86796007,kikkererwten,29‐7‐2024,Argentinië,ALASEEL V.O.F.,Overige bestrijdingsmiddelen,,,,CONFORM
2191,erwten (droog),86869748,Kikkererwten,31‐7‐2024,Mexico,GROOTHANDEL USTACA B.V.,Overige bestrijdingsmiddelen,,,,CONFORM
2192,"erwten (met peul, vers)",86758202,Sugar snaps,25‐3‐2024,Egypte,HEEMSKERK FRESH EN EASY,Overige bestrijdingsmiddelen,,,,CONFORM
2193,"erwten (met peul, vers)",86759144,Peulen,15‐4‐2024,Egypte,HOLLANDER BARENDRECHT B.V.,azoxystrobin,0.0069,3.0,,CONFORM
2194,"erwten (met peul, vers)",86759144,Peulen,15‐4‐2024,Egypte,HOLLANDER BARENDRECHT B.V.,Overige bestrijdingsmiddelen,,,,CONFORM
2195,"erwten (met peul, vers)",86782006,Sugar Snaps peas,11‐9‐2024,Peru,SUNDA B.V.,azoxystrobin,0.032,3.0,,CONFORM
2196,"erwten (met peul, vers)",86782006,Sugar Snaps peas,11‐9‐2024,Peru,SUNDA B.V.,deltamethrin,0.011,0.2,,CONFORM
2197,"erwten (met peul, vers)",86782006,Sugar Snaps peas,11‐9‐2024,Peru,SUNDA B.V.,dithiocarbamaten (als cs2),0.18,1.0,,CONFORM
2198,"erwten (met peul, vers)",86782006,Sugar Snaps peas,11‐9‐2024,Peru,SUNDA B.V.,tebuconazool,0.03,2.0,,CONFORM
2199,"erwten (met peul, vers)",86782006,Sugar Snaps peas,11‐9‐2024,Peru,SUNDA B.V.,trifloxystrobin,0.008,1.0,,CONFORM
2200,"erwten (met peul, vers)",86782006,Sugar Snaps peas,11‐9‐2024,Peru,SUNDA B.V.,Overige bestrijdingsmiddelen,,,,CONFORM
2201,"erwten (met peul, vers)",86800764,Peulen,1‐7‐2024,Peru,ORKIDE EXOTICS B.V.,tebuconazool,0.058,2.0,,CONFORM
2202,"erwten (met peul, vers)",86800764,Peulen,1‐7‐2024,Peru,ORKIDE EXOTICS B.V.,Overige bestrijdingsmiddelen,,,,CONFORM
2203,"erwten (met peul, vers)",86808722,Sugar snaps,25‐9‐2024,Peru,PLUS,azoxystrobin,0.029,3.0,,CONFORM
2204,"erwten (met peul, vers)",86808722,Sugar snaps,25‐9‐2024,Peru,PLUS,cyhalothrin‐lambda,0.017,0.4,,CONFORM
2205,"erwten (met peul, vers)",86808722,Sugar snaps,25‐9‐2024,Peru,PLUS,deltamethrin,0.014,0.2,,CONFORM
2206,"erwten (met peul, vers)",86808722,Sugar snaps,25‐9‐2024,Peru,PLUS,tebuconazool,0.022,2.0,,CONFORM
2207,"erwten (met peul, vers)",86808722,Sugar snaps,25‐9‐2024,Peru,PLUS,thiamethoxam,0.014,0.3,,CONFORM
2208,"erwten (met peul, vers)",86808722,Sugar snaps,25‐9‐2024,Peru,PLUS,Overige bestrijdingsmiddelen,,,,CONFORM
2209,"erwten (met peul, vers)",86808862,peultjes,30‐9‐2024,Kenia,DE GOUDEN MANDARIJN B.V.,cypermethrin,0.026,0.7,,CONFORM
2210,"erwten (met peul, vers)",86808862,peultjes,30‐9‐2024,Kenia,DE GOUDEN MANDARIJN B.V.,imidacloprid,0.0074,5.0,,CONFORM
2211,"erwten (met peul, vers)",86808862,peultjes,30‐9‐2024,Kenia,DE GOUDEN MANDARIJN B.V.,tebuconazool,0.072,2.0,,CONFORM
2212,"erwten (met peul, vers)",86808862,peultjes,30‐9‐2024,Kenia,DE GOUDEN MANDARIJN B.V.,Overige bestrijdingsmiddelen,,,,CONFORM
2213,"erwten (met peul, vers)",86832739,peulen,28‐10‐2024,Zimbabwe,COMBILO B.V.,azoxystrobin,0.0052,3.0,,CONFORM
2214,"erwten (met peul, vers)",86832739,peulen,28‐10‐2024,Zimbabwe,COMBILO B.V.,boscalid,0.0083,5.0,,CONFORM
2215,"erwten (met peul, vers)",86832739,peulen,28‐10‐2024,Zimbabwe,COMBILO B.V.,Overige bestrijdingsmiddelen,,,,CONFORM
2216,"erwten (met peul, vers)",86845636,snow peas,19‐11‐2024,Kenia,VAN GEEST INTERNATIONAL B.V.,azoxystrobin,0.014,3.0,,CONFORM
2217,"erwten (met peul, vers)",86845636,snow peas,19‐11‐2024,Kenia,VAN GEEST INTERNATIONAL B.V.,carbendazim,0.02,0.2,,CONFORM
2218,"erwten (met peul, vers)",86845636,snow peas,19‐11‐2024,Kenia,VAN GEEST INTERNATIONAL B.V.,difenoconazool,0.0055,1.0,,CONFORM
2219,"erwten (met peul, vers)",86845636,snow peas,19‐11‐2024,Kenia,VAN GEEST INTERNATIONAL B.V.,Overige bestrijdingsmiddelen,,,,CONFORM
2220,"erwten (met peul, vers)",86866803,sugar snaps,20‐3‐2024,Guatemala,V.O.F. HARRIE GOESTEN,azoxystrobin,0.015,3.0,,CONFORM
2221,"erwten (met peul, vers)",86866803,sugar snaps,20‐3‐2024,Guatemala,V.O.F. HARRIE GOESTEN,cyhalothrin‐lambda,0.017,0.4,,CONFORM
2222,"erwten (met peul, vers)",86866803,sugar snaps,20‐3‐2024,Guatemala,V.O.F. HARRIE GOESTEN,Overige bestrijdingsmiddelen,,,,CONFORM
2223,"erwten (met peul, vers)",86894599,sugar snaps,27‐8‐2024,Kenia,AARTSEN VENLO B.V.,azoxystrobin,0.043,3.0,,CONFORM
2224,"erwten (met peul, vers)",86894599,sugar snaps,27‐8‐2024,Kenia,AARTSEN VENLO B.V.,difenoconazool,0.025,1.0,,CONFORM
2225,"erwten (met peul, vers)",86894599,sugar snaps,27‐8‐2024,Kenia,AARTSEN VENLO B.V.,dimethomorf,0.013,0.01,,NIET CONFORM*
2226,"erwten (met peul, vers)",86894599,sugar snaps,27‐8‐2024,Kenia,AARTSEN VENLO B.V.,metribuzin,0.0057,0.1,,CONFORM
2227,"erwten (met peul, vers)",86894599,sugar snaps,27‐8‐2024,Kenia,AARTSEN VENLO B.V.,tebuconazool,0.017,2.0,,CONFORM
2228,"erwten (met peul, vers)",86894599,sugar snaps,27‐8‐2024,Kenia,AARTSEN VENLO B.V.,Overige bestrijdingsmiddelen,,,,CONFORM
2229,"erwten (met peul, vers)",86894866,Sugar snaps,3‐9‐2024,Nederland,HESSING GREENPOORT,Overige bestrijdingsmiddelen,,,,CONFORM
2230,"erwten (met peul, vers)",86895064,sugar snaps,13‐9‐2024,Peru,SCHERPENHUIZEN B.V.,azoxystrobin,0.0089,3.0,,CONFORM
2231,"erwten (met peul, vers)",86895064,sugar snaps,13‐9‐2024,Peru,SCHERPENHUIZEN B.V.,carbendazim,0.0052,0.2,,CONFORM
2232,"erwten (met peul, vers)",86895064,sugar snaps,13‐9‐2024,Peru,SCHERPENHUIZEN B.V.,tebuconazool,0.0084,2.0,,CONFORM
2233,"erwten (met peul, vers)",86895064,sugar snaps,13‐9‐2024,Peru,SCHERPENHUIZEN B.V.,Overige bestrijdingsmiddelen,,,,CONFORM
2234,"erwten (met peul, vers)",86896869,peulen,24‐10‐2024,Zimbabwe,STAAY‐VAN RIJN,azoxystrobin,0.055,3.0,,CONFORM
2235,"erwten (met peul, vers)",86896869,peulen,24‐10‐2024,Zimbabwe,STAAY‐VAN RIJN,boscalid,0.0075,5.0,,CONFORM
2236,"erwten (met peul, vers)",86896869,peulen,24‐10‐2024,Zimbabwe,STAAY‐VAN RIJN,difenoconazool,0.014,1.0,,CONFORM
2237,"erwten (met peul, vers)",86896869,peulen,24‐10‐2024,Zimbabwe,STAAY‐VAN RIJN,flubendiamide,0.012,2.0,,CONFORM
2238,"erwten (met peul, vers)",86896869,peulen,24‐10‐2024,Zimbabwe,STAAY‐VAN RIJN,Overige bestrijdingsmiddelen,,,,CONFORM
2239,"erwten (met peul, vers)",86960559,peulen,17‐9‐2024,Zambia,DISTRIBUTIECENTRUM ALBERT HEIJN,deltamethrin,0.0086,0.2,,CONFORM
2240,"erwten (met peul, vers)",86960559,peulen,17‐9‐2024,Zambia,DISTRIBUTIECENTRUM ALBERT HEIJN,Overige bestrijdingsmiddelen,,,,CONFORM
2241,"erwten (met peul, vers)",86985373,peulen,26‐11‐2024,Peru,FRESH EN CASH GROENTE‐EN FRUITMARKTEN B.V.,azoxystrobin,0.38,3.0,,CONFORM
2242,"erwten (met peul, vers)",86985373,peulen,26‐11‐2024,Peru,FRESH EN CASH GROENTE‐EN FRUITMARKTEN B.V.,cyfluthrin,0.11,0.01,,NIET CONFORM
2243,"erwten (met peul, vers)",86985373,peulen,26‐11‐2024,Peru,FRESH EN CASH GROENTE‐EN FRUITMARKTEN B.V.,Overige bestrijdingsmiddelen,,,,CONFORM
2244,"erwten (zonder peul, vers)",86811553,erwten,4‐4‐2024,Landcode onbekend,EUROFRIGO B.V.,Overige bestrijdingsmiddelen,,,,CONFORM
2245,fenegriek,86910047,Fenegriek poeder,30‐1‐2024,Landcode onbekend,ALL4TRADE B.V.,Overige bestrijdingsmiddelen,,,,CONFORM
2246,frambozen (geel en rood),86759306,Frambozen,17‐4‐2024,Landcode onbekend,SLIGRO TILBURG,azoxystrobin,0.049,5.0,,CONFORM
2247,frambozen (geel en rood),86759306,Frambozen,17‐4‐2024,Landcode onbekend,SLIGRO TILBURG,boscalid,0.11,10.0,,CONFORM
2248,frambozen (geel en rood),86759306,Frambozen,17‐4‐2024,Landcode onbekend,SLIGRO TILBURG,cyprodinil,0.2,3.0,,CONFORM
2249,frambozen (geel en rood),86759306,Frambozen,17‐4‐2024,Landcode onbekend,SLIGRO TILBURG,fludioxonil,0.2,5.0,,CONFORM
2250,frambozen (geel en rood),86759306,Frambozen,17‐4‐2024,Landcode onbekend,SLIGRO TILBURG,pyraclostrobin,0.013,3.0,,CONFORM
2251,frambozen (geel en rood),86759306,Frambozen,17‐4‐2024,Landcode onbekend,SLIGRO TILBURG,pyrimethanil,0.014,15.0,,CONFORM
2252,frambozen (geel en rood),86759306,Frambozen,17‐4‐2024,Landcode onbekend,SLIGRO TILBURG,Overige bestrijdingsmiddelen,,,,CONFORM
2253,frambozen (geel en rood),86803879,Frambozen,4‐3‐2024,Marokko,VOMAR (DC),boscalid,0.008,10.0,,CONFORM
2254,frambozen (geel en rood),86803879,Frambozen,4‐3‐2024,Marokko,VOMAR (DC),clofentezin,0.014,3.0,,CONFORM
2255,frambozen (geel en rood),86803879,Frambozen,4‐3‐2024,Marokko,VOMAR (DC),Overige bestrijdingsmiddelen,,,,CONFORM
2256,frambozen (geel en rood),86804735,Frambozen,8‐4‐2024,Marokko,O. SMEDING EN ZOON B.V.,bifenazaat (som),0.062,7.0,,CONFORM
2257,frambozen (geel en rood),86804735,Frambozen,8‐4‐2024,Marokko,O. SMEDING EN ZOON B.V.,Overige bestrijdingsmiddelen,,,,CONFORM
2258,frambozen (geel en rood),86812096,frambozen rood,24‐4‐2024,Portugal,COÖPERATIE KONINKLIJKE FRUITMASTERS U.A.,Overige bestrijdingsmiddelen,,,,CONFORM
2259,frambozen (geel en rood),86812843,frambozen,21‐5‐2024,Portugal,GROOTHANDEL GROENTE EN FRUIT S.C. VAN RAVENSWAAIJ,Overige bestrijdingsmiddelen,,,,CONFORM
2260,frambozen (geel en rood),86963108,frambozen,19‐8‐2024,België,FIRMA POSTUMA‐KAMPEN,boscalid,0.1,10.0,,CONFORM
2261,frambozen (geel en rood),86963108,frambozen,19‐8‐2024,België,FIRMA POSTUMA‐KAMPEN,fenhexamid,0.48,15.0,,CONFORM
2262,frambozen (geel en rood),86963108,frambozen,19‐8‐2024,België,FIRMA POSTUMA‐KAMPEN,pyraclostrobin,0.014,3.0,,CONFORM
2263,frambozen (geel en rood),86963108,frambozen,19‐8‐2024,België,FIRMA POSTUMA‐KAMPEN,Overige bestrijdingsmiddelen,,,,CONFORM
2264,geelwortel/kurkuma/koenjit,86813572,kurkuma,30‐1‐2024,Landcode onbekend,BIBERIM B.V.,chloorpyrifos‐ethyl,0.043,0.01,,NIET CONFORM
2265,geelwortel/kurkuma/koenjit,86813572,kurkuma,30‐1‐2024,Landcode onbekend,BIBERIM B.V.,Overige bestrijdingsmiddelen,,,,CONFORM
2266,geelwortel/kurkuma/koenjit,86815192,curcuma gemalen,29‐4‐2024,Landcode onbekend,TUANA KRUIDEN B.V.,Overige bestrijdingsmiddelen,,,,CONFORM
2267,geelwortel/kurkuma/koenjit,86815206,curcuma gemalen,29‐4‐2024,Landcode onbekend,TUANA KRUIDEN B.V.,Overige bestrijdingsmiddelen,,,,CONFORM
2268,geelwortel/kurkuma/koenjit,86822482,Kurkuma,29‐4‐2024,Peru,VAN DEN BOS FRESHPARTNERS,Overige bestrijdingsmiddelen,,,,CONFORM
2269,geelwortel/kurkuma/koenjit,86822806,Kurkuma,3‐5‐2024,Landcode onbekend,BROEKHUYZEN HORECAGROOTHANDEL BV,Overige bestrijdingsmiddelen,,,,CONFORM
2270,geelwortel/kurkuma/koenjit,86832704,organic Turmeric,28‐10‐2024,Peru,EOSTA B.V.,Overige bestrijdingsmiddelen,,,,CONFORM
2271,geelwortel/kurkuma/koenjit,86844621,Turmeric,12‐11‐2024,Peru,BEFAIR BIO B.V.,Overige bestrijdingsmiddelen,,,,CONFORM
2272,geelwortel/kurkuma/koenjit,86867338,kurkuma,3‐4‐2024,Peru,FRUITY LINE B.V.,Overige bestrijdingsmiddelen,,,,CONFORM
2273,geelwortel/kurkuma/koenjit,86910039,Kurkumapoeder.,30‐1‐2024,Landcode onbekend,ALL4TRADE B.V.,chloorpyrifos‐ethyl,0.018,0.05,5,CONFORM
2274,geelwortel/kurkuma/koenjit,86910039,Kurkumapoeder.,30‐1‐2024,Landcode onbekend,ALL4TRADE B.V.,Overige bestrijdingsmiddelen,,,5,CONFORM
2275,gehakt,99368594,Poiesz rundergehakt naturel,24‐7‐2024,Nederland,POIESZ SUPERMARKTEN,Overige bestrijdingsmiddelen,,,,CONFORM
2276,gehakt,99368888,rundergehakt 1KG,30‐7‐2024,Nederland,LIDL,chloraat,0.04,0.05,,CONFORM
2277,gehakt,99368888,rundergehakt 1KG,30‐7‐2024,Nederland,LIDL,Overige bestrijdingsmiddelen,,,,CONFORM
2278,gehakt,99396199,Biologisch half om half gehakt,11‐7‐2024,Nederland,MCD AARLE‐RIXTEL,Overige bestrijdingsmiddelen,,,,CONFORM
2279,gehakt,99412127,AH bio rundergehakt 500gr,17‐7‐2024,Nederland,ALBERT HEIJN MARCEL BERGHUIS,chloraat,0.05,0.05,,CONFORM
2280,gehakt,99412127,AH bio rundergehakt 500gr,17‐7‐2024,Nederland,ALBERT HEIJN MARCEL BERGHUIS,Overige bestrijdingsmiddelen,,,,CONFORM
2281,gehakt,99435704,Slagers gehakt rund,10‐7‐2024,Nederland,JUMBO SUPERMARKT,chloraat,0.07,0.05,,NIET CONFORM*
2282,gehakt,99435704,Slagers gehakt rund,10‐7‐2024,Nederland,JUMBO SUPERMARKT,Overige bestrijdingsmiddelen,,,,CONFORM
2283,gehakt,99435844,Rundergehakt,3‐7‐2024,Nederland,ALBERT HEIJN,chloraat,0.04,0.05,,CONFORM
2284,gehakt,99435844,Rundergehakt,3‐7‐2024,Nederland,ALBERT HEIJN,Overige bestrijdingsmiddelen,,,,CONFORM
2285,gehakt,99436042,Biologisch Rundergehakt,7‐8‐2024,Nederland,LIDL,chloraat,0.08,0.05,,NIET CONFORM*
2286,gehakt,99436042,Biologisch Rundergehakt,7‐8‐2024,Nederland,LIDL,Overige bestrijdingsmiddelen,,,,CONFORM
2287,gehakt,99436166,Mager rundergehakt ongekruid,12‐8‐2024,Nederland,ALDI MARKT,chloraat,0.03,0.05,,CONFORM
2288,gehakt,99436166,Mager rundergehakt ongekruid,12‐8‐2024,Nederland,ALDI MARKT,Overige bestrijdingsmiddelen,,,,CONFORM
2289,gehakt,99436271,Rundergehakt naturel,13‐8‐2024,Nederland,POIESZ SUPERMARKTEN,Overige bestrijdingsmiddelen,,,,CONFORM
2290,gember,86813599,gember gemalen,30‐1‐2024,Landcode onbekend,BIBERIM B.V.,chloorpyrifos‐ethyl,0.038,0.05,5,CONFORM
2291,gember,86813599,gember gemalen,30‐1‐2024,Landcode onbekend,BIBERIM B.V.,Overige bestrijdingsmiddelen,,,5,CONFORM
2292,gember,86867311,gember,3‐4‐2024,Peru,FRUITY LINE B.V.,Overige bestrijdingsmiddelen,,,,CONFORM
2293,gember,86984938,Gemberpoeder,19‐11‐2024,Landcode onbekend,ILG,Overige bestrijdingsmiddelen,,,2,CONFORM
2294,gemberwortels,86759497,Biologische Gember,4‐6‐2024,China,BOON FOOD GROUP BV,Overige bestrijdingsmiddelen,,,,CONFORM
2295,gemberwortels,86781921,Ginger class 1,4‐9‐2024,Brazilië,HOOGSTEDER GROENTEN EN FRUIT B.V.,Overige bestrijdingsmiddelen,,,,CONFORM
2296,gemberwortels,86794373,biologische gember,4‐6‐2024,China,POIESZ SUPERMARKTEN SNEEK B.V.,Overige bestrijdingsmiddelen,,,,CONFORM
2297,gemberwortels,86801485,Organic Ginger,19‐8‐2024,Peru,BIOTROPIC B.V.,Overige bestrijdingsmiddelen,,,,CONFORM
2298,gemberwortels,86801698,Ginger class 1,4‐9‐2024,Brazilië,HOOGSTEDER GROENTEN EN FRUIT B.V.,Overige bestrijdingsmiddelen,,,,CONFORM
2299,gemberwortels,86804077,BIO. Gember,6‐3‐2024,China,CRISP B.V.,Overige bestrijdingsmiddelen,,,,CONFORM
2300,gemberwortels,86812576,gember,7‐5‐2024,China,AARTSEN VENLO B.V.,clothianidin,0.046,0.01,,NIET CONFORM
2301,gemberwortels,86812576,gember,7‐5‐2024,China,AARTSEN VENLO B.V.,imidacloprid,0.034,0.01,,NIET CONFORM
2302,gemberwortels,86812576,gember,7‐5‐2024,China,AARTSEN VENLO B.V.,metalaxyl,0.0073,0.1,,CONFORM
2303,gemberwortels,86812576,gember,7‐5‐2024,China,AARTSEN VENLO B.V.,Overige bestrijdingsmiddelen,,,,CONFORM
2304,gemberwortels,86822474,Gember Organic,29‐4‐2024,Peru,VAN DEN BOS FRESHPARTNERS,Overige bestrijdingsmiddelen,,,,CONFORM
2305,gemberwortels,86844648,Ginger,12‐11‐2024,Peru,BEFAIR BIO B.V.,Overige bestrijdingsmiddelen,,,,CONFORM
2306,gemberwortels,86867354,gember vers,3‐4‐2024,China,FRUITY LINE B.V.,Overige bestrijdingsmiddelen,,,,CONFORM
2307,gemberwortels,86867362,gember vers,3‐4‐2024,China,FRUITY LINE B.V.,metalaxyl,0.013,0.1,,CONFORM
2308,gemberwortels,86867362,gember vers,3‐4‐2024,China,FRUITY LINE B.V.,Overige bestrijdingsmiddelen,,,,CONFORM
2309,gemberwortels,86894661,gember,27‐8‐2024,China,AARTSEN VENLO B.V.,Overige bestrijdingsmiddelen,,,,CONFORM
2310,gemberwortels,86896273,gember,8‐10‐2024,Brazilië,ALDI DISTRIBUTIECENTRUM,Overige bestrijdingsmiddelen,,,,CONFORM
2311,gemberwortels,86974959,Fresh Ginger,14‐11‐2024,Brazilië,FRUTOS TROPICALES EUROPE B.V.,Overige bestrijdingsmiddelen,,,,CONFORM
2312,gemberwortels,86997649,gember biologisch,30‐9‐2024,China,O. SMEDING EN ZOON B.V.,Overige bestrijdingsmiddelen,,,,CONFORM
2313,gemengde kruiden,86813645,shoarma kruiden,30‐1‐2024,Landcode onbekend,BIBERIM B.V.,acetamiprid,0.12,15.0,5,CONFORM
2314,gemengde kruiden,86813645,shoarma kruiden,30‐1‐2024,Landcode onbekend,BIBERIM B.V.,azoxystrobin,0.11,350.0,5,CONFORM
2315,gemengde kruiden,86813645,shoarma kruiden,30‐1‐2024,Landcode onbekend,BIBERIM B.V.,carbendazim,0.043,0.5,5,CONFORM
2316,gemengde kruiden,86813645,shoarma kruiden,30‐1‐2024,Landcode onbekend,BIBERIM B.V.,clothianidin,0.019,7.5,5,CONFORM
2317,gemengde kruiden,86813645,shoarma kruiden,30‐1‐2024,Landcode onbekend,BIBERIM B.V.,imidacloprid,0.016,0.25,5,CONFORM
2318,gemengde kruiden,86813645,shoarma kruiden,30‐1‐2024,Landcode onbekend,BIBERIM B.V.,tebuconazool,0.011,10.0,5,CONFORM
2319,gemengde kruiden,86813645,shoarma kruiden,30‐1‐2024,Landcode onbekend,BIBERIM B.V.,thiamethoxam,0.04,0.1,5,CONFORM
2320,gemengde kruiden,86813645,shoarma kruiden,30‐1‐2024,Landcode onbekend,BIBERIM B.V.,tricyclazool,0.068,0.1,5,CONFORM
2321,gemengde kruiden,86813645,shoarma kruiden,30‐1‐2024,Landcode onbekend,BIBERIM B.V.,Overige bestrijdingsmiddelen,,,5,CONFORM
2322,gemengde specerijen,86909995,curry poeder,30‐1‐2024,Landcode onbekend,ALL4TRADE B.V.,acetamiprid,0.027,0.05,,CONFORM
2323,gemengde specerijen,86909995,curry poeder,30‐1‐2024,Landcode onbekend,ALL4TRADE B.V.,broompropylaat,0.032,0.05,,CONFORM
2324,gemengde specerijen,86909995,curry poeder,30‐1‐2024,Landcode onbekend,ALL4TRADE B.V.,carbendazim,0.14,0.1,,NIET CONFORM*
2325,gemengde specerijen,86909995,curry poeder,30‐1‐2024,Landcode onbekend,ALL4TRADE B.V.,chloorpyrifos‐ethyl,0.013,0.01,,NIET CONFORM*
2326,gemengde specerijen,86909995,curry poeder,30‐1‐2024,Landcode onbekend,ALL4TRADE B.V.,ethion,0.013,0.3,,CONFORM
2327,gemengde specerijen,86909995,curry poeder,30‐1‐2024,Landcode onbekend,ALL4TRADE B.V.,imidacloprid,0.033,0.05,,CONFORM
2328,gemengde specerijen,86909995,curry poeder,30‐1‐2024,Landcode onbekend,ALL4TRADE B.V.,tebuconazool,0.012,0.05,,CONFORM
2329,gemengde specerijen,86909995,curry poeder,30‐1‐2024,Landcode onbekend,ALL4TRADE B.V.,tricyclazool,0.12,0.05,,NIET CONFORM
2330,gemengde specerijen,86909995,curry poeder,30‐1‐2024,Landcode onbekend,ALL4TRADE B.V.,Overige bestrijdingsmiddelen,,,,CONFORM
2331,gerst,86831333,pilsmout,9‐10‐2024,Landcode onbekend,BRAND DIRECT B.V.,deltamethrin,0.052,2.0,,CONFORM
2332,gerst,86831333,pilsmout,9‐10‐2024,Landcode onbekend,BRAND DIRECT B.V.,pirimifos‐methyl,0.01,5.0,,CONFORM
2333,gerst,86831333,pilsmout,9‐10‐2024,Landcode onbekend,BRAND DIRECT B.V.,Overige bestrijdingsmiddelen,,,,CONFORM
2334,gerst,86831341,Holland Malt Paleale light,9‐10‐2024,Landcode onbekend,BRAND DIRECT B.V.,deltamethrin,0.28,2.0,,CONFORM
2335,gerst,86831341,Holland Malt Paleale light,9‐10‐2024,Landcode onbekend,BRAND DIRECT B.V.,Overige bestrijdingsmiddelen,,,,CONFORM
2336,gerst,86831368,pilsmout,14‐10‐2024,Nederland,HERTOG JAN BIERBROUWERIJ,deltamethrin,0.4,2.0,,CONFORM
2337,gerst,86831368,pilsmout,14‐10‐2024,Nederland,HERTOG JAN BIERBROUWERIJ,pirimifos‐methyl,0.22,5.0,,CONFORM
2338,gerst,86831368,pilsmout,14‐10‐2024,Nederland,HERTOG JAN BIERBROUWERIJ,Overige bestrijdingsmiddelen,,,,CONFORM
2339,gerst,86831376,mout,14‐10‐2024,Nederland,HERTOG JAN BIERBROUWERIJ,deltamethrin,0.39,2.0,,CONFORM
2340,gerst,86831376,mout,14‐10‐2024,Nederland,HERTOG JAN BIERBROUWERIJ,pirimifos‐methyl,0.35,5.0,,CONFORM
2341,gerst,86831376,mout,14‐10‐2024,Nederland,HERTOG JAN BIERBROUWERIJ,Overige bestrijdingsmiddelen,,,,CONFORM
2342,gerst,86831384,gerstemout,3‐10‐2024,Landcode onbekend,GROLSCHE BIERBROUWERIJ NEDERLAND B.V.,deltamethrin,0.029,2.0,,CONFORM
2343,gerst,86831384,gerstemout,3‐10‐2024,Landcode onbekend,GROLSCHE BIERBROUWERIJ NEDERLAND B.V.,pirimifos‐methyl,0.07,5.0,,CONFORM
2344,gerst,86831384,gerstemout,3‐10‐2024,Landcode onbekend,GROLSCHE BIERBROUWERIJ NEDERLAND B.V.,Overige bestrijdingsmiddelen,,,,CONFORM
2345,gerst,86831392,gerstemout,3‐10‐2024,Duitsland,GROLSCHE BIERBROUWERIJ NEDERLAND B.V.,Overige bestrijdingsmiddelen,,,,CONFORM
2346,granaatappels,86759454,Pomegranate,23‐4‐2024,Peru,KRAAIJEVELD,fludioxonil,0.33,3.0,,CONFORM
2347,granaatappels,86759454,Pomegranate,23‐4‐2024,Peru,KRAAIJEVELD,Overige bestrijdingsmiddelen,,,,CONFORM
2348,granaatappels,86770024,Granaatappels,4‐3‐2024,India,HELLOFRESH DC PRISMALAAN,chloorantraniliprole,0.0055,0.4,,CONFORM
2349,granaatappels,86770024,Granaatappels,4‐3‐2024,India,HELLOFRESH DC PRISMALAAN,difenoconazool,0.0076,0.1,,CONFORM
2350,granaatappels,86770024,Granaatappels,4‐3‐2024,India,HELLOFRESH DC PRISMALAAN,Overige bestrijdingsmiddelen,,,,CONFORM
2351,granaatappels,86803887,granaatappel,4‐3‐2024,Peru,VOMAR (DC),fludioxonil,0.34,3.0,,CONFORM
2352,granaatappels,86803887,granaatappel,4‐3‐2024,Peru,VOMAR (DC),imidacloprid,0.01,0.01,,CONFORM
2353,granaatappels,86803887,granaatappel,4‐3‐2024,Peru,VOMAR (DC),Overige bestrijdingsmiddelen,,,,CONFORM
2354,granaatappels,86812223,Granaatappels,29‐4‐2024,Peru,HENK VAN WALDERVEEN EN ZONEN B.V.,fludioxonil,0.2,3.0,,CONFORM
2355,granaatappels,86812223,Granaatappels,29‐4‐2024,Peru,HENK VAN WALDERVEEN EN ZONEN B.V.,Overige bestrijdingsmiddelen,,,,CONFORM
2356,granaatappels,86832771,Granaatappels,28‐10‐2024,Turkije,COMBILO B.V.,Overige bestrijdingsmiddelen,,,,CONFORM
2357,granaatappels,86837064,granaatappel,6‐11‐2024,Israël,JAN DE GEUS EN ZN B.V.,chloorantraniliprole,0.0061,0.4,,CONFORM
2358,granaatappels,86837064,granaatappel,6‐11‐2024,Israël,JAN DE GEUS EN ZN B.V.,fludioxonil,0.21,3.0,,CONFORM
2359,granaatappels,86837064,granaatappel,6‐11‐2024,Israël,JAN DE GEUS EN ZN B.V.,spinetoram,0.0064,0.02,,CONFORM
2360,granaatappels,86837064,granaatappel,6‐11‐2024,Israël,JAN DE GEUS EN ZN B.V.,Overige bestrijdingsmiddelen,,,,CONFORM
2361,granaatappels,86843161,Pomegranate,16‐10‐2024,Turkije,DENIZ FRUIT B.V.,boscalid,0.0079,2.0,,CONFORM
2362,granaatappels,86843161,Pomegranate,16‐10‐2024,Turkije,DENIZ FRUIT B.V.,fluxapyroxad,0.012,0.01,,NIET CONFORM*
2363,granaatappels,86843161,Pomegranate,16‐10‐2024,Turkije,DENIZ FRUIT B.V.,Overige bestrijdingsmiddelen,,,,CONFORM
2364,granaatappels,86844273,grenade,4‐11‐2024,Marokko,BIRCAN & VAN DER WEL B.V.,Overige bestrijdingsmiddelen,,,,CONFORM
2365,granaatappels,86847507,grenade cat 1,27‐11‐2024,Tunesië,FRESH FOOD AMSTERDAM,carbendazim,0.11,0.1,,NIET CONFORM*
2366,granaatappels,86847507,grenade cat 1,27‐11‐2024,Tunesië,FRESH FOOD AMSTERDAM,dimethoaat,0.029,0.01,,NIET CONFORM
2367,granaatappels,86847507,grenade cat 1,27‐11‐2024,Tunesië,FRESH FOOD AMSTERDAM,indoxacarb,0.011,0.01,,NIET CONFORM*
2368,granaatappels,86847507,grenade cat 1,27‐11‐2024,Tunesië,FRESH FOOD AMSTERDAM,omethoaat,0.062,0.01,,NIET CONFORM
2369,granaatappels,86847507,grenade cat 1,27‐11‐2024,Tunesië,FRESH FOOD AMSTERDAM,thiofanaat‐methyl,0.019,0.1,,CONFORM
2370,granaatappels,86847507,grenade cat 1,27‐11‐2024,Tunesië,FRESH FOOD AMSTERDAM,Overige bestrijdingsmiddelen,,,,CONFORM
2371,granaatappels,86869136,granaatappels,17‐6‐2024,Peru,JUMBO DISTRIBUTIECENTRUM,boscalid,0.023,2.0,,CONFORM
2372,granaatappels,86869136,granaatappels,17‐6‐2024,Peru,JUMBO DISTRIBUTIECENTRUM,buprofezin,0.0051,0.01,,CONFORM
2373,granaatappels,86869136,granaatappels,17‐6‐2024,Peru,JUMBO DISTRIBUTIECENTRUM,difenoconazool,0.0055,0.1,,CONFORM
2374,granaatappels,86869136,granaatappels,17‐6‐2024,Peru,JUMBO DISTRIBUTIECENTRUM,fludioxonil,0.37,3.0,,CONFORM
2375,granaatappels,86869136,granaatappels,17‐6‐2024,Peru,JUMBO DISTRIBUTIECENTRUM,Overige bestrijdingsmiddelen,,,,CONFORM
2376,granaatappels,86896893,Granates sorty: Hicas,4‐11‐2024,Turkije,ASYA FOOD AGF,acetamiprid,0.0069,0.01,,CONFORM
2377,granaatappels,86896893,Granates sorty: Hicas,4‐11‐2024,Turkije,ASYA FOOD AGF,cyhalothrin‐lambda,0.008,0.01,,CONFORM
2378,granaatappels,86896893,Granates sorty: Hicas,4‐11‐2024,Turkije,ASYA FOOD AGF,malathion (som),0.022,0.02,,NIET CONFORM*
2379,granaatappels,86896893,Granates sorty: Hicas,4‐11‐2024,Turkije,ASYA FOOD AGF,Overige bestrijdingsmiddelen,,,,CONFORM
2380,granaatappels,86961156,granaatappel,7‐10‐2024,Spanje,JUMBO DISTRIBUTIECENTRUM,chloorantraniliprole,0.034,0.4,,CONFORM
2381,granaatappels,86961156,granaatappel,7‐10‐2024,Spanje,JUMBO DISTRIBUTIECENTRUM,Overige bestrijdingsmiddelen,,,,CONFORM
2382,granaatappels,86961768,granaatappel,15‐10‐2024,Turkije,ALDI GRONINGEN B.V.,spirotetramat (som),0.007,0.4,,CONFORM
2383,granaatappels,86961768,granaatappel,15‐10‐2024,Turkije,ALDI GRONINGEN B.V.,Overige bestrijdingsmiddelen,,,,CONFORM
2384,granaatappels,86974983,Fresh Pomegranates,19‐11‐2024,Turkije,4 FRUIT COMPANY B.V.,boscalid,0.0059,2.0,,CONFORM
2385,granaatappels,86974983,Fresh Pomegranates,19‐11‐2024,Turkije,4 FRUIT COMPANY B.V.,Overige bestrijdingsmiddelen,,,,CONFORM
2386,granaatappels,86975165,Pomegranate,26‐11‐2024,Turkije,AGF SIERE B.V.,acetamiprid,0.011,0.01,,NIET CONFORM*
2387,granaatappels,86975165,Pomegranate,26‐11‐2024,Turkije,AGF SIERE B.V.,pyriproxyfen,0.0093,0.01,,CONFORM
2388,granaatappels,86975165,Pomegranate,26‐11‐2024,Turkije,AGF SIERE B.V.,Overige bestrijdingsmiddelen,,,,CONFORM
2389,granaatappels,86984296,Granaatappels,11‐11‐2024,Turkije,LEHMANN & TROOST B.V.,spirotetramat (som),0.023,0.4,,CONFORM
2390,granaatappels,86984296,Granaatappels,11‐11‐2024,Turkije,LEHMANN & TROOST B.V.,Overige bestrijdingsmiddelen,,,,CONFORM
2391,granaatappels,86984318,Granaatappels,11‐11‐2024,Turkije,LEHMANN & TROOST B.V.,spirotetramat (som),0.007,0.4,,CONFORM
2392,granaatappels,86984318,Granaatappels,11‐11‐2024,Turkije,LEHMANN & TROOST B.V.,Overige bestrijdingsmiddelen,,,,CONFORM
2393,granaatappels,86984741,Granaatappels,13‐11‐2024,Spanje,HENK VAN WALDERVEEN EN ZONEN B.V.,Overige bestrijdingsmiddelen,,,,CONFORM
2394,granaatappels,86985411,granaatappels,26‐11‐2024,Griekenland,FRESH EN CASH GROENTE‐EN FRUITMARKTEN B.V.,fludioxonil,1.5,3.0,,CONFORM
2395,granaatappels,86985411,granaatappels,26‐11‐2024,Griekenland,FRESH EN CASH GROENTE‐EN FRUITMARKTEN B.V.,Overige bestrijdingsmiddelen,,,,CONFORM
2396,grapefruits,86808692,Grapefruits,25‐9‐2024,Zuid Afrika,PLUS,azoxystrobin,0.12,15.0,,CONFORM
2397,grapefruits,86808692,Grapefruits,25‐9‐2024,Zuid Afrika,PLUS,fluvalinaat,0.0087,0.4,,CONFORM
2398,grapefruits,86808692,Grapefruits,25‐9‐2024,Zuid Afrika,PLUS,imazalil,0.41,4.0,,CONFORM
2399,grapefruits,86808692,Grapefruits,25‐9‐2024,Zuid Afrika,PLUS,methoxyfenozide,0.06,2.0,,CONFORM
2400,grapefruits,86808692,Grapefruits,25‐9‐2024,Zuid Afrika,PLUS,thiabendazool,0.16,7.0,,CONFORM
2401,grapefruits,86808692,Grapefruits,25‐9‐2024,Zuid Afrika,PLUS,Overige bestrijdingsmiddelen,,,,CONFORM
2402,grapefruits,86823454,Grapefruit,3‐6‐2024,Zuid Afrika,BOON FOOD GROUP BV,"2,4‐D",0.09,1.0,,CONFORM
2403,grapefruits,86823454,Grapefruit,3‐6‐2024,Zuid Afrika,BOON FOOD GROUP BV,imazalil,0.027,4.0,,CONFORM
2404,grapefruits,86823454,Grapefruit,3‐6‐2024,Zuid Afrika,BOON FOOD GROUP BV,methoxyfenozide,0.025,2.0,,CONFORM
2405,grapefruits,86823454,Grapefruit,3‐6‐2024,Zuid Afrika,BOON FOOD GROUP BV,pyraclostrobin,0.019,2.0,,CONFORM
2406,grapefruits,86823454,Grapefruit,3‐6‐2024,Zuid Afrika,BOON FOOD GROUP BV,pyrimethanil,0.8,8.0,,CONFORM
2407,grapefruits,86823454,Grapefruit,3‐6‐2024,Zuid Afrika,BOON FOOD GROUP BV,spirotetramat (som),0.01,0.5,,CONFORM
2408,grapefruits,86823454,Grapefruit,3‐6‐2024,Zuid Afrika,BOON FOOD GROUP BV,thiabendazool,1.5,7.0,,CONFORM
2409,grapefruits,86823454,Grapefruit,3‐6‐2024,Zuid Afrika,BOON FOOD GROUP BV,Overige bestrijdingsmiddelen,,,,CONFORM
2410,grapefruits,86844214,Grapefruit,4‐11‐2024,Turkije,JUNIOR FRUIT B.V.,acetamiprid,0.13,0.9,,CONFORM
2411,grapefruits,86844214,Grapefruit,4‐11‐2024,Turkije,JUNIOR FRUIT B.V.,Overige bestrijdingsmiddelen,,,,CONFORM
2412,grapefruits,86896311,grapefruits,8‐10‐2024,Zuid Afrika,ALDI DISTRIBUTIECENTRUM,azoxystrobin,0.071,15.0,,CONFORM
2413,grapefruits,86896311,grapefruits,8‐10‐2024,Zuid Afrika,ALDI DISTRIBUTIECENTRUM,imazalil,1.8,4.0,,CONFORM
2414,grapefruits,86896311,grapefruits,8‐10‐2024,Zuid Afrika,ALDI DISTRIBUTIECENTRUM,pyrimethanil,0.021,8.0,,CONFORM
2415,grapefruits,86896311,grapefruits,8‐10‐2024,Zuid Afrika,ALDI DISTRIBUTIECENTRUM,thiabendazool,1.3,7.0,,CONFORM
2416,grapefruits,86896311,grapefruits,8‐10‐2024,Zuid Afrika,ALDI DISTRIBUTIECENTRUM,Overige bestrijdingsmiddelen,,,,CONFORM
2417,grapefruits,86975041,Grapefruit Star Ruby,19‐11‐2024,Turkije,KRAAIJEVELD,fenylfenol‐2,5.1,10.0,,CONFORM
2418,grapefruits,86975041,Grapefruit Star Ruby,19‐11‐2024,Turkije,KRAAIJEVELD,imazalil,1.7,4.0,,CONFORM
2419,grapefruits,86975041,Grapefruit Star Ruby,19‐11‐2024,Turkije,KRAAIJEVELD,malathion (som),0.16,2.0,,CONFORM
2420,grapefruits,86975041,Grapefruit Star Ruby,19‐11‐2024,Turkije,KRAAIJEVELD,pyridaben,0.096,0.5,,CONFORM
2421,grapefruits,86975041,Grapefruit Star Ruby,19‐11‐2024,Turkije,KRAAIJEVELD,pyrimethanil,1.2,8.0,,CONFORM
2422,grapefruits,86975041,Grapefruit Star Ruby,19‐11‐2024,Turkije,KRAAIJEVELD,spirotetramat (som),0.013,0.5,,CONFORM
2423,grapefruits,86975041,Grapefruit Star Ruby,19‐11‐2024,Turkije,KRAAIJEVELD,Overige bestrijdingsmiddelen,,,,CONFORM
2424,grapefruits,86984253,grapefruits,11‐11‐2024,Turkije,LEHMANN & TROOST B.V.,acetamiprid,0.01,0.9,,CONFORM
2425,grapefruits,86984253,grapefruits,11‐11‐2024,Turkije,LEHMANN & TROOST B.V.,malathion (som),0.33,2.0,,CONFORM
2426,grapefruits,86984253,grapefruits,11‐11‐2024,Turkije,LEHMANN & TROOST B.V.,pyridaben,0.036,0.5,,CONFORM
2427,grapefruits,86984253,grapefruits,11‐11‐2024,Turkije,LEHMANN & TROOST B.V.,pyrimethanil,0.01,8.0,,CONFORM
2428,grapefruits,86984253,grapefruits,11‐11‐2024,Turkije,LEHMANN & TROOST B.V.,spirodiclofen,0.0055,0.5,,CONFORM
2429,grapefruits,86984253,grapefruits,11‐11‐2024,Turkije,LEHMANN & TROOST B.V.,spirotetramat (som),0.06,0.5,,CONFORM
2430,grapefruits,86984253,grapefruits,11‐11‐2024,Turkije,LEHMANN & TROOST B.V.,Overige bestrijdingsmiddelen,,,,CONFORM
2431,grapefruits,99181575,Biologische Grapefruit Rood,29‐8‐2024,Zuid Afrika,EKOPLAZA (KRUISSTRAAT),bromide,1.7,30.0,,CONFORM
2432,grapefruits,99181575,Biologische Grapefruit Rood,29‐8‐2024,Zuid Afrika,EKOPLAZA (KRUISSTRAAT),koper,0.29,20.0,,CONFORM
2433,grapefruits,99181575,Biologische Grapefruit Rood,29‐8‐2024,Zuid Afrika,EKOPLAZA (KRUISSTRAAT),Overige bestrijdingsmiddelen,,,,CONFORM
2434,grapefruits,99368659,rode grapefruits los 4st,24‐7‐2024,Spanje,POIESZ SUPERMARKTEN,"2,4‐D",0.075,1.0,,CONFORM
2435,grapefruits,99368659,rode grapefruits los 4st,24‐7‐2024,Spanje,POIESZ SUPERMARKTEN,imazalil,1.8,4.0,,CONFORM
2436,grapefruits,99368659,rode grapefruits los 4st,24‐7‐2024,Spanje,POIESZ SUPERMARKTEN,methoxyfenozide,0.071,2.0,,CONFORM
2437,grapefruits,99368659,rode grapefruits los 4st,24‐7‐2024,Spanje,POIESZ SUPERMARKTEN,pyraclostrobin,0.017,2.0,,CONFORM
2438,grapefruits,99368659,rode grapefruits los 4st,24‐7‐2024,Spanje,POIESZ SUPERMARKTEN,pyrimethanil,0.96,8.0,,CONFORM
2439,grapefruits,99368659,rode grapefruits los 4st,24‐7‐2024,Spanje,POIESZ SUPERMARKTEN,spirotetramat (som),0.01,0.5,,CONFORM
2440,grapefruits,99368659,rode grapefruits los 4st,24‐7‐2024,Spanje,POIESZ SUPERMARKTEN,thiabendazool,0.57,7.0,,CONFORM
2441,grapefruits,99368659,rode grapefruits los 4st,24‐7‐2024,Spanje,POIESZ SUPERMARKTEN,Overige bestrijdingsmiddelen,,,,CONFORM
2442,grapefruits,99368918,grapefruits star ruby 1KG,30‐7‐2024,Zuid Afrika,LIDL,imazalil,2.2,4.0,,CONFORM
2443,grapefruits,99368918,grapefruits star ruby 1KG,30‐7‐2024,Zuid Afrika,LIDL,pyraclostrobin,0.022,2.0,,CONFORM
2444,grapefruits,99368918,grapefruits star ruby 1KG,30‐7‐2024,Zuid Afrika,LIDL,pyrimethanil,1.2,8.0,,CONFORM
2445,grapefruits,99368918,grapefruits star ruby 1KG,30‐7‐2024,Zuid Afrika,LIDL,pyriproxyfen,0.0069,0.7,,CONFORM
2446,grapefruits,99368918,grapefruits star ruby 1KG,30‐7‐2024,Zuid Afrika,LIDL,thiabendazool,1.4,7.0,,CONFORM
2447,grapefruits,99368918,grapefruits star ruby 1KG,30‐7‐2024,Zuid Afrika,LIDL,Overige bestrijdingsmiddelen,,,,CONFORM
2448,grapefruits,99390204,mineola,6‐2‐2024,Israël,COOP MAASBREE,bromide,2.1,30.0,,CONFORM
2449,grapefruits,99390204,mineola,6‐2‐2024,Israël,COOP MAASBREE,fosetyl (som),2.6,75.0,,CONFORM
2450,grapefruits,99390204,mineola,6‐2‐2024,Israël,COOP MAASBREE,imazalil,0.84,4.0,,CONFORM
2451,grapefruits,99390204,mineola,6‐2‐2024,Israël,COOP MAASBREE,imidacloprid,0.016,0.9,,CONFORM
2452,grapefruits,99390204,mineola,6‐2‐2024,Israël,COOP MAASBREE,koper,0.76,20.0,,CONFORM
2453,grapefruits,99390204,mineola,6‐2‐2024,Israël,COOP MAASBREE,pyrimethanil,0.071,8.0,,CONFORM
2454,grapefruits,99390204,mineola,6‐2‐2024,Israël,COOP MAASBREE,thiabendazool,0.56,7.0,,CONFORM
2455,grapefruits,99390204,mineola,6‐2‐2024,Israël,COOP MAASBREE,Overige bestrijdingsmiddelen,,,,CONFORM
2456,grapefruits,99398477,GRAPEFRUITS,2‐7‐2024,Zuid Afrika,LIDL,azoxystrobin,0.075,15.0,,CONFORM
2457,grapefruits,99398477,GRAPEFRUITS,2‐7‐2024,Zuid Afrika,LIDL,imazalil,2.0,4.0,,CONFORM
2458,grapefruits,99398477,GRAPEFRUITS,2‐7‐2024,Zuid Afrika,LIDL,methoxyfenozide,0.035,2.0,,CONFORM
2459,grapefruits,99398477,GRAPEFRUITS,2‐7‐2024,Zuid Afrika,LIDL,thiabendazool,0.026,7.0,,CONFORM
2460,grapefruits,99398477,GRAPEFRUITS,2‐7‐2024,Zuid Afrika,LIDL,Overige bestrijdingsmiddelen,,,,CONFORM
2461,grapefruits,99399716,GRAPEFRUIT,16‐1‐2024,Spanje,ALDI MARKT,fosetyl (som),2.9,75.0,,CONFORM
2462,grapefruits,99399716,GRAPEFRUIT,16‐1‐2024,Spanje,ALDI MARKT,imazalil,1.9,4.0,,CONFORM
2463,grapefruits,99399716,GRAPEFRUIT,16‐1‐2024,Spanje,ALDI MARKT,koper,0.36,20.0,,CONFORM
2464,grapefruits,99399716,GRAPEFRUIT,16‐1‐2024,Spanje,ALDI MARKT,pyridaben,0.0066,0.5,,CONFORM
2465,grapefruits,99399716,GRAPEFRUIT,16‐1‐2024,Spanje,ALDI MARKT,pyrimethanil,0.027,8.0,,CONFORM
2466,grapefruits,99399716,GRAPEFRUIT,16‐1‐2024,Spanje,ALDI MARKT,pyriproxyfen,0.0053,0.6,,CONFORM
2467,grapefruits,99399716,GRAPEFRUIT,16‐1‐2024,Spanje,ALDI MARKT,spirotetramat (som),0.019,0.5,,CONFORM
2468,grapefruits,99399716,GRAPEFRUIT,16‐1‐2024,Spanje,ALDI MARKT,Overige bestrijdingsmiddelen,,,,CONFORM
2469,grapefruits,99401621,Sancular Grape Fruits,23‐1‐2024,Landcode onbekend,PLUS BECKERS,imazalil,0.59,4.0,,CONFORM
2470,grapefruits,99401621,Sancular Grape Fruits,23‐1‐2024,Landcode onbekend,PLUS BECKERS,koper,0.32,20.0,,CONFORM
2471,grapefruits,99401621,Sancular Grape Fruits,23‐1‐2024,Landcode onbekend,PLUS BECKERS,Overige bestrijdingsmiddelen,,,,CONFORM
2472,grapefruits,99402253,pompelmoezen,6‐2‐2024,Landcode onbekend,JUMBO SUPERMARKT,azoxystrobin,0.011,15.0,,CONFORM
2473,grapefruits,99402253,pompelmoezen,6‐2‐2024,Landcode onbekend,JUMBO SUPERMARKT,bromide,0.89,30.0,,CONFORM
2474,grapefruits,99402253,pompelmoezen,6‐2‐2024,Landcode onbekend,JUMBO SUPERMARKT,dodine,0.0095,1.5,,CONFORM
2475,grapefruits,99402253,pompelmoezen,6‐2‐2024,Landcode onbekend,JUMBO SUPERMARKT,fosetyl (som),3.1,75.0,,CONFORM
2476,grapefruits,99402253,pompelmoezen,6‐2‐2024,Landcode onbekend,JUMBO SUPERMARKT,imazalil,0.51,4.0,,CONFORM
2477,grapefruits,99402253,pompelmoezen,6‐2‐2024,Landcode onbekend,JUMBO SUPERMARKT,koper,0.52,20.0,,CONFORM
2478,grapefruits,99402253,pompelmoezen,6‐2‐2024,Landcode onbekend,JUMBO SUPERMARKT,pyrimethanil,1.5,8.0,,CONFORM
2479,grapefruits,99402253,pompelmoezen,6‐2‐2024,Landcode onbekend,JUMBO SUPERMARKT,Overige bestrijdingsmiddelen,,,,CONFORM
2480,grapefruits,99411104,Grapefruits,10‐7‐2024,Zuid Afrika,EKOPLAZA (ENSCHEDE),Overige bestrijdingsmiddelen,,,,CONFORM
2481,grapefruits,99411392,Grapefruit Star Ruby,16‐7‐2024,Zuid Afrika,ALDI ENSCHEDE,"2,4‐D",0.084,1.0,,CONFORM
2482,grapefruits,99411392,Grapefruit Star Ruby,16‐7‐2024,Zuid Afrika,ALDI ENSCHEDE,imazalil,2.6,4.0,,CONFORM
2483,grapefruits,99411392,Grapefruit Star Ruby,16‐7‐2024,Zuid Afrika,ALDI ENSCHEDE,methoxyfenozide,0.016,2.0,,CONFORM
2484,grapefruits,99411392,Grapefruit Star Ruby,16‐7‐2024,Zuid Afrika,ALDI ENSCHEDE,pyraclostrobin,0.015,2.0,,CONFORM
2485,grapefruits,99411392,Grapefruit Star Ruby,16‐7‐2024,Zuid Afrika,ALDI ENSCHEDE,pyrimethanil,1.2,8.0,,CONFORM
2486,grapefruits,99411392,Grapefruit Star Ruby,16‐7‐2024,Zuid Afrika,ALDI ENSCHEDE,spirotetramat (som),0.01,0.5,,CONFORM
2487,grapefruits,99411392,Grapefruit Star Ruby,16‐7‐2024,Zuid Afrika,ALDI ENSCHEDE,thiabendazool,0.89,7.0,,CONFORM
2488,grapefruits,99411392,Grapefruit Star Ruby,16‐7‐2024,Zuid Afrika,ALDI ENSCHEDE,Overige bestrijdingsmiddelen,,,,CONFORM
2489,grapefruits,99411902,Grape fruit,23‐7‐2024,Zuid Afrika,DIRK,azoxystrobin,0.038,15.0,,CONFORM
2490,grapefruits,99411902,Grape fruit,23‐7‐2024,Zuid Afrika,DIRK,imazalil,1.5,4.0,,CONFORM
2491,grapefruits,99411902,Grape fruit,23‐7‐2024,Zuid Afrika,DIRK,methoxyfenozide,0.088,2.0,,CONFORM
2492,grapefruits,99411902,Grape fruit,23‐7‐2024,Zuid Afrika,DIRK,spirotetramat (som),0.008,0.5,,CONFORM
2493,grapefruits,99411902,Grape fruit,23‐7‐2024,Zuid Afrika,DIRK,thiabendazool,0.92,7.0,,CONFORM
2494,grapefruits,99411902,Grape fruit,23‐7‐2024,Zuid Afrika,DIRK,Overige bestrijdingsmiddelen,,,,CONFORM
2495,grapefruits,99412186,AH grapefruit rood Star Ruby 1kg,17‐7‐2024,Zuid Afrika,ALBERT HEIJN MARCEL BERGHUIS,buprofezin,0.0075,0.01,,CONFORM
2496,grapefruits,99412186,AH grapefruit rood Star Ruby 1kg,17‐7‐2024,Zuid Afrika,ALBERT HEIJN MARCEL BERGHUIS,fluvalinaat,0.018,0.4,,CONFORM
2497,grapefruits,99412186,AH grapefruit rood Star Ruby 1kg,17‐7‐2024,Zuid Afrika,ALBERT HEIJN MARCEL BERGHUIS,imazalil,0.38,4.0,,CONFORM
2498,grapefruits,99412186,AH grapefruit rood Star Ruby 1kg,17‐7‐2024,Zuid Afrika,ALBERT HEIJN MARCEL BERGHUIS,pyraclostrobin,0.045,2.0,,CONFORM
2499,grapefruits,99412186,AH grapefruit rood Star Ruby 1kg,17‐7‐2024,Zuid Afrika,ALBERT HEIJN MARCEL BERGHUIS,thiabendazool,1.2,7.0,,CONFORM
2500,grapefruits,99412186,AH grapefruit rood Star Ruby 1kg,17‐7‐2024,Zuid Afrika,ALBERT HEIJN MARCEL BERGHUIS,Overige bestrijdingsmiddelen,,,,CONFORM
2501,grapefruits,99414405,grapefruits,16‐1‐2024,Spanje,LIDL,acetamiprid,0.013,0.9,,CONFORM
2502,grapefruits,99414405,grapefruits,16‐1‐2024,Spanje,LIDL,imazalil,0.88,4.0,,CONFORM
2503,grapefruits,99414405,grapefruits,16‐1‐2024,Spanje,LIDL,koper,0.24,20.0,,CONFORM
2504,grapefruits,99414405,grapefruits,16‐1‐2024,Spanje,LIDL,pyriproxyfen,0.015,0.6,,CONFORM
2505,grapefruits,99414405,grapefruits,16‐1‐2024,Spanje,LIDL,Overige bestrijdingsmiddelen,,,,CONFORM
2506,grapefruits,99415002,Plus Grapefruit rood,25‐1‐2024,Spanje,COOP DEN HAM,acetamiprid,0.0052,0.9,,CONFORM
2507,grapefruits,99415002,Plus Grapefruit rood,25‐1‐2024,Spanje,COOP DEN HAM,fenpyroximaat,0.005,0.5,,CONFORM
2508,grapefruits,99415002,Plus Grapefruit rood,25‐1‐2024,Spanje,COOP DEN HAM,fosetyl (som),1.9,75.0,,CONFORM
2509,grapefruits,99415002,Plus Grapefruit rood,25‐1‐2024,Spanje,COOP DEN HAM,imazalil,0.83,4.0,,CONFORM
2510,grapefruits,99415002,Plus Grapefruit rood,25‐1‐2024,Spanje,COOP DEN HAM,koper,0.48,20.0,,CONFORM
2511,grapefruits,99415002,Plus Grapefruit rood,25‐1‐2024,Spanje,COOP DEN HAM,Overige bestrijdingsmiddelen,,,,CONFORM
2512,grapefruits,99415061,Rode grapefruits,30‐1‐2024,Spanje,DIRK,imazalil,0.19,4.0,,CONFORM
2513,grapefruits,99415061,Rode grapefruits,30‐1‐2024,Spanje,DIRK,koper,0.42,20.0,,CONFORM
2514,grapefruits,99415061,Rode grapefruits,30‐1‐2024,Spanje,DIRK,Overige bestrijdingsmiddelen,,,,CONFORM
2515,grapefruits,99415827,AH rode grapefruits,7‐2‐2024,Israël,"ALBERT HEIJN, TJ VOSSELMAN SUPERMARKT T.H.O.D.N.",bromide,1.6,30.0,,CONFORM
2516,grapefruits,99415827,AH rode grapefruits,7‐2‐2024,Israël,"ALBERT HEIJN, TJ VOSSELMAN SUPERMARKT T.H.O.D.N.",imazalil,1.2,4.0,,CONFORM
2517,grapefruits,99415827,AH rode grapefruits,7‐2‐2024,Israël,"ALBERT HEIJN, TJ VOSSELMAN SUPERMARKT T.H.O.D.N.",imidacloprid,0.15,0.9,,CONFORM
2518,grapefruits,99415827,AH rode grapefruits,7‐2‐2024,Israël,"ALBERT HEIJN, TJ VOSSELMAN SUPERMARKT T.H.O.D.N.",koper,0.3,20.0,,CONFORM
2519,grapefruits,99415827,AH rode grapefruits,7‐2‐2024,Israël,"ALBERT HEIJN, TJ VOSSELMAN SUPERMARKT T.H.O.D.N.",pyriproxyfen,0.022,0.6,,CONFORM
2520,grapefruits,99415827,AH rode grapefruits,7‐2‐2024,Israël,"ALBERT HEIJN, TJ VOSSELMAN SUPERMARKT T.H.O.D.N.",thiabendazool,0.72,7.0,,CONFORM
2521,grapefruits,99415827,AH rode grapefruits,7‐2‐2024,Israël,"ALBERT HEIJN, TJ VOSSELMAN SUPERMARKT T.H.O.D.N.",Overige bestrijdingsmiddelen,,,,CONFORM
2522,grapefruits,99420758,Grapefruits Star Ruby 3st,6‐2‐2024,Spanje,ALDI MARKT,acetamiprid,0.035,0.9,,CONFORM
2523,grapefruits,99420758,Grapefruits Star Ruby 3st,6‐2‐2024,Spanje,ALDI MARKT,bromide,0.58,30.0,,CONFORM
2524,grapefruits,99420758,Grapefruits Star Ruby 3st,6‐2‐2024,Spanje,ALDI MARKT,etofenprox,0.051,1.5,,CONFORM
2525,grapefruits,99420758,Grapefruits Star Ruby 3st,6‐2‐2024,Spanje,ALDI MARKT,fosetyl (som),2.2,75.0,,CONFORM
2526,grapefruits,99420758,Grapefruits Star Ruby 3st,6‐2‐2024,Spanje,ALDI MARKT,hexythiazox,0.013,0.5,,CONFORM
2527,grapefruits,99420758,Grapefruits Star Ruby 3st,6‐2‐2024,Spanje,ALDI MARKT,imazalil,1.5,4.0,,CONFORM
2528,grapefruits,99420758,Grapefruits Star Ruby 3st,6‐2‐2024,Spanje,ALDI MARKT,koper,0.32,20.0,,CONFORM
2529,grapefruits,99420758,Grapefruits Star Ruby 3st,6‐2‐2024,Spanje,ALDI MARKT,pyrimethanil,0.036,8.0,,CONFORM
2530,grapefruits,99420758,Grapefruits Star Ruby 3st,6‐2‐2024,Spanje,ALDI MARKT,pyriproxyfen,0.011,0.6,,CONFORM
2531,grapefruits,99420758,Grapefruits Star Ruby 3st,6‐2‐2024,Spanje,ALDI MARKT,Overige bestrijdingsmiddelen,,,,CONFORM
2532,grapefruits,99427477,grapefruit,31‐7‐2024,Zuid Afrika,ALBERT HEIJN,chloorfenapyr,0.0054,0.01,,CONFORM
2533,grapefruits,99427477,grapefruit,31‐7‐2024,Zuid Afrika,ALBERT HEIJN,fluvalinaat,0.022,0.4,,CONFORM
2534,grapefruits,99427477,grapefruit,31‐7‐2024,Zuid Afrika,ALBERT HEIJN,imazalil,2.3,4.0,,CONFORM
2535,grapefruits,99427477,grapefruit,31‐7‐2024,Zuid Afrika,ALBERT HEIJN,methoxyfenozide,0.029,2.0,,CONFORM
2536,grapefruits,99427477,grapefruit,31‐7‐2024,Zuid Afrika,ALBERT HEIJN,pyraclostrobin,0.051,2.0,,CONFORM
2537,grapefruits,99427477,grapefruit,31‐7‐2024,Zuid Afrika,ALBERT HEIJN,thiabendazool,0.38,7.0,,CONFORM
2538,grapefruits,99427477,grapefruit,31‐7‐2024,Zuid Afrika,ALBERT HEIJN,Overige bestrijdingsmiddelen,,,,CONFORM
2539,grapefruits,99430052,rode grapefruit,2‐7‐2024,Zuid Afrika,JUMBO SITTARD STADION,imazalil,0.85,4.0,,CONFORM
2540,grapefruits,99430052,rode grapefruit,2‐7‐2024,Zuid Afrika,JUMBO SITTARD STADION,methoxyfenozide,0.0051,2.0,,CONFORM
2541,grapefruits,99430052,rode grapefruit,2‐7‐2024,Zuid Afrika,JUMBO SITTARD STADION,pyraclostrobin,0.047,2.0,,CONFORM
2542,grapefruits,99430052,rode grapefruit,2‐7‐2024,Zuid Afrika,JUMBO SITTARD STADION,pyrimethanil,2.4,8.0,,CONFORM
2543,grapefruits,99430052,rode grapefruit,2‐7‐2024,Zuid Afrika,JUMBO SITTARD STADION,pyriproxyfen,0.0088,0.7,,CONFORM
2544,grapefruits,99430052,rode grapefruit,2‐7‐2024,Zuid Afrika,JUMBO SITTARD STADION,thiabendazool,1.5,7.0,,CONFORM
2545,grapefruits,99430052,rode grapefruit,2‐7‐2024,Zuid Afrika,JUMBO SITTARD STADION,Overige bestrijdingsmiddelen,,,,CONFORM
2546,grapefruits,99430281,grapefruit,16‐7‐2024,Zuid Afrika,DAGWINKEL MELDERSLO,"2,4‐D",0.094,1.0,,CONFORM
2547,grapefruits,99430281,grapefruit,16‐7‐2024,Zuid Afrika,DAGWINKEL MELDERSLO,imazalil,2.8,4.0,,CONFORM
2548,grapefruits,99430281,grapefruit,16‐7‐2024,Zuid Afrika,DAGWINKEL MELDERSLO,methoxyfenozide,0.01,2.0,,CONFORM
2549,grapefruits,99430281,grapefruit,16‐7‐2024,Zuid Afrika,DAGWINKEL MELDERSLO,pyraclostrobin,0.008,2.0,,CONFORM
2550,grapefruits,99430281,grapefruit,16‐7‐2024,Zuid Afrika,DAGWINKEL MELDERSLO,pyrimethanil,0.86,8.0,,CONFORM
2551,grapefruits,99430281,grapefruit,16‐7‐2024,Zuid Afrika,DAGWINKEL MELDERSLO,spirotetramat (som),0.007,0.5,,CONFORM
2552,grapefruits,99430281,grapefruit,16‐7‐2024,Zuid Afrika,DAGWINKEL MELDERSLO,thiabendazool,1.1,7.0,,CONFORM
2553,grapefruits,99430281,grapefruit,16‐7‐2024,Zuid Afrika,DAGWINKEL MELDERSLO,Overige bestrijdingsmiddelen,,,,CONFORM
2554,grapefruits,99430605,Grapefruits,23‐7‐2024,Zuid Afrika,PLUS BOUDA POSTMA,azoxystrobin,0.048,15.0,,CONFORM
2555,grapefruits,99430605,Grapefruits,23‐7‐2024,Zuid Afrika,PLUS BOUDA POSTMA,imazalil,1.1,4.0,,CONFORM
2556,grapefruits,99430605,Grapefruits,23‐7‐2024,Zuid Afrika,PLUS BOUDA POSTMA,methoxyfenozide,0.041,2.0,,CONFORM
2557,grapefruits,99430605,Grapefruits,23‐7‐2024,Zuid Afrika,PLUS BOUDA POSTMA,pyrimethanil,0.0051,8.0,,CONFORM
2558,grapefruits,99430605,Grapefruits,23‐7‐2024,Zuid Afrika,PLUS BOUDA POSTMA,pyriproxyfen,0.0098,0.7,,CONFORM
2559,grapefruits,99430605,Grapefruits,23‐7‐2024,Zuid Afrika,PLUS BOUDA POSTMA,spirotetramat (som),0.007,0.5,,CONFORM
2560,grapefruits,99430605,Grapefruits,23‐7‐2024,Zuid Afrika,PLUS BOUDA POSTMA,thiabendazool,1.2,7.0,,CONFORM
2561,grapefruits,99430605,Grapefruits,23‐7‐2024,Zuid Afrika,PLUS BOUDA POSTMA,Overige bestrijdingsmiddelen,,,,CONFORM
2562,grapefruits,99435003,"Grapefruit, Variëteit: Star Ruby, Maat 55",10‐7‐2024,Zuid Afrika,JUMBO SUPERMARKT,"2,4‐D",0.011,1.0,,CONFORM
2563,grapefruits,99435003,"Grapefruit, Variëteit: Star Ruby, Maat 55",10‐7‐2024,Zuid Afrika,JUMBO SUPERMARKT,azoxystrobin,0.12,15.0,,CONFORM
2564,grapefruits,99435003,"Grapefruit, Variëteit: Star Ruby, Maat 55",10‐7‐2024,Zuid Afrika,JUMBO SUPERMARKT,fluvalinaat,0.0053,0.4,,CONFORM
2565,grapefruits,99435003,"Grapefruit, Variëteit: Star Ruby, Maat 55",10‐7‐2024,Zuid Afrika,JUMBO SUPERMARKT,imazalil,0.12,4.0,,CONFORM
2566,grapefruits,99435003,"Grapefruit, Variëteit: Star Ruby, Maat 55",10‐7‐2024,Zuid Afrika,JUMBO SUPERMARKT,methoxyfenozide,0.038,2.0,,CONFORM
2567,grapefruits,99435003,"Grapefruit, Variëteit: Star Ruby, Maat 55",10‐7‐2024,Zuid Afrika,JUMBO SUPERMARKT,thiabendazool,0.15,7.0,,CONFORM
2568,grapefruits,99435003,"Grapefruit, Variëteit: Star Ruby, Maat 55",10‐7‐2024,Zuid Afrika,JUMBO SUPERMARKT,Overige bestrijdingsmiddelen,,,,CONFORM
2569,grapefruits,99435046,"Rode Grapefruit, Star Ruby",3‐7‐2024,Zuid Afrika,ALBERT HEIJN,imazalil,1.4,4.0,,CONFORM
2570,grapefruits,99435046,"Rode Grapefruit, Star Ruby",3‐7‐2024,Zuid Afrika,ALBERT HEIJN,methoxyfenozide,0.024,2.0,,CONFORM
2571,grapefruits,99435046,"Rode Grapefruit, Star Ruby",3‐7‐2024,Zuid Afrika,ALBERT HEIJN,pyrimethanil,0.0095,8.0,,CONFORM
2572,grapefruits,99435046,"Rode Grapefruit, Star Ruby",3‐7‐2024,Zuid Afrika,ALBERT HEIJN,thiabendazool,1.4,7.0,,CONFORM
2573,grapefruits,99435046,"Rode Grapefruit, Star Ruby",3‐7‐2024,Zuid Afrika,ALBERT HEIJN,trifloxystrobin,0.021,0.5,,CONFORM
2574,grapefruits,99435046,"Rode Grapefruit, Star Ruby",3‐7‐2024,Zuid Afrika,ALBERT HEIJN,Overige bestrijdingsmiddelen,,,,CONFORM
2575,grapefruits,99435526,"Grapefruit, Soort: Star Ruby, 3 stuks",7‐8‐2024,Zuid Afrika,LIDL,azoxystrobin,0.059,15.0,,CONFORM
2576,grapefruits,99435526,"Grapefruit, Soort: Star Ruby, 3 stuks",7‐8‐2024,Zuid Afrika,LIDL,imazalil,1.3,4.0,,CONFORM
2577,grapefruits,99435526,"Grapefruit, Soort: Star Ruby, 3 stuks",7‐8‐2024,Zuid Afrika,LIDL,methoxyfenozide,0.057,2.0,,CONFORM
2578,grapefruits,99435526,"Grapefruit, Soort: Star Ruby, 3 stuks",7‐8‐2024,Zuid Afrika,LIDL,thiabendazool,0.0068,7.0,,CONFORM
2579,grapefruits,99435526,"Grapefruit, Soort: Star Ruby, 3 stuks",7‐8‐2024,Zuid Afrika,LIDL,Overige bestrijdingsmiddelen,,,,CONFORM
2580,grapefruits,99435755,"Grapefruit, Variëteit Star Ruby",12‐8‐2024,Zuid Afrika,ALDI MARKT,"2,4‐D",0.091,1.0,,CONFORM
2581,grapefruits,99435755,"Grapefruit, Variëteit Star Ruby",12‐8‐2024,Zuid Afrika,ALDI MARKT,imazalil,2.1,4.0,,CONFORM
2582,grapefruits,99435755,"Grapefruit, Variëteit Star Ruby",12‐8‐2024,Zuid Afrika,ALDI MARKT,methoxyfenozide,0.016,2.0,,CONFORM
2583,grapefruits,99435755,"Grapefruit, Variëteit Star Ruby",12‐8‐2024,Zuid Afrika,ALDI MARKT,pyraclostrobin,0.013,2.0,,CONFORM
2584,grapefruits,99435755,"Grapefruit, Variëteit Star Ruby",12‐8‐2024,Zuid Afrika,ALDI MARKT,pyrimethanil,0.86,8.0,,CONFORM
2585,grapefruits,99435755,"Grapefruit, Variëteit Star Ruby",12‐8‐2024,Zuid Afrika,ALDI MARKT,thiabendazool,0.89,7.0,,CONFORM
2586,grapefruits,99435755,"Grapefruit, Variëteit Star Ruby",12‐8‐2024,Zuid Afrika,ALDI MARKT,Overige bestrijdingsmiddelen,,,,CONFORM
2587,grapefruits,99436093,Grapefruit,13‐8‐2024,Landcode onbekend,POIESZ SUPERMARKTEN,"2,4‐D",0.064,1.0,,CONFORM
2588,grapefruits,99436093,Grapefruit,13‐8‐2024,Landcode onbekend,POIESZ SUPERMARKTEN,imazalil,2.6,4.0,,CONFORM
2589,grapefruits,99436093,Grapefruit,13‐8‐2024,Landcode onbekend,POIESZ SUPERMARKTEN,methoxyfenozide,0.064,2.0,,CONFORM
2590,grapefruits,99436093,Grapefruit,13‐8‐2024,Landcode onbekend,POIESZ SUPERMARKTEN,pyraclostrobin,0.017,2.0,,CONFORM
2591,grapefruits,99436093,Grapefruit,13‐8‐2024,Landcode onbekend,POIESZ SUPERMARKTEN,pyrimethanil,0.99,8.0,,CONFORM
2592,grapefruits,99436093,Grapefruit,13‐8‐2024,Landcode onbekend,POIESZ SUPERMARKTEN,thiabendazool,1.1,7.0,,CONFORM
2593,grapefruits,99436093,Grapefruit,13‐8‐2024,Landcode onbekend,POIESZ SUPERMARKTEN,Overige bestrijdingsmiddelen,,,,CONFORM
2594,grapefruits,99437332,White Grapefruit,3‐9‐2024,Zuid Afrika,DE FRAMBOZENBOERDERIJ,"2,4‐D",0.07,1.0,,CONFORM
2595,grapefruits,99437332,White Grapefruit,3‐9‐2024,Zuid Afrika,DE FRAMBOZENBOERDERIJ,azoxystrobin,0.011,15.0,,CONFORM
2596,grapefruits,99437332,White Grapefruit,3‐9‐2024,Zuid Afrika,DE FRAMBOZENBOERDERIJ,chloorfenapyr,0.0087,0.01,,CONFORM
2597,grapefruits,99437332,White Grapefruit,3‐9‐2024,Zuid Afrika,DE FRAMBOZENBOERDERIJ,fosetyl (som),0.63,75.0,,CONFORM
2598,grapefruits,99437332,White Grapefruit,3‐9‐2024,Zuid Afrika,DE FRAMBOZENBOERDERIJ,glufosinaat (som),0.14,0.05,,NIET CONFORM
2599,grapefruits,99437332,White Grapefruit,3‐9‐2024,Zuid Afrika,DE FRAMBOZENBOERDERIJ,imazalil,2.1,4.0,,CONFORM
2600,grapefruits,99437332,White Grapefruit,3‐9‐2024,Zuid Afrika,DE FRAMBOZENBOERDERIJ,koper,0.4,20.0,,CONFORM
2601,grapefruits,99437332,White Grapefruit,3‐9‐2024,Zuid Afrika,DE FRAMBOZENBOERDERIJ,methoxyfenozide,0.0086,2.0,,CONFORM
2602,grapefruits,99437332,White Grapefruit,3‐9‐2024,Zuid Afrika,DE FRAMBOZENBOERDERIJ,pyraclostrobin,0.066,2.0,,CONFORM
2603,grapefruits,99437332,White Grapefruit,3‐9‐2024,Zuid Afrika,DE FRAMBOZENBOERDERIJ,pyrimethanil,1.6,8.0,,CONFORM
2604,grapefruits,99437332,White Grapefruit,3‐9‐2024,Zuid Afrika,DE FRAMBOZENBOERDERIJ,pyriproxyfen,0.015,0.7,,CONFORM
2605,grapefruits,99437332,White Grapefruit,3‐9‐2024,Zuid Afrika,DE FRAMBOZENBOERDERIJ,thiabendazool,1.5,7.0,,CONFORM
2606,grapefruits,99437332,White Grapefruit,3‐9‐2024,Zuid Afrika,DE FRAMBOZENBOERDERIJ,Overige bestrijdingsmiddelen,,,,CONFORM
2607,grapefruits,99437901,Rode grapefruit,9‐9‐2024,Landcode onbekend,GROENTE‐EN FRUITSHOP JAN FIDDER,bromide,2.9,30.0,,CONFORM
2608,grapefruits,99437901,Rode grapefruit,9‐9‐2024,Landcode onbekend,GROENTE‐EN FRUITSHOP JAN FIDDER,fosetyl (som),0.61,75.0,,CONFORM
2609,grapefruits,99437901,Rode grapefruit,9‐9‐2024,Landcode onbekend,GROENTE‐EN FRUITSHOP JAN FIDDER,imazalil,0.73,4.0,,CONFORM
2610,grapefruits,99437901,Rode grapefruit,9‐9‐2024,Landcode onbekend,GROENTE‐EN FRUITSHOP JAN FIDDER,koper,0.27,20.0,,CONFORM
2611,grapefruits,99437901,Rode grapefruit,9‐9‐2024,Landcode onbekend,GROENTE‐EN FRUITSHOP JAN FIDDER,methoxyfenozide,0.14,2.0,,CONFORM
2612,grapefruits,99437901,Rode grapefruit,9‐9‐2024,Landcode onbekend,GROENTE‐EN FRUITSHOP JAN FIDDER,pyraclostrobin,0.04,2.0,,CONFORM
2613,grapefruits,99437901,Rode grapefruit,9‐9‐2024,Landcode onbekend,GROENTE‐EN FRUITSHOP JAN FIDDER,thiabendazool,0.71,7.0,,CONFORM
2614,grapefruits,99437901,Rode grapefruit,9‐9‐2024,Landcode onbekend,GROENTE‐EN FRUITSHOP JAN FIDDER,Overige bestrijdingsmiddelen,,,,CONFORM
2615,grapefruits,99440171,Grapefruit,30‐7‐2024,Spanje,EKOPLAZA (HENGELO),Overige bestrijdingsmiddelen,,,,CONFORM
2616,grapefruits,99440805,Star Ruby grapefruit,6‐8‐2024,Zuid Afrika,JUMBO SUPERMARKT,azoxystrobin,0.017,15.0,,CONFORM
2617,grapefruits,99440805,Star Ruby grapefruit,6‐8‐2024,Zuid Afrika,JUMBO SUPERMARKT,fludioxonil,0.56,10.0,,CONFORM
2618,grapefruits,99440805,Star Ruby grapefruit,6‐8‐2024,Zuid Afrika,JUMBO SUPERMARKT,thiabendazool,0.35,7.0,,CONFORM
2619,grapefruits,99440805,Star Ruby grapefruit,6‐8‐2024,Zuid Afrika,JUMBO SUPERMARKT,Overige bestrijdingsmiddelen,,,,CONFORM
2620,grapefruits,99441267,witte grapefruits,13‐8‐2024,Zuid Afrika,ALBERT HEIJN,buprofezin,0.0097,0.01,,CONFORM
2621,grapefruits,99441267,witte grapefruits,13‐8‐2024,Zuid Afrika,ALBERT HEIJN,fluvalinaat,0.021,0.4,,CONFORM
2622,grapefruits,99441267,witte grapefruits,13‐8‐2024,Zuid Afrika,ALBERT HEIJN,imazalil,1.7,4.0,,CONFORM
2623,grapefruits,99441267,witte grapefruits,13‐8‐2024,Zuid Afrika,ALBERT HEIJN,methoxyfenozide,0.027,2.0,,CONFORM
2624,grapefruits,99441267,witte grapefruits,13‐8‐2024,Zuid Afrika,ALBERT HEIJN,pyraclostrobin,0.048,2.0,,CONFORM
2625,grapefruits,99441267,witte grapefruits,13‐8‐2024,Zuid Afrika,ALBERT HEIJN,spirotetramat (som),0.02,0.5,,CONFORM
2626,grapefruits,99441267,witte grapefruits,13‐8‐2024,Zuid Afrika,ALBERT HEIJN,thiabendazool,0.29,7.0,,CONFORM
2627,grapefruits,99441267,witte grapefruits,13‐8‐2024,Zuid Afrika,ALBERT HEIJN,Overige bestrijdingsmiddelen,,,,CONFORM
2628,grapefruits,99441593,Grapefruit,20‐8‐2024,Zuid Afrika,ÖZEN FOOD MARKET,fludioxonil,0.038,10.0,,CONFORM
2629,grapefruits,99441593,Grapefruit,20‐8‐2024,Zuid Afrika,ÖZEN FOOD MARKET,glufosinaat (som),0.17,0.05,,NIET CONFORM
2630,grapefruits,99441593,Grapefruit,20‐8‐2024,Zuid Afrika,ÖZEN FOOD MARKET,koper,0.34,20.0,,CONFORM
2631,grapefruits,99441593,Grapefruit,20‐8‐2024,Zuid Afrika,ÖZEN FOOD MARKET,pyraclostrobin,0.045,2.0,,CONFORM
2632,grapefruits,99441593,Grapefruit,20‐8‐2024,Zuid Afrika,ÖZEN FOOD MARKET,pyriproxyfen,0.013,0.7,,CONFORM
2633,grapefruits,99441593,Grapefruit,20‐8‐2024,Zuid Afrika,ÖZEN FOOD MARKET,Overige bestrijdingsmiddelen,,,,CONFORM
2634,grapefruits,99447478,grapefruit,27‐8‐2024,Zuid Afrika,OZ BAKTAT,bromide,1.1,30.0,,CONFORM
2635,grapefruits,99447478,grapefruit,27‐8‐2024,Zuid Afrika,OZ BAKTAT,dithiocarbamaten (als cs2),0.054,5.0,,CONFORM
2636,grapefruits,99447478,grapefruit,27‐8‐2024,Zuid Afrika,OZ BAKTAT,imazalil,0.73,4.0,,CONFORM
2637,grapefruits,99447478,grapefruit,27‐8‐2024,Zuid Afrika,OZ BAKTAT,koper,0.34,20.0,,CONFORM
2638,grapefruits,99447478,grapefruit,27‐8‐2024,Zuid Afrika,OZ BAKTAT,pyraclostrobin,0.052,2.0,,CONFORM
2639,grapefruits,99447478,grapefruit,27‐8‐2024,Zuid Afrika,OZ BAKTAT,pyrimethanil,2.2,8.0,,CONFORM
2640,grapefruits,99447478,grapefruit,27‐8‐2024,Zuid Afrika,OZ BAKTAT,pyriproxyfen,0.013,0.7,,CONFORM
2641,grapefruits,99447478,grapefruit,27‐8‐2024,Zuid Afrika,OZ BAKTAT,thiabendazool,1.3,7.0,,CONFORM
2642,grapefruits,99447478,grapefruit,27‐8‐2024,Zuid Afrika,OZ BAKTAT,Overige bestrijdingsmiddelen,,,,CONFORM
2643,grapefruits,99447877,grapefruit,3‐9‐2024,Zuid Afrika,WELKOM SUPERMARKT,bromide,1.4,30.0,,CONFORM
2644,grapefruits,99447877,grapefruit,3‐9‐2024,Zuid Afrika,WELKOM SUPERMARKT,fluvalinaat,0.011,0.4,,CONFORM
2645,grapefruits,99447877,grapefruit,3‐9‐2024,Zuid Afrika,WELKOM SUPERMARKT,imazalil,0.71,4.0,,CONFORM
2646,grapefruits,99447877,grapefruit,3‐9‐2024,Zuid Afrika,WELKOM SUPERMARKT,koper,0.4,20.0,,CONFORM
2647,grapefruits,99447877,grapefruit,3‐9‐2024,Zuid Afrika,WELKOM SUPERMARKT,methoxyfenozide,0.0053,2.0,,CONFORM
2648,grapefruits,99447877,grapefruit,3‐9‐2024,Zuid Afrika,WELKOM SUPERMARKT,pyraclostrobin,0.048,2.0,,CONFORM
2649,grapefruits,99447877,grapefruit,3‐9‐2024,Zuid Afrika,WELKOM SUPERMARKT,pyrimethanil,4.3,8.0,,CONFORM
2650,grapefruits,99447877,grapefruit,3‐9‐2024,Zuid Afrika,WELKOM SUPERMARKT,pyriproxyfen,0.019,0.7,,CONFORM
2651,grapefruits,99447877,grapefruit,3‐9‐2024,Zuid Afrika,WELKOM SUPERMARKT,thiabendazool,3.5,7.0,,CONFORM
2652,grapefruits,99447877,grapefruit,3‐9‐2024,Zuid Afrika,WELKOM SUPERMARKT,Overige bestrijdingsmiddelen,,,,CONFORM
2653,grapefruits,99451793,GRAPE FRUIT,9‐9‐2024,Landcode onbekend,DE GOUDREINET,azoxystrobin,0.013,15.0,,CONFORM
2654,grapefruits,99451793,GRAPE FRUIT,9‐9‐2024,Landcode onbekend,DE GOUDREINET,bromide,0.82,30.0,,CONFORM
2655,grapefruits,99451793,GRAPE FRUIT,9‐9‐2024,Landcode onbekend,DE GOUDREINET,dithiocarbamaten (als cs2),0.078,5.0,,CONFORM
2656,grapefruits,99451793,GRAPE FRUIT,9‐9‐2024,Landcode onbekend,DE GOUDREINET,fosetyl (som),0.22,75.0,,CONFORM
2657,grapefruits,99451793,GRAPE FRUIT,9‐9‐2024,Landcode onbekend,DE GOUDREINET,glufosinaat (som),0.031,0.05,,CONFORM
2658,grapefruits,99451793,GRAPE FRUIT,9‐9‐2024,Landcode onbekend,DE GOUDREINET,imazalil,1.4,4.0,,CONFORM
2659,grapefruits,99451793,GRAPE FRUIT,9‐9‐2024,Landcode onbekend,DE GOUDREINET,koper,0.57,20.0,,CONFORM
2660,grapefruits,99451793,GRAPE FRUIT,9‐9‐2024,Landcode onbekend,DE GOUDREINET,methoxyfenozide,0.046,2.0,,CONFORM
2661,grapefruits,99451793,GRAPE FRUIT,9‐9‐2024,Landcode onbekend,DE GOUDREINET,pyraclostrobin,0.012,2.0,,CONFORM
2662,grapefruits,99451793,GRAPE FRUIT,9‐9‐2024,Landcode onbekend,DE GOUDREINET,pyrimethanil,0.76,8.0,,CONFORM
2663,grapefruits,99451793,GRAPE FRUIT,9‐9‐2024,Landcode onbekend,DE GOUDREINET,pyriproxyfen,0.0093,0.7,,CONFORM
2664,grapefruits,99451793,GRAPE FRUIT,9‐9‐2024,Landcode onbekend,DE GOUDREINET,thiabendazool,1.5,7.0,,CONFORM
2665,grapefruits,99451793,GRAPE FRUIT,9‐9‐2024,Landcode onbekend,DE GOUDREINET,Overige bestrijdingsmiddelen,,,,CONFORM
2666,grapefruits,99595345,Plus grapefruit Star Ruby 4st,9‐7‐2024,Zuid Afrika,PLUS STAM,"2,4‐D",0.051,1.0,,CONFORM
2667,grapefruits,99595345,Plus grapefruit Star Ruby 4st,9‐7‐2024,Zuid Afrika,PLUS STAM,azoxystrobin,0.03,15.0,,CONFORM
2668,grapefruits,99595345,Plus grapefruit Star Ruby 4st,9‐7‐2024,Zuid Afrika,PLUS STAM,imazalil,2.9,4.0,,CONFORM
2669,grapefruits,99595345,Plus grapefruit Star Ruby 4st,9‐7‐2024,Zuid Afrika,PLUS STAM,methoxyfenozide,0.054,2.0,,CONFORM
2670,grapefruits,99595345,Plus grapefruit Star Ruby 4st,9‐7‐2024,Zuid Afrika,PLUS STAM,pyrimethanil,0.62,8.0,,CONFORM
2671,grapefruits,99595345,Plus grapefruit Star Ruby 4st,9‐7‐2024,Zuid Afrika,PLUS STAM,spirotetramat (som),0.01,0.5,,CONFORM
2672,grapefruits,99595345,Plus grapefruit Star Ruby 4st,9‐7‐2024,Zuid Afrika,PLUS STAM,thiabendazool,5.0,7.0,,CONFORM
2673,grapefruits,99595345,Plus grapefruit Star Ruby 4st,9‐7‐2024,Zuid Afrika,PLUS STAM,Overige bestrijdingsmiddelen,,,,CONFORM
2674,grapefruits,99634804,"Grapefruit, Varieteit: Star Ruby, maat: 22 pzs, Klasse: 1",31‐1‐2024,Spanje,JUMBO SUPERMARKT,fluvalinaat,0.0063,0.4,,CONFORM
2675,grapefruits,99634804,"Grapefruit, Varieteit: Star Ruby, maat: 22 pzs, Klasse: 1",31‐1‐2024,Spanje,JUMBO SUPERMARKT,fosetyl (som),0.67,75.0,,CONFORM
2676,grapefruits,99634804,"Grapefruit, Varieteit: Star Ruby, maat: 22 pzs, Klasse: 1",31‐1‐2024,Spanje,JUMBO SUPERMARKT,imazalil,0.59,4.0,,CONFORM
2677,grapefruits,99634804,"Grapefruit, Varieteit: Star Ruby, maat: 22 pzs, Klasse: 1",31‐1‐2024,Spanje,JUMBO SUPERMARKT,koper,0.49,20.0,,CONFORM
2678,grapefruits,99634804,"Grapefruit, Varieteit: Star Ruby, maat: 22 pzs, Klasse: 1",31‐1‐2024,Spanje,JUMBO SUPERMARKT,pyrimethanil,0.097,8.0,,CONFORM
2679,grapefruits,99634804,"Grapefruit, Varieteit: Star Ruby, maat: 22 pzs, Klasse: 1",31‐1‐2024,Spanje,JUMBO SUPERMARKT,pyriproxyfen,0.0053,0.6,,CONFORM
2680,grapefruits,99634804,"Grapefruit, Varieteit: Star Ruby, maat: 22 pzs, Klasse: 1",31‐1‐2024,Spanje,JUMBO SUPERMARKT,Overige bestrijdingsmiddelen,,,,CONFORM
2681,grapefruits,99635029,"Grapefruit roodvlezig, soort: Star Ruy, Klasse I, Cal. 5/6 (81‐97 mm)",24‐1‐2024,Spanje,LIDL,imazalil,0.48,4.0,,CONFORM
2682,grapefruits,99635029,"Grapefruit roodvlezig, soort: Star Ruy, Klasse I, Cal. 5/6 (81‐97 mm)",24‐1‐2024,Spanje,LIDL,koper,0.39,20.0,,CONFORM
2683,grapefruits,99635029,"Grapefruit roodvlezig, soort: Star Ruy, Klasse I, Cal. 5/6 (81‐97 mm)",24‐1‐2024,Spanje,LIDL,Overige bestrijdingsmiddelen,,,,CONFORM
2684,grapefruits,99635347,"Rode Grapefruits, Klasse I, Variëteit: Star Ruy",7‐2‐2024,Spanje,DIRK VAN DER BROEK,acetamiprid,0.0053,0.9,,CONFORM
2685,grapefruits,99635347,"Rode Grapefruits, Klasse I, Variëteit: Star Ruy",7‐2‐2024,Spanje,DIRK VAN DER BROEK,bromide,0.86,30.0,,CONFORM
2686,grapefruits,99635347,"Rode Grapefruits, Klasse I, Variëteit: Star Ruy",7‐2‐2024,Spanje,DIRK VAN DER BROEK,fosetyl (som),2.8,75.0,,CONFORM
2687,grapefruits,99635347,"Rode Grapefruits, Klasse I, Variëteit: Star Ruy",7‐2‐2024,Spanje,DIRK VAN DER BROEK,imazalil,1.0,4.0,,CONFORM
2688,grapefruits,99635347,"Rode Grapefruits, Klasse I, Variëteit: Star Ruy",7‐2‐2024,Spanje,DIRK VAN DER BROEK,koper,0.31,20.0,,CONFORM
2689,grapefruits,99635347,"Rode Grapefruits, Klasse I, Variëteit: Star Ruy",7‐2‐2024,Spanje,DIRK VAN DER BROEK,Overige bestrijdingsmiddelen,,,,CONFORM
2690,grapefruits,99642521,Grapefruits rood,3‐1‐2024,Israël,ALBERT HEIJN,bromide,2.0,30.0,,CONFORM
2691,grapefruits,99642521,Grapefruits rood,3‐1‐2024,Israël,ALBERT HEIJN,imazalil,1.6,4.0,,CONFORM
2692,grapefruits,99642521,Grapefruits rood,3‐1‐2024,Israël,ALBERT HEIJN,imidacloprid,0.044,0.9,,CONFORM
2693,grapefruits,99642521,Grapefruits rood,3‐1‐2024,Israël,ALBERT HEIJN,koper,0.48,20.0,,CONFORM
2694,grapefruits,99642521,Grapefruits rood,3‐1‐2024,Israël,ALBERT HEIJN,pyrimethanil,0.011,8.0,,CONFORM
2695,grapefruits,99642521,Grapefruits rood,3‐1‐2024,Israël,ALBERT HEIJN,thiabendazool,1.6,7.0,,CONFORM
2696,grapefruits,99642521,Grapefruits rood,3‐1‐2024,Israël,ALBERT HEIJN,Overige bestrijdingsmiddelen,,,,CONFORM
2697,grapefruits,99642793,"Grapefuit, Soort: Star Ruby",11‐1‐2024,Spanje,LIDL,bromide,0.67,30.0,,CONFORM
2698,grapefruits,99642793,"Grapefuit, Soort: Star Ruby",11‐1‐2024,Spanje,LIDL,imazalil,1.1,4.0,,CONFORM
2699,grapefruits,99642793,"Grapefuit, Soort: Star Ruby",11‐1‐2024,Spanje,LIDL,koper,0.29,20.0,,CONFORM
2700,grapefruits,99642793,"Grapefuit, Soort: Star Ruby",11‐1‐2024,Spanje,LIDL,Overige bestrijdingsmiddelen,,,,CONFORM
2701,grapefruits,99642823,"Grapefruit, Variëteit: Star Ruby",10‐1‐2024,Spanje,ALDI MARKT,bromide,2.3,30.0,,CONFORM
2702,grapefruits,99642823,"Grapefruit, Variëteit: Star Ruby",10‐1‐2024,Spanje,ALDI MARKT,etofenprox,0.01,1.5,,CONFORM
2703,grapefruits,99642823,"Grapefruit, Variëteit: Star Ruby",10‐1‐2024,Spanje,ALDI MARKT,fenylfenol‐2,0.0067,10.0,,CONFORM
2704,grapefruits,99642823,"Grapefruit, Variëteit: Star Ruby",10‐1‐2024,Spanje,ALDI MARKT,fosetyl (som),1.3,75.0,,CONFORM
2705,grapefruits,99642823,"Grapefruit, Variëteit: Star Ruby",10‐1‐2024,Spanje,ALDI MARKT,hexythiazox,0.0082,0.5,,CONFORM
2706,grapefruits,99642823,"Grapefruit, Variëteit: Star Ruby",10‐1‐2024,Spanje,ALDI MARKT,imazalil,2.0,4.0,,CONFORM
2707,grapefruits,99642823,"Grapefruit, Variëteit: Star Ruby",10‐1‐2024,Spanje,ALDI MARKT,koper,0.34,20.0,,CONFORM
2708,grapefruits,99642823,"Grapefruit, Variëteit: Star Ruby",10‐1‐2024,Spanje,ALDI MARKT,pyridaben,0.0054,0.5,,CONFORM
2709,grapefruits,99642823,"Grapefruit, Variëteit: Star Ruby",10‐1‐2024,Spanje,ALDI MARKT,pyrimethanil,0.095,8.0,,CONFORM
2710,grapefruits,99642823,"Grapefruit, Variëteit: Star Ruby",10‐1‐2024,Spanje,ALDI MARKT,pyriproxyfen,0.0056,0.6,,CONFORM
2711,grapefruits,99642823,"Grapefruit, Variëteit: Star Ruby",10‐1‐2024,Spanje,ALDI MARKT,spirotetramat (som),0.007,0.5,,CONFORM
2712,grapefruits,99642823,"Grapefruit, Variëteit: Star Ruby",10‐1‐2024,Spanje,ALDI MARKT,Overige bestrijdingsmiddelen,,,,CONFORM
2713,grapefruits,99643528,"Rode Grapefruit, Variëteit: Star RubyRode druiven",17‐1‐2024,Spanje,PLUS DE WEERD,acetamiprid,0.0075,0.9,,CONFORM
2714,grapefruits,99643528,"Rode Grapefruit, Variëteit: Star RubyRode druiven",17‐1‐2024,Spanje,PLUS DE WEERD,imazalil,1.0,4.0,,CONFORM
2715,grapefruits,99643528,"Rode Grapefruit, Variëteit: Star RubyRode druiven",17‐1‐2024,Spanje,PLUS DE WEERD,pyridaben,0.012,0.5,,CONFORM
2716,grapefruits,99643528,"Rode Grapefruit, Variëteit: Star RubyRode druiven",17‐1‐2024,Spanje,PLUS DE WEERD,pyrimethanil,0.025,8.0,,CONFORM
2717,grapefruits,99643528,"Rode Grapefruit, Variëteit: Star RubyRode druiven",17‐1‐2024,Spanje,PLUS DE WEERD,spirotetramat (som),0.011,0.5,,CONFORM
2718,grapefruits,99643528,"Rode Grapefruit, Variëteit: Star RubyRode druiven",17‐1‐2024,Spanje,PLUS DE WEERD,Overige bestrijdingsmiddelen,,,,CONFORM
2719,grapefruits,99648538,Grapefruit,3‐1‐2024,Landcode onbekend,JUMBO SUPERMARKT,bromide,1.2,30.0,,CONFORM
2720,grapefruits,99648538,Grapefruit,3‐1‐2024,Landcode onbekend,JUMBO SUPERMARKT,fosetyl (som),0.33,75.0,,CONFORM
2721,grapefruits,99648538,Grapefruit,3‐1‐2024,Landcode onbekend,JUMBO SUPERMARKT,imazalil,0.45,4.0,,CONFORM
2722,grapefruits,99648538,Grapefruit,3‐1‐2024,Landcode onbekend,JUMBO SUPERMARKT,koper,0.4,20.0,,CONFORM
2723,grapefruits,99648538,Grapefruit,3‐1‐2024,Landcode onbekend,JUMBO SUPERMARKT,pyrimethanil,0.034,8.0,,CONFORM
2724,grapefruits,99648538,Grapefruit,3‐1‐2024,Landcode onbekend,JUMBO SUPERMARKT,Overige bestrijdingsmiddelen,,,,CONFORM
2725,grapefruits,99658835,grapefruit Star Ruby,2‐1‐2024,Spanje,ALDI MARKT,bromide,3.2,30.0,,CONFORM
2726,grapefruits,99658835,grapefruit Star Ruby,2‐1‐2024,Spanje,ALDI MARKT,imazalil,1.9,4.0,,CONFORM
2727,grapefruits,99658835,grapefruit Star Ruby,2‐1‐2024,Spanje,ALDI MARKT,koper,0.37,20.0,,CONFORM
2728,grapefruits,99658835,grapefruit Star Ruby,2‐1‐2024,Spanje,ALDI MARKT,pyrimethanil,0.14,8.0,,CONFORM
2729,grapefruits,99658835,grapefruit Star Ruby,2‐1‐2024,Spanje,ALDI MARKT,Overige bestrijdingsmiddelen,,,,CONFORM
2730,grapefruits,99659173,grapefruit los 6st,10‐1‐2024,Verenigde Staten,PLUS LEUSINK,azoxystrobin,0.049,15.0,,CONFORM
2731,grapefruits,99659173,grapefruit los 6st,10‐1‐2024,Verenigde Staten,PLUS LEUSINK,bromide,3.0,30.0,,CONFORM
2732,grapefruits,99659173,grapefruit los 6st,10‐1‐2024,Verenigde Staten,PLUS LEUSINK,difenoconazool,0.013,0.6,,CONFORM
2733,grapefruits,99659173,grapefruit los 6st,10‐1‐2024,Verenigde Staten,PLUS LEUSINK,fenpropathrin,0.27,2.0,,CONFORM
2734,grapefruits,99659173,grapefruit los 6st,10‐1‐2024,Verenigde Staten,PLUS LEUSINK,fenylfenol‐2,0.73,10.0,,CONFORM
2735,grapefruits,99659173,grapefruit los 6st,10‐1‐2024,Verenigde Staten,PLUS LEUSINK,fluopyram,0.016,0.5,,CONFORM
2736,grapefruits,99659173,grapefruit los 6st,10‐1‐2024,Verenigde Staten,PLUS LEUSINK,fosetyl (som),1.4,75.0,,CONFORM
2737,grapefruits,99659173,grapefruit los 6st,10‐1‐2024,Verenigde Staten,PLUS LEUSINK,glufosinaat (som),0.2,0.05,,NIET CONFORM
2738,grapefruits,99659173,grapefruit los 6st,10‐1‐2024,Verenigde Staten,PLUS LEUSINK,imazalil,0.97,4.0,,CONFORM
2739,grapefruits,99659173,grapefruit los 6st,10‐1‐2024,Verenigde Staten,PLUS LEUSINK,koper,0.79,20.0,,CONFORM
2740,grapefruits,99659173,grapefruit los 6st,10‐1‐2024,Verenigde Staten,PLUS LEUSINK,thiabendazool,0.39,7.0,,CONFORM
2741,grapefruits,99659173,grapefruit los 6st,10‐1‐2024,Verenigde Staten,PLUS LEUSINK,Overige bestrijdingsmiddelen,,,,CONFORM
2742,grapefruits,99659947,AH rode grapefruits 4st,17‐1‐2024,Israël,ALBERT HEIJN,imazalil,1.2,4.0,,CONFORM
2743,grapefruits,99659947,AH rode grapefruits 4st,17‐1‐2024,Israël,ALBERT HEIJN,imidacloprid,0.095,0.9,,CONFORM
2744,grapefruits,99659947,AH rode grapefruits 4st,17‐1‐2024,Israël,ALBERT HEIJN,koper,0.4,20.0,,CONFORM
2745,grapefruits,99659947,AH rode grapefruits 4st,17‐1‐2024,Israël,ALBERT HEIJN,pyrimethanil,0.0067,8.0,,CONFORM
2746,grapefruits,99659947,AH rode grapefruits 4st,17‐1‐2024,Israël,ALBERT HEIJN,thiabendazool,0.95,7.0,,CONFORM
2747,grapefruits,99659947,AH rode grapefruits 4st,17‐1‐2024,Israël,ALBERT HEIJN,Overige bestrijdingsmiddelen,,,,CONFORM
2748,grapefruits,99660023,grapefruits los,23‐1‐2024,Spanje,JUMBO SUPERMARKT,fosetyl (som),0.58,75.0,,CONFORM
2749,grapefruits,99660023,grapefruits los,23‐1‐2024,Spanje,JUMBO SUPERMARKT,imazalil,0.75,4.0,,CONFORM
2750,grapefruits,99660023,grapefruits los,23‐1‐2024,Spanje,JUMBO SUPERMARKT,koper,0.35,20.0,,CONFORM
2751,grapefruits,99660023,grapefruits los,23‐1‐2024,Spanje,JUMBO SUPERMARKT,pyrimethanil,0.037,8.0,,CONFORM
2752,grapefruits,99660023,grapefruits los,23‐1‐2024,Spanje,JUMBO SUPERMARKT,pyriproxyfen,0.0054,0.6,,CONFORM
2753,grapefruits,99660023,grapefruits los,23‐1‐2024,Spanje,JUMBO SUPERMARKT,Overige bestrijdingsmiddelen,,,,CONFORM
2754,groene munt,86807513,munt,16‐5‐2024,Turkije,ARBE HANDEL BV,bentazon,0.08,50.0,5,CONFORM
2755,groene munt,86807513,munt,16‐5‐2024,Turkije,ARBE HANDEL BV,resmethrin,0.079,0.1,5,CONFORM
2756,groene munt,86807513,munt,16‐5‐2024,Turkije,ARBE HANDEL BV,Overige bestrijdingsmiddelen,,,5,CONFORM
2757,groene munt,86844664,Mint,12‐11‐2024,Kenia,VELEKA LOGISTICS B.V.,Overige bestrijdingsmiddelen,,,,CONFORM
2758,groene munt,86844702,Menthe,12‐11‐2024,Marokko,VELEKA LOGISTICS B.V.,azoxystrobin,0.13,70.0,,CONFORM
2759,groene munt,86844702,Menthe,12‐11‐2024,Marokko,VELEKA LOGISTICS B.V.,chloorantraniliprole,0.2,20.0,,CONFORM
2760,groene munt,86844702,Menthe,12‐11‐2024,Marokko,VELEKA LOGISTICS B.V.,clothianidin,0.12,1.5,,CONFORM
2761,groene munt,86844702,Menthe,12‐11‐2024,Marokko,VELEKA LOGISTICS B.V.,emamectin B1a,0.19,0.2,,CONFORM
2762,groene munt,86844702,Menthe,12‐11‐2024,Marokko,VELEKA LOGISTICS B.V.,thiamethoxam,0.75,1.5,,CONFORM
2763,groene munt,86844702,Menthe,12‐11‐2024,Marokko,VELEKA LOGISTICS B.V.,Overige bestrijdingsmiddelen,,,,CONFORM
2764,hazelnoten,86797127,Witte Hazelnoten,21‐3‐2024,Turkije,MULTI FOOD MARKET B.V.,Overige bestrijdingsmiddelen,,,,CONFORM
2765,hazelnoten,86802406,Hazelnoten wit geroosterd,30‐1‐2024,Turkije,TOVANO,Overige bestrijdingsmiddelen,,,,CONFORM
2766,hazelnoten,86866595,roasted diced hazelnoot kernels,19‐3‐2024,Turkije,VERHOEF PACKAGING B.V.,Overige bestrijdingsmiddelen,,,,CONFORM
2767,hazelnoten,86866684,Hazelnoten,19‐3‐2024,Turkije,VERHOEF PACKAGING B.V.,Overige bestrijdingsmiddelen,,,,CONFORM
2768,hop,86809052,Hop polaris,9‐10‐2024,Duitsland,BRAND DIRECT B.V.,ametoctradin,0.16,90.0,,CONFORM
2769,hop,86809052,Hop polaris,9‐10‐2024,Duitsland,BRAND DIRECT B.V.,azoxystrobin,0.057,40.0,,CONFORM
2770,hop,86809052,Hop polaris,9‐10‐2024,Duitsland,BRAND DIRECT B.V.,boscalid,1.3,80.0,,CONFORM
2771,hop,86809052,Hop polaris,9‐10‐2024,Duitsland,BRAND DIRECT B.V.,dimethomorf,1.9,80.0,,CONFORM
2772,hop,86809052,Hop polaris,9‐10‐2024,Duitsland,BRAND DIRECT B.V.,fluopyram,0.59,60.0,,CONFORM
2773,hop,86809052,Hop polaris,9‐10‐2024,Duitsland,BRAND DIRECT B.V.,mandipropamid,4.4,90.0,,CONFORM
2774,hop,86809052,Hop polaris,9‐10‐2024,Duitsland,BRAND DIRECT B.V.,metrafenon,4.9,80.0,,CONFORM
2775,hop,86809052,Hop polaris,9‐10‐2024,Duitsland,BRAND DIRECT B.V.,pyraclostrobin,0.07,15.0,,CONFORM
2776,hop,86809052,Hop polaris,9‐10‐2024,Duitsland,BRAND DIRECT B.V.,Overige bestrijdingsmiddelen,,,,CONFORM
2777,hop,86809079,Hop Calapso,9‐10‐2024,Duitsland,BRAND DIRECT B.V.,boscalid,0.19,80.0,,CONFORM
2778,hop,86809079,Hop Calapso,9‐10‐2024,Duitsland,BRAND DIRECT B.V.,fluopyram,0.48,60.0,,CONFORM
2779,hop,86809079,Hop Calapso,9‐10‐2024,Duitsland,BRAND DIRECT B.V.,metrafenon,1.0,80.0,,CONFORM
2780,hop,86809079,Hop Calapso,9‐10‐2024,Duitsland,BRAND DIRECT B.V.,tebuconazool,0.12,40.0,,CONFORM
2781,hop,86809079,Hop Calapso,9‐10‐2024,Duitsland,BRAND DIRECT B.V.,Overige bestrijdingsmiddelen,,,,CONFORM
2782,hop,86895153,Hop,3‐10‐2024,Duitsland,GROLSCHE BIERBROUWERIJ NEDERLAND B.V.,ametoctradin,1.6,90.0,,CONFORM
2783,hop,86895153,Hop,3‐10‐2024,Duitsland,GROLSCHE BIERBROUWERIJ NEDERLAND B.V.,azoxystrobin,0.56,40.0,,CONFORM
2784,hop,86895153,Hop,3‐10‐2024,Duitsland,GROLSCHE BIERBROUWERIJ NEDERLAND B.V.,boscalid,6.6,80.0,,CONFORM
2785,hop,86895153,Hop,3‐10‐2024,Duitsland,GROLSCHE BIERBROUWERIJ NEDERLAND B.V.,dimethomorf,2.0,80.0,,CONFORM
2786,hop,86895153,Hop,3‐10‐2024,Duitsland,GROLSCHE BIERBROUWERIJ NEDERLAND B.V.,mandipropamid,16.0,90.0,,CONFORM
2787,hop,86895153,Hop,3‐10‐2024,Duitsland,GROLSCHE BIERBROUWERIJ NEDERLAND B.V.,metrafenon,0.14,80.0,,CONFORM
2788,hop,86895153,Hop,3‐10‐2024,Duitsland,GROLSCHE BIERBROUWERIJ NEDERLAND B.V.,pyraclostrobin,0.58,15.0,,CONFORM
2789,hop,86895153,Hop,3‐10‐2024,Duitsland,GROLSCHE BIERBROUWERIJ NEDERLAND B.V.,spirotetramat (som),0.054,15.0,,CONFORM
2790,hop,86895153,Hop,3‐10‐2024,Duitsland,GROLSCHE BIERBROUWERIJ NEDERLAND B.V.,Overige bestrijdingsmiddelen,,,,CONFORM
2791,hop,86895161,Hop,3‐10‐2024,Duitsland,GROLSCHE BIERBROUWERIJ NEDERLAND B.V.,ametoctradin,2.1,90.0,,CONFORM
2792,hop,86895161,Hop,3‐10‐2024,Duitsland,GROLSCHE BIERBROUWERIJ NEDERLAND B.V.,azoxystrobin,1.1,40.0,,CONFORM
2793,hop,86895161,Hop,3‐10‐2024,Duitsland,GROLSCHE BIERBROUWERIJ NEDERLAND B.V.,boscalid,4.8,80.0,,CONFORM
2794,hop,86895161,Hop,3‐10‐2024,Duitsland,GROLSCHE BIERBROUWERIJ NEDERLAND B.V.,dimethomorf,5.0,80.0,,CONFORM
2795,hop,86895161,Hop,3‐10‐2024,Duitsland,GROLSCHE BIERBROUWERIJ NEDERLAND B.V.,mandipropamid,0.74,90.0,,CONFORM
2796,hop,86895161,Hop,3‐10‐2024,Duitsland,GROLSCHE BIERBROUWERIJ NEDERLAND B.V.,metrafenon,2.1,80.0,,CONFORM
2797,hop,86895161,Hop,3‐10‐2024,Duitsland,GROLSCHE BIERBROUWERIJ NEDERLAND B.V.,myclobutanil,0.058,6.0,,CONFORM
2798,hop,86895161,Hop,3‐10‐2024,Duitsland,GROLSCHE BIERBROUWERIJ NEDERLAND B.V.,pyraclostrobin,1.2,15.0,,CONFORM
2799,hop,86895161,Hop,3‐10‐2024,Duitsland,GROLSCHE BIERBROUWERIJ NEDERLAND B.V.,spirotetramat (som),0.12,15.0,,CONFORM
2800,hop,86895161,Hop,3‐10‐2024,Duitsland,GROLSCHE BIERBROUWERIJ NEDERLAND B.V.,Overige bestrijdingsmiddelen,,,,CONFORM
2801,hop,86896451,Hop,10‐10‐2024,Duitsland,HERTOG JAN BIERBROUWERIJ,ametoctradin,1.3,90.0,,CONFORM
2802,hop,86896451,Hop,10‐10‐2024,Duitsland,HERTOG JAN BIERBROUWERIJ,azoxystrobin,0.52,40.0,,CONFORM
2803,hop,86896451,Hop,10‐10‐2024,Duitsland,HERTOG JAN BIERBROUWERIJ,boscalid,3.6,80.0,,CONFORM
2804,hop,86896451,Hop,10‐10‐2024,Duitsland,HERTOG JAN BIERBROUWERIJ,dimethomorf,5.2,80.0,,CONFORM
2805,hop,86896451,Hop,10‐10‐2024,Duitsland,HERTOG JAN BIERBROUWERIJ,fluopyram,0.53,60.0,,CONFORM
2806,hop,86896451,Hop,10‐10‐2024,Duitsland,HERTOG JAN BIERBROUWERIJ,mandipropamid,7.2,90.0,,CONFORM
2807,hop,86896451,Hop,10‐10‐2024,Duitsland,HERTOG JAN BIERBROUWERIJ,metrafenon,3.7,80.0,,CONFORM
2808,hop,86896451,Hop,10‐10‐2024,Duitsland,HERTOG JAN BIERBROUWERIJ,myclobutanil,0.76,6.0,,CONFORM
2809,hop,86896451,Hop,10‐10‐2024,Duitsland,HERTOG JAN BIERBROUWERIJ,pyraclostrobin,0.24,15.0,,CONFORM
2810,hop,86896451,Hop,10‐10‐2024,Duitsland,HERTOG JAN BIERBROUWERIJ,spirotetramat (som),0.052,15.0,,CONFORM
2811,hop,86896451,Hop,10‐10‐2024,Duitsland,HERTOG JAN BIERBROUWERIJ,trifloxystrobin,0.74,40.0,,CONFORM
2812,hop,86896451,Hop,10‐10‐2024,Duitsland,HERTOG JAN BIERBROUWERIJ,Overige bestrijdingsmiddelen,,,,CONFORM
2813,hop,86896478,Hop,10‐10‐2024,Duitsland,HERTOG JAN BIERBROUWERIJ,ametoctradin,1.1,90.0,,CONFORM
2814,hop,86896478,Hop,10‐10‐2024,Duitsland,HERTOG JAN BIERBROUWERIJ,azoxystrobin,3.8,40.0,,CONFORM
2815,hop,86896478,Hop,10‐10‐2024,Duitsland,HERTOG JAN BIERBROUWERIJ,boscalid,4.8,80.0,,CONFORM
2816,hop,86896478,Hop,10‐10‐2024,Duitsland,HERTOG JAN BIERBROUWERIJ,dimethomorf,1.8,80.0,,CONFORM
2817,hop,86896478,Hop,10‐10‐2024,Duitsland,HERTOG JAN BIERBROUWERIJ,fluopyram,0.056,60.0,,CONFORM
2818,hop,86896478,Hop,10‐10‐2024,Duitsland,HERTOG JAN BIERBROUWERIJ,mandipropamid,14.0,90.0,,CONFORM
2819,hop,86896478,Hop,10‐10‐2024,Duitsland,HERTOG JAN BIERBROUWERIJ,metrafenon,5.0,80.0,,CONFORM
2820,hop,86896478,Hop,10‐10‐2024,Duitsland,HERTOG JAN BIERBROUWERIJ,myclobutanil,1.6,6.0,,CONFORM
2821,hop,86896478,Hop,10‐10‐2024,Duitsland,HERTOG JAN BIERBROUWERIJ,pyraclostrobin,0.16,15.0,,CONFORM
2822,hop,86896478,Hop,10‐10‐2024,Duitsland,HERTOG JAN BIERBROUWERIJ,spirotetramat (som),1.4,15.0,,CONFORM
2823,hop,86896478,Hop,10‐10‐2024,Duitsland,HERTOG JAN BIERBROUWERIJ,Overige bestrijdingsmiddelen,,,,CONFORM
2824,ijsbergsla,86797399,ijsbergsla,26‐3‐2024,Spanje,VAN GELDER RIDDERKERK B.V.,spirotetramat (som),0.025,7.0,,CONFORM
2825,ijsbergsla,86797399,ijsbergsla,26‐3‐2024,Spanje,VAN GELDER RIDDERKERK B.V.,Overige bestrijdingsmiddelen,,,,CONFORM
2826,ijsbergsla,86814498,ijsbergsla,19‐2‐2024,Spanje,DEKAMARKT LOGISTIEK B.V. (VERSCENTRALE),acetamiprid,0.019,1.5,,CONFORM
2827,ijsbergsla,86814498,ijsbergsla,19‐2‐2024,Spanje,DEKAMARKT LOGISTIEK B.V. (VERSCENTRALE),boscalid,0.021,50.0,,CONFORM
2828,ijsbergsla,86814498,ijsbergsla,19‐2‐2024,Spanje,DEKAMARKT LOGISTIEK B.V. (VERSCENTRALE),fluopyram,0.016,15.0,,CONFORM
2829,ijsbergsla,86814498,ijsbergsla,19‐2‐2024,Spanje,DEKAMARKT LOGISTIEK B.V. (VERSCENTRALE),propamocarb,0.014,40.0,,CONFORM
2830,ijsbergsla,86814498,ijsbergsla,19‐2‐2024,Spanje,DEKAMARKT LOGISTIEK B.V. (VERSCENTRALE),spirotetramat (som),0.017,7.0,,CONFORM
2831,ijsbergsla,86814498,ijsbergsla,19‐2‐2024,Spanje,DEKAMARKT LOGISTIEK B.V. (VERSCENTRALE),trifloxystrobin,0.0057,15.0,,CONFORM
2832,ijsbergsla,86814498,ijsbergsla,19‐2‐2024,Spanje,DEKAMARKT LOGISTIEK B.V. (VERSCENTRALE),Overige bestrijdingsmiddelen,,,,CONFORM
2833,ijsbergsla,86846322,organic iceberg,5‐11‐2024,Spanje,BIO NOORD B.V.,Overige bestrijdingsmiddelen,,,,CONFORM
2834,ijsbergsla,86846373,ijsbergsla,12‐11‐2024,Spanje,GREENS & SALADS B.V.,spirotetramat (som),0.013,7.0,,CONFORM
2835,ijsbergsla,86846373,ijsbergsla,12‐11‐2024,Spanje,GREENS & SALADS B.V.,Overige bestrijdingsmiddelen,,,,CONFORM
2836,ijsbergsla,86961784,ijsbergsla,16‐10‐2024,Nederland,K. V.D. SPIJK EN ZN IJSSELMUIDEN B.V.,propamocarb,0.022,40.0,,CONFORM
2837,ijsbergsla,86961784,ijsbergsla,16‐10‐2024,Nederland,K. V.D. SPIJK EN ZN IJSSELMUIDEN B.V.,spirotetramat (som),0.039,7.0,,CONFORM
2838,ijsbergsla,86961784,ijsbergsla,16‐10‐2024,Nederland,K. V.D. SPIJK EN ZN IJSSELMUIDEN B.V.,Overige bestrijdingsmiddelen,,,,CONFORM
2839,ijsbergsla,86963558,ijsbergsla,2‐9‐2024,Nederland,JAGER HOLLAND B.V.,Overige bestrijdingsmiddelen,,,,CONFORM
2840,ijsbergsla,86995999,ijsbergsla,11‐3‐2024,Spanje,KONINKLIJKE VEZET B.V.,acetamiprid,0.0097,1.5,,CONFORM
2841,ijsbergsla,86995999,ijsbergsla,11‐3‐2024,Spanje,KONINKLIJKE VEZET B.V.,boscalid,0.025,50.0,,CONFORM
2842,ijsbergsla,86995999,ijsbergsla,11‐3‐2024,Spanje,KONINKLIJKE VEZET B.V.,fluopyram,0.006,15.0,,CONFORM
2843,ijsbergsla,86995999,ijsbergsla,11‐3‐2024,Spanje,KONINKLIJKE VEZET B.V.,metalaxyl,0.038,3.0,,CONFORM
2844,ijsbergsla,86995999,ijsbergsla,11‐3‐2024,Spanje,KONINKLIJKE VEZET B.V.,spirotetramat (som),0.02,7.0,,CONFORM
2845,ijsbergsla,86995999,ijsbergsla,11‐3‐2024,Spanje,KONINKLIJKE VEZET B.V.,Overige bestrijdingsmiddelen,,,,CONFORM
2846,ijsbergsla,86999048,ijsbergsla,30‐10‐2024,Spanje,AGF OVERTOOM GROOTHANDEL EN HORECALEVERANCIER B.V.,Overige bestrijdingsmiddelen,,,,CONFORM
2847,kaas hard,99396946,Gerapte kaas mild 45+,22‐8‐2024,Nederland,ALBERT HEIJN,Overige bestrijdingsmiddelen,,,,CONFORM
2848,kaas hard,99411015,Bastiaansen Gouda Pikant belegen,10‐7‐2024,Nederland,EKOPLAZA (ENSCHEDE),Overige bestrijdingsmiddelen,,,,CONFORM
2849,kaas hard,99411341,Goudse kaas geraspt,16‐7‐2024,Nederland,ALDI ENSCHEDE,Overige bestrijdingsmiddelen,,,,CONFORM
2850,kaas hard,99411848,1 de Beste Goudse 48+ Jong belegen,23‐7‐2024,Nederland,DIRK,chloraat,0.059,0.1,,CONFORM
2851,kaas hard,99411848,1 de Beste Goudse 48+ Jong belegen,23‐7‐2024,Nederland,DIRK,Overige bestrijdingsmiddelen,,,,CONFORM
2852,kaas hard,99437553,"Goudse kaas, plakjes",9‐9‐2024,Nederland,DENIZ SUPERMARKT,Overige bestrijdingsmiddelen,,,,CONFORM
2853,kaas hard,99437731,Goudese oude kaas,3‐9‐2024,Nederland,DE FRAMBOZENBOERDERIJ,Overige bestrijdingsmiddelen,,,,CONFORM
2854,kaas hard,99440139,Ekoplaza Goudse kaas romig jong,30‐7‐2024,Nederland,EKOPLAZA (HENGELO),Overige bestrijdingsmiddelen,,,,CONFORM
2855,kaas hard,99440759,Jumbo geraspt oud,6‐8‐2024,Nederland,JUMBO SUPERMARKT,Overige bestrijdingsmiddelen,,,,CONFORM
2856,kaas hard,99441208,de Zaanse Hoeve mild 45+,13‐8‐2024,Nederland,ALBERT HEIJN,Overige bestrijdingsmiddelen,,,,CONFORM
2857,kaas hard,99441577,Yörem geraspte kaas,20‐8‐2024,Nederland,ÖZEN FOOD MARKET,Overige bestrijdingsmiddelen,,,,CONFORM
2858,kaas hard,99447435,Safak Mozzarella 40+,27‐8‐2024,Nederland,OZ BAKTAT,Overige bestrijdingsmiddelen,,,,CONFORM
2859,kaas hard,99447826,Natueren Pizza speciaal,3‐9‐2024,Nederland,WELKOM SUPERMARKT,chloraat,0.044,0.1,,CONFORM
2860,kaas hard,99447826,Natueren Pizza speciaal,3‐9‐2024,Nederland,WELKOM SUPERMARKT,Overige bestrijdingsmiddelen,,,,CONFORM
2861,kaas hard,99451882,PIZZAMIX 48+,10‐9‐2024,Nederland,TANGER MARKT,chloraat,0.051,0.1,,CONFORM
2862,kaas hard,99451882,PIZZAMIX 48+,10‐9‐2024,Nederland,TANGER MARKT,Overige bestrijdingsmiddelen,,,,CONFORM
2863,kaas hard,99595426,Zuivel meester milde goudse kaas 48+ geraspt 200gr,9‐7‐2024,Nederland,PLUS STAM,Overige bestrijdingsmiddelen,,,,CONFORM
2864,kakis/japanse persimoenen,86812177,Kawabata,29‐4‐2024,Brazilië,G.H. LUKASSEN EN ZOON B.V.,difenoconazool,0.05,0.8,,CONFORM
2865,kakis/japanse persimoenen,86812177,Kawabata,29‐4‐2024,Brazilië,G.H. LUKASSEN EN ZOON B.V.,Overige bestrijdingsmiddelen,,,,CONFORM
2866,kakis/japanse persimoenen,86812266,kaki s,29‐4‐2024,Brazilië,HENK VAN WALDERVEEN EN ZONEN B.V.,difenoconazool,0.0074,0.8,,CONFORM
2867,kakis/japanse persimoenen,86812266,kaki s,29‐4‐2024,Brazilië,HENK VAN WALDERVEEN EN ZONEN B.V.,Overige bestrijdingsmiddelen,,,,CONFORM
2868,kakis/japanse persimoenen,86843323,Kaki Fuyu,17‐10‐2024,Spanje,YEX B.V.,Overige bestrijdingsmiddelen,,,,CONFORM
2869,kakis/japanse persimoenen,86844249,Kaki,4‐11‐2024,Spanje,BIRCAN & VAN DER WEL B.V.,Overige bestrijdingsmiddelen,,,,CONFORM
2870,kakis/japanse persimoenen,86896354,kaki fruit,8‐10‐2024,Spanje,ALDI DISTRIBUTIECENTRUM,cyhalothrin‐lambda,0.0061,0.09,,CONFORM
2871,kakis/japanse persimoenen,86896354,kaki fruit,8‐10‐2024,Spanje,ALDI DISTRIBUTIECENTRUM,sulfoxaflor,0.011,0.3,,CONFORM
2872,kakis/japanse persimoenen,86896354,kaki fruit,8‐10‐2024,Spanje,ALDI DISTRIBUTIECENTRUM,Overige bestrijdingsmiddelen,,,,CONFORM
2873,kakis/japanse persimoenen,86985381,kakis,26‐11‐2024,Spanje,FRESH EN CASH GROENTE‐EN FRUITMARKTEN B.V.,difenoconazool,0.014,0.8,,CONFORM
2874,kakis/japanse persimoenen,86985381,kakis,26‐11‐2024,Spanje,FRESH EN CASH GROENTE‐EN FRUITMARKTEN B.V.,Overige bestrijdingsmiddelen,,,,CONFORM
2875,kaneel,86822717,Kaneel gemalen,3‐5‐2024,Landcode onbekend,BROEKHUYZEN HORECAGROOTHANDEL BV,Overige bestrijdingsmiddelen,,,,CONFORM
2876,kaneel,86822725,Kaneel gemalen,3‐5‐2024,Landcode onbekend,BROEKHUYZEN HORECAGROOTHANDEL BV,Overige bestrijdingsmiddelen,,,,CONFORM
2877,kaneel,86910012,Kaneelpoeder.,30‐1‐2024,Landcode onbekend,ALL4TRADE B.V.,anthrachinon,0.029,0.02,,NIET CONFORM*
2878,kaneel,86910012,Kaneelpoeder.,30‐1‐2024,Landcode onbekend,ALL4TRADE B.V.,Overige bestrijdingsmiddelen,,,,CONFORM
2879,kerrie,86813629,kerrie,30‐1‐2024,Landcode onbekend,BIBERIM B.V.,chloorpyrifos‐ethyl,0.047,0.01,,NIET CONFORM
2880,kerrie,86813629,kerrie,30‐1‐2024,Landcode onbekend,BIBERIM B.V.,Overige bestrijdingsmiddelen,,,,CONFORM
2881,kersen (zoet),86794306,kersen,4‐6‐2024,Spanje,POIESZ SUPERMARKTEN SNEEK B.V.,acetamiprid,0.041,1.5,,CONFORM
2882,kersen (zoet),86794306,kersen,4‐6‐2024,Spanje,POIESZ SUPERMARKTEN SNEEK B.V.,difenoconazool,0.014,0.3,,CONFORM
2883,kersen (zoet),86794306,kersen,4‐6‐2024,Spanje,POIESZ SUPERMARKTEN SNEEK B.V.,dodine,0.024,3.0,,CONFORM
2884,kersen (zoet),86794306,kersen,4‐6‐2024,Spanje,POIESZ SUPERMARKTEN SNEEK B.V.,fludioxonil,0.31,5.0,,CONFORM
2885,kersen (zoet),86794306,kersen,4‐6‐2024,Spanje,POIESZ SUPERMARKTEN SNEEK B.V.,fluopyram,0.009,2.0,,CONFORM
2886,kersen (zoet),86794306,kersen,4‐6‐2024,Spanje,POIESZ SUPERMARKTEN SNEEK B.V.,tebuconazool,0.014,1.0,,CONFORM
2887,kersen (zoet),86794306,kersen,4‐6‐2024,Spanje,POIESZ SUPERMARKTEN SNEEK B.V.,Overige bestrijdingsmiddelen,,,,CONFORM
2888,kersen (zoet),86797771,zoete kersen,8‐4‐2024,Nederland,DE JONG DIEPVRIES B.V.,acetamiprid,0.044,1.5,,CONFORM
2889,kersen (zoet),86797771,zoete kersen,8‐4‐2024,Nederland,DE JONG DIEPVRIES B.V.,boscalid,0.022,5.0,,CONFORM
2890,kersen (zoet),86797771,zoete kersen,8‐4‐2024,Nederland,DE JONG DIEPVRIES B.V.,fenbuconazool,0.029,1.0,,CONFORM
2891,kersen (zoet),86797771,zoete kersen,8‐4‐2024,Nederland,DE JONG DIEPVRIES B.V.,fluopyram,0.017,2.0,,CONFORM
2892,kersen (zoet),86797771,zoete kersen,8‐4‐2024,Nederland,DE JONG DIEPVRIES B.V.,fosmet,0.14,0.01,,NIET CONFORM
2893,kersen (zoet),86797771,zoete kersen,8‐4‐2024,Nederland,DE JONG DIEPVRIES B.V.,omethoaat,0.0085,0.01,,CONFORM
2894,kersen (zoet),86797771,zoete kersen,8‐4‐2024,Nederland,DE JONG DIEPVRIES B.V.,tebuconazool,0.09,1.0,,CONFORM
2895,kersen (zoet),86797771,zoete kersen,8‐4‐2024,Nederland,DE JONG DIEPVRIES B.V.,Overige bestrijdingsmiddelen,,,,CONFORM
2896,kersen (zoet),86809516,kersen,29‐5‐2024,Spanje,DISTRIBUTIECENTRUM ALBERT HEIJN,acetamiprid,0.022,1.5,,CONFORM
2897,kersen (zoet),86809516,kersen,29‐5‐2024,Spanje,DISTRIBUTIECENTRUM ALBERT HEIJN,boscalid,0.14,5.0,,CONFORM
2898,kersen (zoet),86809516,kersen,29‐5‐2024,Spanje,DISTRIBUTIECENTRUM ALBERT HEIJN,fludioxonil,0.6,5.0,,CONFORM
2899,kersen (zoet),86809516,kersen,29‐5‐2024,Spanje,DISTRIBUTIECENTRUM ALBERT HEIJN,paclobutrazool,0.0062,0.01,,CONFORM
2900,kersen (zoet),86809516,kersen,29‐5‐2024,Spanje,DISTRIBUTIECENTRUM ALBERT HEIJN,pyraclostrobin,0.013,3.0,,CONFORM
2901,kersen (zoet),86809516,kersen,29‐5‐2024,Spanje,DISTRIBUTIECENTRUM ALBERT HEIJN,Overige bestrijdingsmiddelen,,,,CONFORM
2902,kersen (zoet),86812827,kersen,21‐5‐2024,Spanje,GROOTHANDEL GROENTE EN FRUIT S.C. VAN RAVENSWAAIJ,acetamiprid,0.013,1.5,,CONFORM
2903,kersen (zoet),86812827,kersen,21‐5‐2024,Spanje,GROOTHANDEL GROENTE EN FRUIT S.C. VAN RAVENSWAAIJ,deltamethrin,0.042,0.1,,CONFORM
2904,kersen (zoet),86812827,kersen,21‐5‐2024,Spanje,GROOTHANDEL GROENTE EN FRUIT S.C. VAN RAVENSWAAIJ,fludioxonil,0.8,5.0,,CONFORM
2905,kersen (zoet),86812827,kersen,21‐5‐2024,Spanje,GROOTHANDEL GROENTE EN FRUIT S.C. VAN RAVENSWAAIJ,tebuconazool,0.39,1.0,,CONFORM
2906,kersen (zoet),86812827,kersen,21‐5‐2024,Spanje,GROOTHANDEL GROENTE EN FRUIT S.C. VAN RAVENSWAAIJ,Overige bestrijdingsmiddelen,,,,CONFORM
2907,kersen (zoet),86816024,cheery royal lafaette 22+,28‐5‐2024,Spanje,FIRMA POSTUMA‐KAMPEN,cyhalothrin‐lambda,0.083,0.3,,CONFORM
2908,kersen (zoet),86816024,cheery royal lafaette 22+,28‐5‐2024,Spanje,FIRMA POSTUMA‐KAMPEN,fludioxonil,0.022,5.0,,CONFORM
2909,kersen (zoet),86816024,cheery royal lafaette 22+,28‐5‐2024,Spanje,FIRMA POSTUMA‐KAMPEN,pirimicarb,0.23,5.0,,CONFORM
2910,kersen (zoet),86816024,cheery royal lafaette 22+,28‐5‐2024,Spanje,FIRMA POSTUMA‐KAMPEN,tebuconazool,0.52,1.0,,CONFORM
2911,kersen (zoet),86816024,cheery royal lafaette 22+,28‐5‐2024,Spanje,FIRMA POSTUMA‐KAMPEN,Overige bestrijdingsmiddelen,,,,CONFORM
2912,kersen (zoet),86823829,Cherries,14‐6‐2024,Spanje,AGF SIERE B.V.,fludioxonil,0.47,5.0,,CONFORM
2913,kersen (zoet),86823829,Cherries,14‐6‐2024,Spanje,AGF SIERE B.V.,fluopyram,0.0091,2.0,,CONFORM
2914,kersen (zoet),86823829,Cherries,14‐6‐2024,Spanje,AGF SIERE B.V.,spirotetramat (som),0.024,3.0,,CONFORM
2915,kersen (zoet),86823829,Cherries,14‐6‐2024,Spanje,AGF SIERE B.V.,Overige bestrijdingsmiddelen,,,,CONFORM
2916,kersen (zoet),86924129,kersen,25‐3‐2024,Bulgarije,DIEPVRIES ZEVENAAR B.V.,acetamiprid,0.039,1.5,,CONFORM
2917,kersen (zoet),86924129,kersen,25‐3‐2024,Bulgarije,DIEPVRIES ZEVENAAR B.V.,boscalid,0.058,5.0,,CONFORM
2918,kersen (zoet),86924129,kersen,25‐3‐2024,Bulgarije,DIEPVRIES ZEVENAAR B.V.,fluopyram,0.052,2.0,,CONFORM
2919,kersen (zoet),86924129,kersen,25‐3‐2024,Bulgarije,DIEPVRIES ZEVENAAR B.V.,fosmet,0.01,0.01,,CONFORM
2920,kersen (zoet),86924129,kersen,25‐3‐2024,Bulgarije,DIEPVRIES ZEVENAAR B.V.,tebuconazool,0.053,1.0,,CONFORM
2921,kersen (zoet),86924129,kersen,25‐3‐2024,Bulgarije,DIEPVRIES ZEVENAAR B.V.,thiacloprid,0.016,0.5,,CONFORM
2922,kersen (zoet),86924129,kersen,25‐3‐2024,Bulgarije,DIEPVRIES ZEVENAAR B.V.,trifloxystrobin,0.0063,3.0,,CONFORM
2923,kersen (zoet),86924129,kersen,25‐3‐2024,Bulgarije,DIEPVRIES ZEVENAAR B.V.,Overige bestrijdingsmiddelen,,,,CONFORM
2924,kerstomaten,86805154,Tomaten cherry,22‐4‐2024,Landcode onbekend,PLUKON CONVENIENCE DRONTEN B.V.,azoxystrobin,0.0058,3.0,,CONFORM
2925,kerstomaten,86805154,Tomaten cherry,22‐4‐2024,Landcode onbekend,PLUKON CONVENIENCE DRONTEN B.V.,boscalid,0.012,3.0,,CONFORM
2926,kerstomaten,86805154,Tomaten cherry,22‐4‐2024,Landcode onbekend,PLUKON CONVENIENCE DRONTEN B.V.,chloorantraniliprole,0.0066,0.6,,CONFORM
2927,kerstomaten,86805154,Tomaten cherry,22‐4‐2024,Landcode onbekend,PLUKON CONVENIENCE DRONTEN B.V.,cyprodinil,0.12,1.5,,CONFORM
2928,kerstomaten,86805154,Tomaten cherry,22‐4‐2024,Landcode onbekend,PLUKON CONVENIENCE DRONTEN B.V.,fenpyrazamine,0.0054,3.0,,CONFORM
2929,kerstomaten,86805154,Tomaten cherry,22‐4‐2024,Landcode onbekend,PLUKON CONVENIENCE DRONTEN B.V.,fludioxonil,0.056,3.0,,CONFORM
2930,kerstomaten,86805154,Tomaten cherry,22‐4‐2024,Landcode onbekend,PLUKON CONVENIENCE DRONTEN B.V.,mandipropamid,0.0057,3.0,,CONFORM
2931,kerstomaten,86805154,Tomaten cherry,22‐4‐2024,Landcode onbekend,PLUKON CONVENIENCE DRONTEN B.V.,propamocarb,0.14,4.0,,CONFORM
2932,kerstomaten,86805154,Tomaten cherry,22‐4‐2024,Landcode onbekend,PLUKON CONVENIENCE DRONTEN B.V.,spiromesifen,0.0076,1.0,,CONFORM
2933,kerstomaten,86805154,Tomaten cherry,22‐4‐2024,Landcode onbekend,PLUKON CONVENIENCE DRONTEN B.V.,spirotetramat (som),0.008,1.0,,CONFORM
2934,kerstomaten,86805154,Tomaten cherry,22‐4‐2024,Landcode onbekend,PLUKON CONVENIENCE DRONTEN B.V.,Overige bestrijdingsmiddelen,,,,CONFORM
2935,kerstomaten,86894505,snack tomaten,21‐8‐2024,België,JUMBO DISTRIBUTIECENTRUM (409),Overige bestrijdingsmiddelen,,,,CONFORM
2936,kerstomaten,86896362,cocktail tomaten,8‐10‐2024,Spanje,ALDI DISTRIBUTIECENTRUM,fluopyram,0.11,0.5,,CONFORM
2937,kerstomaten,86896362,cocktail tomaten,8‐10‐2024,Spanje,ALDI DISTRIBUTIECENTRUM,sulfoxaflor,0.0071,0.3,,CONFORM
2938,kerstomaten,86896362,cocktail tomaten,8‐10‐2024,Spanje,ALDI DISTRIBUTIECENTRUM,Overige bestrijdingsmiddelen,,,,CONFORM
2939,kerstomaten,86984261,Kerst tomaten,11‐11‐2024,Marokko,LEHMANN & TROOST B.V.,difenoconazool,0.025,2.0,,CONFORM
2940,kerstomaten,86984261,Kerst tomaten,11‐11‐2024,Marokko,LEHMANN & TROOST B.V.,fluopyram,0.09,0.5,,CONFORM
2941,kerstomaten,86984261,Kerst tomaten,11‐11‐2024,Marokko,LEHMANN & TROOST B.V.,mandipropamid,0.04,3.0,,CONFORM
2942,kerstomaten,86984261,Kerst tomaten,11‐11‐2024,Marokko,LEHMANN & TROOST B.V.,trifloxystrobin,0.052,0.7,,CONFORM
2943,kerstomaten,86984261,Kerst tomaten,11‐11‐2024,Marokko,LEHMANN & TROOST B.V.,Overige bestrijdingsmiddelen,,,,CONFORM
2944,kerstomaten,86985314,Cherry tomaten,26‐11‐2024,Marokko,P. SEELEN GRUBBENVORST B.V.,difenoconazool,0.016,2.0,,CONFORM
2945,kerstomaten,86985314,Cherry tomaten,26‐11‐2024,Marokko,P. SEELEN GRUBBENVORST B.V.,mandipropamid,0.016,3.0,,CONFORM
2946,kerstomaten,86985314,Cherry tomaten,26‐11‐2024,Marokko,P. SEELEN GRUBBENVORST B.V.,sulfoxaflor,0.0074,0.3,,CONFORM
2947,kerstomaten,86985314,Cherry tomaten,26‐11‐2024,Marokko,P. SEELEN GRUBBENVORST B.V.,Overige bestrijdingsmiddelen,,,,CONFORM
2948,kervel,86844699,chervil,12‐11‐2024,Kenia,VELEKA LOGISTICS B.V.,Overige bestrijdingsmiddelen,,,,CONFORM
2949,kip,99396954,Gesneden kipfilet,22‐8‐2024,Nederland,SLAGERIJ PIETER KLING,Overige bestrijdingsmiddelen,,,,CONFORM
2950,kip,99437634,Scharrelkip filethaasje,3‐9‐2024,Nederland,DE FRAMBOZENBOERDERIJ,Overige bestrijdingsmiddelen,,,,CONFORM
2951,kip,99437812,Kipfilet,9‐9‐2024,Landcode onbekend,DENIZ SUPERMARKT,Overige bestrijdingsmiddelen,,,,CONFORM
2952,kip,99441569,kipdijfilet,20‐8‐2024,Nederland,ÖZEN FOOD MARKET,Overige bestrijdingsmiddelen,,,,CONFORM
2953,kip,99447427,kip dijvlees,27‐8‐2024,Nederland,OZ BAKTAT,Overige bestrijdingsmiddelen,,,,CONFORM
2954,kip,99447796,kipdijvlees,3‐9‐2024,Nederland,WELKOM SUPERMARKT,chloraat,0.011,0.05,,CONFORM
2955,kip,99447796,kipdijvlees,3‐9‐2024,Nederland,WELKOM SUPERMARKT,Overige bestrijdingsmiddelen,,,,CONFORM
2956,kip,99451742,KIPFILETBLOKJES,9‐9‐2024,Nederland,THEO BARTEN KEURSLAGER,chloraat,0.01,0.05,,CONFORM
2957,kip,99451742,KIPFILETBLOKJES,9‐9‐2024,Nederland,THEO BARTEN KEURSLAGER,Overige bestrijdingsmiddelen,,,,CONFORM
2958,kippeneieren,99368705,scharreleieren 12st,24‐7‐2024,Nederland,POIESZ SUPERMARKTEN,Overige bestrijdingsmiddelen,,,,CONFORM
2959,kippeneieren,99368845,vrije uitloopeieren M 10st,30‐7‐2024,Nederland,LIDL,koper,0.67,2.0,,CONFORM
2960,kippeneieren,99368845,vrije uitloopeieren M 10st,30‐7‐2024,Nederland,LIDL,Overige bestrijdingsmiddelen,,,,CONFORM
2961,kippeneieren,99393815,12 Verse scharrel eieren,8‐8‐2024,Nederland,ALDI,koper,0.79,2.0,,CONFORM
2962,kippeneieren,99393815,12 Verse scharrel eieren,8‐8‐2024,Nederland,ALDI,Overige bestrijdingsmiddelen,,,,CONFORM
2963,kippeneieren,99396024,Scharreleieren 6 stuks klasse A,9‐7‐2024,Nederland,MCD OCHTEN,koper,0.6,2.0,,CONFORM
2964,kippeneieren,99396024,Scharreleieren 6 stuks klasse A,9‐7‐2024,Nederland,MCD OCHTEN,Overige bestrijdingsmiddelen,,,,CONFORM
2965,kippeneieren,99398434,SCHARREL EIEREN,2‐7‐2024,Nederland,LIDL,koper,0.58,2.0,,CONFORM
2966,kippeneieren,99398434,SCHARREL EIEREN,2‐7‐2024,Nederland,LIDL,Overige bestrijdingsmiddelen,,,,CONFORM
2967,kippeneieren,99410663,Plus vrije‐uitloopeieren 15st M,9‐7‐2024,Nederland,PLUS STAM,koper,0.47,2.0,,CONFORM
2968,kippeneieren,99410663,Plus vrije‐uitloopeieren 15st M,9‐7‐2024,Nederland,PLUS STAM,Overige bestrijdingsmiddelen,,,,CONFORM
2969,kippeneieren,99411112,'t Hedevelds Bio ei,10‐7‐2024,Nederland,EKOPLAZA (ENSCHEDE),koper,0.46,2.0,,CONFORM
2970,kippeneieren,99411112,'t Hedevelds Bio ei,10‐7‐2024,Nederland,EKOPLAZA (ENSCHEDE),Overige bestrijdingsmiddelen,,,,CONFORM
2971,kippeneieren,99411457,scharrel eieren,16‐7‐2024,Nederland,ALDI ENSCHEDE,koper,0.56,2.0,,CONFORM
2972,kippeneieren,99411457,scharrel eieren,16‐7‐2024,Nederland,ALDI ENSCHEDE,Overige bestrijdingsmiddelen,,,,CONFORM
2973,kippeneieren,99411945,scharreleieren,23‐7‐2024,Nederland,DIRK,koper,0.51,2.0,,CONFORM
2974,kippeneieren,99411945,scharreleieren,23‐7‐2024,Nederland,DIRK,Overige bestrijdingsmiddelen,,,,CONFORM
2975,kippeneieren,99412437,Noaberei 20 graanscharrel eieren,17‐7‐2024,Nederland,ALBERT HEIJN MARCEL BERGHUIS,koper,0.52,2.0,,CONFORM
2976,kippeneieren,99412437,Noaberei 20 graanscharrel eieren,17‐7‐2024,Nederland,ALBERT HEIJN MARCEL BERGHUIS,Overige bestrijdingsmiddelen,,,,CONFORM
2977,kippeneieren,99427507,scharreleieren,31‐7‐2024,Nederland,ALBERT HEIJN,koper,0.64,2.0,,CONFORM
2978,kippeneieren,99427507,scharreleieren,31‐7‐2024,Nederland,ALBERT HEIJN,Overige bestrijdingsmiddelen,,,,CONFORM
2979,kippeneieren,99430095,scharreleieren,2‐7‐2024,Nederland,JUMBO SITTARD STADION,koper,0.52,2.0,,CONFORM
2980,kippeneieren,99430095,scharreleieren,2‐7‐2024,Nederland,JUMBO SITTARD STADION,Overige bestrijdingsmiddelen,,,,CONFORM
2981,kippeneieren,99430338,scharreleieren,16‐7‐2024,Nederland,DAGWINKEL MELDERSLO,koper,0.54,2.0,,CONFORM
2982,kippeneieren,99430338,scharreleieren,16‐7‐2024,Nederland,DAGWINKEL MELDERSLO,Overige bestrijdingsmiddelen,,,,CONFORM
2983,kippeneieren,99430656,vrije uitloopeieren,23‐7‐2024,Nederland,PLUS BOUDA POSTMA,koper,0.5,2.0,,CONFORM
2984,kippeneieren,99430656,vrije uitloopeieren,23‐7‐2024,Nederland,PLUS BOUDA POSTMA,Overige bestrijdingsmiddelen,,,,CONFORM
2985,kippeneieren,99435321,"12 kakelverse Scharreleieren, M/L, 2‐NL‐4306101",10‐7‐2024,Nederland,JUMBO SUPERMARKT,koper,0.49,2.0,,CONFORM
2986,kippeneieren,99435321,"12 kakelverse Scharreleieren, M/L, 2‐NL‐4306101",10‐7‐2024,Nederland,JUMBO SUPERMARKT,Overige bestrijdingsmiddelen,,,,CONFORM
2987,kippeneieren,99435607,"Scharrel Eieren, L/XL",3‐7‐2024,Nederland,ALBERT HEIJN,koper,0.56,2.0,,CONFORM
2988,kippeneieren,99435607,"Scharrel Eieren, L/XL",3‐7‐2024,Nederland,ALBERT HEIJN,Overige bestrijdingsmiddelen,,,,CONFORM
2989,kippeneieren,99435836,"Nederlandse Scharreleieren, gewichtsklasse M, stempel: 2‐NL‐355902",7‐8‐2024,Nederland,LIDL,koper,0.83,2.0,,CONFORM
2990,kippeneieren,99435836,"Nederlandse Scharreleieren, gewichtsklasse M, stempel: 2‐NL‐355902",7‐8‐2024,Nederland,LIDL,Overige bestrijdingsmiddelen,,,,CONFORM
2991,kippeneieren,99436026,"6 verse biologische eieren, gewichtsklasse S/M/L/",12‐8‐2024,Nederland,ALDI MARKT,koper,0.79056,2.0,,CONFORM
2992,kippeneieren,99436026,"6 verse biologische eieren, gewichtsklasse S/M/L/",12‐8‐2024,Nederland,ALDI MARKT,Overige bestrijdingsmiddelen,,,,CONFORM
2993,kippeneieren,99436336,"Scharreleieren, Maat M, 20 stuks, Klasse A",13‐8‐2024,Nederland,POIESZ SUPERMARKTEN,koper,0.78904,2.0,,CONFORM
2994,kippeneieren,99436336,"Scharreleieren, Maat M, 20 stuks, Klasse A",13‐8‐2024,Nederland,POIESZ SUPERMARKTEN,Overige bestrijdingsmiddelen,,,,CONFORM
2995,kippeneieren,99440201,Ekoplaza eieren,30‐7‐2024,Nederland,EKOPLAZA (HENGELO),koper,0.61,2.0,,CONFORM
2996,kippeneieren,99440201,Ekoplaza eieren,30‐7‐2024,Nederland,EKOPLAZA (HENGELO),Overige bestrijdingsmiddelen,,,,CONFORM
2997,kippeneieren,99440856,Scharreleieren,6‐8‐2024,Nederland,JUMBO SUPERMARKT,koper,0.84,2.0,,CONFORM
2998,kippeneieren,99440856,Scharreleieren,6‐8‐2024,Nederland,JUMBO SUPERMARKT,Overige bestrijdingsmiddelen,,,,CONFORM
2999,kippeneieren,99441305,AH scharrel eieren,13‐8‐2024,Nederland,ALBERT HEIJN,koper,0.594428,2.0,,CONFORM
3000,kippeneieren,99441305,AH scharrel eieren,13‐8‐2024,Nederland,ALBERT HEIJN,Overige bestrijdingsmiddelen,,,,CONFORM
3001,"kiwis (geel, groen, rood)",86759101,Biologische kiwi,15‐4‐2024,Italië,HOLLANDER BARENDRECHT B.V.,Overige bestrijdingsmiddelen,,,,CONFORM
3002,"kiwis (geel, groen, rood)",86775557,Kiwi Yellow,12‐8‐2024,Nieuw Zeeland,HOLLANDER BARENDRECHT B.V.,Overige bestrijdingsmiddelen,,,,CONFORM
3003,"kiwis (geel, groen, rood)",86779889,Kiwifruit Sungold,19‐6‐2024,Nieuw Zeeland,DISTRIBUTIECENTRUM ALBERT HEIJN,Overige bestrijdingsmiddelen,,,,CONFORM
3004,"kiwis (geel, groen, rood)",86782782,Kiwi Gold,8‐10‐2024,Nieuw Zeeland,ALDI ZOETERMEER B.V.,Overige bestrijdingsmiddelen,,,,CONFORM
3005,"kiwis (geel, groen, rood)",86801418,Kiwi,19‐8‐2024,Chili,HALUCO B.V.,fenhexamid,0.029,15.0,,CONFORM
3006,"kiwis (geel, groen, rood)",86801418,Kiwi,19‐8‐2024,Chili,HALUCO B.V.,fludioxonil,1.3,15.0,,CONFORM
3007,"kiwis (geel, groen, rood)",86801418,Kiwi,19‐8‐2024,Chili,HALUCO B.V.,Overige bestrijdingsmiddelen,,,,CONFORM
3008,"kiwis (geel, groen, rood)",86809559,kiwi gold,29‐5‐2024,Nieuw Zeeland,DISTRIBUTIECENTRUM ALBERT HEIJN,Overige bestrijdingsmiddelen,,,,CONFORM
3009,"kiwis (geel, groen, rood)",86811219,kiwi s,6‐3‐2024,Italië,UDEA B.V. (HOOFDKANTOOR),Overige bestrijdingsmiddelen,,,,CONFORM
3010,"kiwis (geel, groen, rood)",86812533,kiwi gold,7‐5‐2024,Nieuw Zeeland,AARTSEN VENLO B.V.,Overige bestrijdingsmiddelen,,,,CONFORM
3011,"kiwis (geel, groen, rood)",86845776,Kiwi,25‐11‐2024,Griekenland,MARNI FRUIT B.V.,fludioxonil,0.073,15.0,,CONFORM
3012,"kiwis (geel, groen, rood)",86845776,Kiwi,25‐11‐2024,Griekenland,MARNI FRUIT B.V.,Overige bestrijdingsmiddelen,,,,CONFORM
3013,"kiwis (geel, groen, rood)",86847876,Kiwifruit Sungold,19‐8‐2024,Nieuw Zeeland,DETAILRESULT LOGISTIEK,Overige bestrijdingsmiddelen,,,,CONFORM
3014,"kiwis (geel, groen, rood)",86849682,Kiwifruit Sungold,26‐8‐2024,Nieuw Zeeland,THE GREENERY B.V.,Overige bestrijdingsmiddelen,,,,CONFORM
3015,"kiwis (geel, groen, rood)",86851172,Kiwi,31‐10‐2024,Chili,WILKO FRUIT B.V.,fenhexamid,0.34,15.0,,CONFORM
3016,"kiwis (geel, groen, rood)",86851172,Kiwi,31‐10‐2024,Chili,WILKO FRUIT B.V.,fludioxonil,1.0,15.0,,CONFORM
3017,"kiwis (geel, groen, rood)",86851172,Kiwi,31‐10‐2024,Chili,WILKO FRUIT B.V.,Overige bestrijdingsmiddelen,,,,CONFORM
3018,"kiwis (geel, groen, rood)",86851261,Kiwifruit,5‐11‐2024,Nieuw Zeeland,DISTRIBUTIECENTRUM ALBERT HEIJN,Overige bestrijdingsmiddelen,,,,CONFORM
3019,"kiwis (geel, groen, rood)",86866838,kiwi s green,20‐3‐2024,Italië,V.O.F. HARRIE GOESTEN,Overige bestrijdingsmiddelen,,,,CONFORM
3020,"kiwis (geel, groen, rood)",86867303,kiwi s,3‐4‐2024,Italië,FRUITY LINE B.V.,deltamethrin,0.0067,0.15,,CONFORM
3021,"kiwis (geel, groen, rood)",86867303,kiwi s,3‐4‐2024,Italië,FRUITY LINE B.V.,fludioxonil,1.8,15.0,,CONFORM
3022,"kiwis (geel, groen, rood)",86867303,kiwi s,3‐4‐2024,Italië,FRUITY LINE B.V.,Overige bestrijdingsmiddelen,,,,CONFORM
3023,"kiwis (geel, groen, rood)",86894572,Kiwi,27‐8‐2024,Nieuw Zeeland,AARTSEN VENLO B.V.,Overige bestrijdingsmiddelen,,,,CONFORM
3024,"kiwis (geel, groen, rood)",86896885,kiwi,4‐11‐2024,Chili,ASYA FOOD AGF,fludioxonil,1.9,15.0,,CONFORM
3025,"kiwis (geel, groen, rood)",86896885,kiwi,4‐11‐2024,Chili,ASYA FOOD AGF,Overige bestrijdingsmiddelen,,,,CONFORM
3026,"kiwis (geel, groen, rood)",86960516,kiwi groen,17‐9‐2024,Nieuw Zeeland,DISTRIBUTIECENTRUM ALBERT HEIJN,Overige bestrijdingsmiddelen,,,,CONFORM
3027,"kiwis (geel, groen, rood)",86974975,Kiwis,19‐11‐2024,Griekenland,4 FRUIT COMPANY B.V.,fludioxonil,0.11,15.0,,CONFORM
3028,"kiwis (geel, groen, rood)",86974975,Kiwis,19‐11‐2024,Griekenland,4 FRUIT COMPANY B.V.,Overige bestrijdingsmiddelen,,,,CONFORM
3029,"kiwis (geel, groen, rood)",99181583,Kiwi,29‐8‐2024,Nederland,HALAL SLAGERIJ IZZET,Overige bestrijdingsmiddelen,,,,CONFORM
3030,"kiwis (geel, groen, rood)",99394064,Kiwi Gold,15‐8‐2024,Nederland,PUUR BRABANT,Overige bestrijdingsmiddelen,,,,CONFORM
3031,"kiwis (geel, groen, rood)",99396938,Groene kiwi's,22‐8‐2024,Nieuw Zeeland,DE GEZONDE TAFEL,Overige bestrijdingsmiddelen,,,,CONFORM
3032,"kiwis (geel, groen, rood)",99437502,"Kiwi, class 1, Size 36, Zesy002SunGold (Yellow)",9‐9‐2024,Nieuw Zeeland,GROENTE‐EN FRUITSHOP JAN FIDDER,Overige bestrijdingsmiddelen,,,,CONFORM
3033,"kiwis (geel, groen, rood)",99437537,Kiwi Gold Variety: ZESY002 SunGold (Yellow),3‐9‐2024,Nieuw Zeeland,DE FRAMBOZENBOERDERIJ,Overige bestrijdingsmiddelen,,,,CONFORM
3034,"kiwis (geel, groen, rood)",99441607,kiwi,20‐8‐2024,Nieuw Zeeland,ÖZEN FOOD MARKET,Overige bestrijdingsmiddelen,,,,CONFORM
3035,"kiwis (geel, groen, rood)",99447486,kiwi,27‐8‐2024,Nieuw Zeeland,OZ BAKTAT,Overige bestrijdingsmiddelen,,,,CONFORM
3036,"kiwis (geel, groen, rood)",99447869,kiwi,3‐9‐2024,Nieuw Zeeland,WELKOM SUPERMARKT,Overige bestrijdingsmiddelen,,,,CONFORM
3037,"kiwis (geel, groen, rood)",99451831,KIWI,9‐9‐2024,Nieuw Zeeland,DE GOUDREINET,Overige bestrijdingsmiddelen,,,,CONFORM
3038,knoflook,86812568,knoflook,7‐5‐2024,China,AARTSEN VENLO B.V.,Overige bestrijdingsmiddelen,,,,CONFORM
3039,knoflook,86832615,Knoflook,24‐10‐2024,China,STAAY‐VAN RIJN,Overige bestrijdingsmiddelen,,,,CONFORM
3040,knoflook,86845822,Garlic granuleated,26‐11‐2024,China,HVS INTERNATIONAL B.V.,Overige bestrijdingsmiddelen,,,,CONFORM
3041,knoflook,86869225,knoflook,17‐6‐2024,China,JUMBO DISTRIBUTIECENTRUM,Overige bestrijdingsmiddelen,,,,CONFORM
3042,knoflookpoeder,85162209,"Carlic powder, Lot: 433095",14‐11‐2024,China,C. STEINWEG‐HANDELSVEEM B.V.,Overige bestrijdingsmiddelen,,,,CONFORM
3043,knolselderij,86798727,knolselderij,24‐4‐2024,Nederland,TUINDERIJ VERS B.V.,Overige bestrijdingsmiddelen,,,,CONFORM
3044,knolselderij,86833026,Knolselderij,5‐11‐2024,Nederland,IMPEX‐HEEMSKERK B.V. H7,difenoconazool,0.0099,2.0,,CONFORM
3045,knolselderij,86833026,Knolselderij,5‐11‐2024,Nederland,IMPEX‐HEEMSKERK B.V. H7,fluopyram,0.0075,0.4,,CONFORM
3046,knolselderij,86833026,Knolselderij,5‐11‐2024,Nederland,IMPEX‐HEEMSKERK B.V. H7,prosulfocarb,0.016,0.08,,CONFORM
3047,knolselderij,86833026,Knolselderij,5‐11‐2024,Nederland,IMPEX‐HEEMSKERK B.V. H7,Overige bestrijdingsmiddelen,,,,CONFORM
3048,knolselderij,86866773,knolselderij,20‐3‐2024,Nederland,V.O.F. HARRIE GOESTEN,cyhalothrin‐lambda,0.0073,0.07,,CONFORM
3049,knolselderij,86866773,knolselderij,20‐3‐2024,Nederland,V.O.F. HARRIE GOESTEN,difenoconazool,0.032,2.0,,CONFORM
3050,knolselderij,86866773,knolselderij,20‐3‐2024,Nederland,V.O.F. HARRIE GOESTEN,fluopyram,0.016,0.4,,CONFORM
3051,knolselderij,86866773,knolselderij,20‐3‐2024,Nederland,V.O.F. HARRIE GOESTEN,prosulfocarb,0.013,0.08,,CONFORM
3052,knolselderij,86866773,knolselderij,20‐3‐2024,Nederland,V.O.F. HARRIE GOESTEN,Overige bestrijdingsmiddelen,,,,CONFORM
3053,knolselderij,86894602,Knolselderij,27‐8‐2024,Nederland,AARTSEN VENLO B.V.,azoxystrobin,0.017,1.0,,CONFORM
3054,knolselderij,86894602,Knolselderij,27‐8‐2024,Nederland,AARTSEN VENLO B.V.,difenoconazool,0.011,2.0,,CONFORM
3055,knolselderij,86894602,Knolselderij,27‐8‐2024,Nederland,AARTSEN VENLO B.V.,fluopyram,0.023,0.4,,CONFORM
3056,knolselderij,86894602,Knolselderij,27‐8‐2024,Nederland,AARTSEN VENLO B.V.,Overige bestrijdingsmiddelen,,,,CONFORM
3057,knolselderij,86961695,knolselderij,15‐10‐2024,Nederland,ALDI GRONINGEN B.V.,azoxystrobin,0.0068,1.0,,CONFORM
3058,knolselderij,86961695,knolselderij,15‐10‐2024,Nederland,ALDI GRONINGEN B.V.,difenoconazool,0.032,2.0,,CONFORM
3059,knolselderij,86961695,knolselderij,15‐10‐2024,Nederland,ALDI GRONINGEN B.V.,fluopyram,0.02,0.4,,CONFORM
3060,knolselderij,86961695,knolselderij,15‐10‐2024,Nederland,ALDI GRONINGEN B.V.,fluxapyroxad,0.0055,0.9,,CONFORM
3061,knolselderij,86961695,knolselderij,15‐10‐2024,Nederland,ALDI GRONINGEN B.V.,prosulfocarb,0.01,0.08,,CONFORM
3062,knolselderij,86961695,knolselderij,15‐10‐2024,Nederland,ALDI GRONINGEN B.V.,Overige bestrijdingsmiddelen,,,,CONFORM
3063,knolvenkel,86759098,Venkel,15‐4‐2024,Italië,HOLLANDER BARENDRECHT B.V.,difenoconazool,0.016,5.0,,CONFORM
3064,knolvenkel,86759098,Venkel,15‐4‐2024,Italië,HOLLANDER BARENDRECHT B.V.,Overige bestrijdingsmiddelen,,,,CONFORM
3065,knolvenkel,86770083,venkel,4‐3‐2024,Italië,HELLOFRESH DC PRISMALAAN,boscalid,0.0095,9.0,,CONFORM
3066,knolvenkel,86770083,venkel,4‐3‐2024,Italië,HELLOFRESH DC PRISMALAAN,cyprodinil,0.087,4.0,,CONFORM
3067,knolvenkel,86770083,venkel,4‐3‐2024,Italië,HELLOFRESH DC PRISMALAAN,fludioxonil,0.0078,1.5,,CONFORM
3068,knolvenkel,86770083,venkel,4‐3‐2024,Italië,HELLOFRESH DC PRISMALAAN,Overige bestrijdingsmiddelen,,,,CONFORM
3069,knolvenkel,86802198,Fennel,19‐1‐2024,Italië,VAN GEEST INTERNATIONAL B.V.,boscalid,0.015,9.0,,CONFORM
3070,knolvenkel,86802198,Fennel,19‐1‐2024,Italië,VAN GEEST INTERNATIONAL B.V.,fenylfenol‐2,0.0061,0.01,,CONFORM
3071,knolvenkel,86802198,Fennel,19‐1‐2024,Italië,VAN GEEST INTERNATIONAL B.V.,penthiopyrad,0.036,20.0,,CONFORM
3072,knolvenkel,86802198,Fennel,19‐1‐2024,Italië,VAN GEEST INTERNATIONAL B.V.,Overige bestrijdingsmiddelen,,,,CONFORM
3073,knolvenkel,86833077,knolvenkel,5‐11‐2024,België,IMPEX‐HEEMSKERK B.V. H7,azoxystrobin,0.013,10.0,,CONFORM
3074,knolvenkel,86833077,knolvenkel,5‐11‐2024,België,IMPEX‐HEEMSKERK B.V. H7,boscalid,0.02,9.0,,CONFORM
3075,knolvenkel,86833077,knolvenkel,5‐11‐2024,België,IMPEX‐HEEMSKERK B.V. H7,pyraclostrobin,0.0094,1.5,,CONFORM
3076,knolvenkel,86833077,knolvenkel,5‐11‐2024,België,IMPEX‐HEEMSKERK B.V. H7,Overige bestrijdingsmiddelen,,,,CONFORM
3077,koffie,86774356,koffie ongebrand,25‐6‐2024,Brazilië,BLOMMERS COFFEE ROASTERS,clothianidin,0.025,0.05,,CONFORM
3078,koffie,86774356,koffie ongebrand,25‐6‐2024,Brazilië,BLOMMERS COFFEE ROASTERS,thiamethoxam,0.031,0.2,,CONFORM
3079,koffie,86774356,koffie ongebrand,25‐6‐2024,Brazilië,BLOMMERS COFFEE ROASTERS,Overige bestrijdingsmiddelen,,,,CONFORM
3080,koffie,86774399,koffie,25‐6‐2024,Burundi,BLOMMERS COFFEE ROASTERS,Overige bestrijdingsmiddelen,,,,CONFORM
3081,koffiebonen,86774798,groene koffiebonen,8‐7‐2024,Colombia,ROYAL TASTE COMPANY B.V.,Overige bestrijdingsmiddelen,,,,CONFORM
3082,koffiebonen,86774801,groene koffiebonen,8‐7‐2024,Guatemala,ROYAL TASTE COMPANY B.V.,Overige bestrijdingsmiddelen,,,,CONFORM
3083,koffiebonen,86774828,groene koffiebonen,8‐7‐2024,Honduras,ROYAL TASTE COMPANY B.V.,Overige bestrijdingsmiddelen,,,,CONFORM
3084,koffiebonen,86774836,groene koffiebonen,8‐7‐2024,Honduras,ROYAL TASTE COMPANY B.V.,chloorpyrifos‐ethyl,0.039,0.01,,NIET CONFORM
3085,koffiebonen,86774836,groene koffiebonen,8‐7‐2024,Honduras,ROYAL TASTE COMPANY B.V.,fenitrothion,0.029,0.05,,CONFORM
3086,koffiebonen,86774836,groene koffiebonen,8‐7‐2024,Honduras,ROYAL TASTE COMPANY B.V.,pirimifos‐methyl,0.069,0.05,,NIET CONFORM*
3087,koffiebonen,86774836,groene koffiebonen,8‐7‐2024,Honduras,ROYAL TASTE COMPANY B.V.,Overige bestrijdingsmiddelen,,,,CONFORM
3088,koffiebonen,86774844,groene koffiebonen,8‐7‐2024,Brazilië,ROYAL TASTE COMPANY B.V.,clothianidin,0.015,0.05,,CONFORM
3089,koffiebonen,86774844,groene koffiebonen,8‐7‐2024,Brazilië,ROYAL TASTE COMPANY B.V.,fenylfenol‐2,0.22,0.05,,NIET CONFORM
3090,koffiebonen,86774844,groene koffiebonen,8‐7‐2024,Brazilië,ROYAL TASTE COMPANY B.V.,thiamethoxam,0.018,0.2,,CONFORM
3091,koffiebonen,86774844,groene koffiebonen,8‐7‐2024,Brazilië,ROYAL TASTE COMPANY B.V.,Overige bestrijdingsmiddelen,,,,CONFORM
3092,koffiebonen,86779692,Ongebrande koffiebonen COL 127,18‐6‐2024,Colombia,COOK & BOON NEDERLAND B.V.,Overige bestrijdingsmiddelen,,,,CONFORM
3093,koffiebonen,86779706,Ongebrande koffiebonen ETH 033,18‐6‐2024,Ethiopië,COOK & BOON NEDERLAND B.V.,Overige bestrijdingsmiddelen,,,,CONFORM
3094,koffiebonen,86779714,Ongebrande koffiebonen PER FTO 049,18‐6‐2024,Peru,COOK & BOON NEDERLAND B.V.,Overige bestrijdingsmiddelen,,,,CONFORM
3095,koffiebonen,86779722,Ongebrande koffiebonen Brazil FT 006,18‐6‐2024,Brazilië,COOK & BOON NEDERLAND B.V.,imidacloprid,0.024,1.0,,CONFORM
3096,koffiebonen,86779722,Ongebrande koffiebonen Brazil FT 006,18‐6‐2024,Brazilië,COOK & BOON NEDERLAND B.V.,triadimenol,0.01,0.05,,CONFORM
3097,koffiebonen,86779722,Ongebrande koffiebonen Brazil FT 006,18‐6‐2024,Brazilië,COOK & BOON NEDERLAND B.V.,Overige bestrijdingsmiddelen,,,,CONFORM
3098,koffiebonen,86779749,Ongebrande koffiebonen India ROB 129,18‐6‐2024,India,COOK & BOON NEDERLAND B.V.,Overige bestrijdingsmiddelen,,,,CONFORM
3099,koffiebonen,86779757,Ongebrande koffiebonen GUA 183,18‐6‐2024,Guatemala,COOK & BOON NEDERLAND B.V.,Overige bestrijdingsmiddelen,,,,CONFORM
3100,koffiebonen,86779765,Ongebrande koffiebonen HON 011,18‐6‐2024,Honduras,COOK & BOON NEDERLAND B.V.,Overige bestrijdingsmiddelen,,,,CONFORM
3101,koffiebonen,86800608,Vietnam 164,27‐6‐2024,Vietnam,PELICAN ROUGE COFFEE ROASTERS B.V.,Overige bestrijdingsmiddelen,,,,CONFORM
3102,koffiebonen,86800616,Honduras 136,27‐6‐2024,Honduras,PELICAN ROUGE COFFEE ROASTERS B.V.,Overige bestrijdingsmiddelen,,,,CONFORM
3103,koffiebonen,86800624,Braszilie 63,27‐6‐2024,Brazilië,PELICAN ROUGE COFFEE ROASTERS B.V.,clothianidin,0.038,0.05,,CONFORM
3104,koffiebonen,86800624,Braszilie 63,27‐6‐2024,Brazilië,PELICAN ROUGE COFFEE ROASTERS B.V.,thiamethoxam,0.044,0.2,,CONFORM
3105,koffiebonen,86800624,Braszilie 63,27‐6‐2024,Brazilië,PELICAN ROUGE COFFEE ROASTERS B.V.,Overige bestrijdingsmiddelen,,,,CONFORM
3106,koffiebonen,86816385,groene koffiebonen BBF,2‐7‐2024,Landcode onbekend,AHOLD COFFEE COMPANY,Overige bestrijdingsmiddelen,,,,CONFORM
3107,koffiebonen,86816393,groene koffiebonen MGM,2‐7‐2024,Landcode onbekend,AHOLD COFFEE COMPANY,Overige bestrijdingsmiddelen,,,,CONFORM
3108,koffiebonen,86816407,groene koffiebonen MDM,2‐7‐2024,Landcode onbekend,AHOLD COFFEE COMPANY,chloorpyrifos‐ethyl,0.039,0.01,,NIET CONFORM
3109,koffiebonen,86816407,groene koffiebonen MDM,2‐7‐2024,Landcode onbekend,AHOLD COFFEE COMPANY,Overige bestrijdingsmiddelen,,,,CONFORM
3110,koffiebonen,86816415,groene koffiebonen BCV,2‐7‐2024,Landcode onbekend,AHOLD COFFEE COMPANY,Overige bestrijdingsmiddelen,,,,CONFORM
3111,koffiebonen,86816423,groene koffiebonen,2‐7‐2024,Landcode onbekend,AHOLD COFFEE COMPANY,Overige bestrijdingsmiddelen,,,,CONFORM
3112,koffiebonen,86895773,India Robusta koffie Cherry AB,25‐6‐2024,India,BEUKENHORST KOFFIE,Overige bestrijdingsmiddelen,,,,CONFORM
3113,koffiebonen,86895781,Brazil unwashed Arabica coffe Banderante,25‐6‐2024,Brazilië,BEUKENHORST KOFFIE,clothianidin,0.017,0.05,,CONFORM
3114,koffiebonen,86895781,Brazil unwashed Arabica coffe Banderante,25‐6‐2024,Brazilië,BEUKENHORST KOFFIE,thiamethoxam,0.016,0.2,,CONFORM
3115,koffiebonen,86895781,Brazil unwashed Arabica coffe Banderante,25‐6‐2024,Brazilië,BEUKENHORST KOFFIE,Overige bestrijdingsmiddelen,,,,CONFORM
3116,koffiebonen,86895803,Rainforest certified Colombia washed Arabica,25‐6‐2024,Colombia,BEUKENHORST KOFFIE,Overige bestrijdingsmiddelen,,,,CONFORM
3117,koffiebonen,86895811,Coffee world Natural Uganda Robusta,25‐6‐2024,Oeganda,BEUKENHORST KOFFIE,Overige bestrijdingsmiddelen,,,,CONFORM
3118,koffiebonen,86895838,Brazil Santos Cerrado Arabica FCY,25‐6‐2024,Brazilië,KOFFIEBRANDERIJ J.W. HESSELINK EN ZN. B.V.,clothianidin,0.02,0.05,,CONFORM
3119,koffiebonen,86895838,Brazil Santos Cerrado Arabica FCY,25‐6‐2024,Brazilië,KOFFIEBRANDERIJ J.W. HESSELINK EN ZN. B.V.,imidacloprid,0.02,1.0,,CONFORM
3120,koffiebonen,86895838,Brazil Santos Cerrado Arabica FCY,25‐6‐2024,Brazilië,KOFFIEBRANDERIJ J.W. HESSELINK EN ZN. B.V.,thiamethoxam,0.03,0.2,,CONFORM
3121,koffiebonen,86895838,Brazil Santos Cerrado Arabica FCY,25‐6‐2024,Brazilië,KOFFIEBRANDERIJ J.W. HESSELINK EN ZN. B.V.,Overige bestrijdingsmiddelen,,,,CONFORM
3122,koffiebonen,86895846,Indonesia Sumatra mandheling Raja Gayo Arabica coffee,25‐6‐2024,India,KOFFIEBRANDERIJ J.W. HESSELINK EN ZN. B.V.,Overige bestrijdingsmiddelen,,,,CONFORM
3123,koffiebonen,86895854,Guatemala SHB Acatenango RA Arabica,25‐6‐2024,Guatemala,KOFFIEBRANDERIJ J.W. HESSELINK EN ZN. B.V.,Overige bestrijdingsmiddelen,,,,CONFORM
3124,koffiebonen,86895862,Vietnam Robusta GR 2SCR,25‐6‐2024,Vietnam,KOFFIEBRANDERIJ J.W. HESSELINK EN ZN. B.V.,Overige bestrijdingsmiddelen,,,,CONFORM
3125,kokosnoten,86798921,Crude Coconut Oil,30‐4‐2024,Landcode onbekend,AAK MAAS REFINERY BV,anthrachinon,0.088,0.1,5,CONFORM
3126,kokosnoten,86798921,Crude Coconut Oil,30‐4‐2024,Landcode onbekend,AAK MAAS REFINERY BV,bifenyl,0.14,0.05,5,NIET CONFORM
3127,kokosnoten,86798921,Crude Coconut Oil,30‐4‐2024,Landcode onbekend,AAK MAAS REFINERY BV,fenylfenol‐2,0.24,0.05,5,NIET CONFORM
3128,kokosnoten,86798921,Crude Coconut Oil,30‐4‐2024,Landcode onbekend,AAK MAAS REFINERY BV,Overige bestrijdingsmiddelen,,,5,CONFORM
3129,kokosnoten,86798999,Ruwe kokos olie,30‐4‐2024,Landcode onbekend,CARGILL REFINED OILS EUROPE,anthrachinon,0.17,0.1,5,NIET CONFORM*
3130,kokosnoten,86798999,Ruwe kokos olie,30‐4‐2024,Landcode onbekend,CARGILL REFINED OILS EUROPE,fenylfenol‐2,0.27,0.05,5,NIET CONFORM
3131,kokosnoten,86798999,Ruwe kokos olie,30‐4‐2024,Landcode onbekend,CARGILL REFINED OILS EUROPE,Overige bestrijdingsmiddelen,,,5,CONFORM
3132,kokosnoten,86799014,cCN (ruwe Kokosolie),1‐5‐2024,Landcode onbekend,SD GUTHRIE INTERNATIONAL ZWIJNDRECHT REFINERY,anthrachinon,0.18,0.1,5,NIET CONFORM*
3133,kokosnoten,86799014,cCN (ruwe Kokosolie),1‐5‐2024,Landcode onbekend,SD GUTHRIE INTERNATIONAL ZWIJNDRECHT REFINERY,fenylfenol‐2,0.21,0.05,5,NIET CONFORM
3134,kokosnoten,86799014,cCN (ruwe Kokosolie),1‐5‐2024,Landcode onbekend,SD GUTHRIE INTERNATIONAL ZWIJNDRECHT REFINERY,Overige bestrijdingsmiddelen,,,5,CONFORM
3135,kokosnoten,86804611,shredded coconut,3‐4‐2024,Vietnam,ASIA EXPRESS FOOD B.V.,Overige bestrijdingsmiddelen,,,,CONFORM
3136,komijn,86802937,komijnzaad,5‐2‐2024,Landcode onbekend,CULINA FOOD CONCEPTS B.V.,clothianidin,0.017,0.05,,CONFORM
3137,komijn,86802937,komijnzaad,5‐2‐2024,Landcode onbekend,CULINA FOOD CONCEPTS B.V.,Overige bestrijdingsmiddelen,,,,CONFORM
3138,komijn,86822733,Komijnzaad gemalen,3‐5‐2024,Landcode onbekend,BROEKHUYZEN HORECAGROOTHANDEL BV,profenofos,0.11,5.0,,CONFORM
3139,komijn,86822733,Komijnzaad gemalen,3‐5‐2024,Landcode onbekend,BROEKHUYZEN HORECAGROOTHANDEL BV,tebuconazool,0.012,1.5,,CONFORM
3140,komijn,86822733,Komijnzaad gemalen,3‐5‐2024,Landcode onbekend,BROEKHUYZEN HORECAGROOTHANDEL BV,Overige bestrijdingsmiddelen,,,,CONFORM
3141,komijn,86822741,Komijnzaad gemalen,3‐5‐2024,Landcode onbekend,BROEKHUYZEN HORECAGROOTHANDEL BV,Overige bestrijdingsmiddelen,,,,CONFORM
3142,komkommers,86802236,Pepino Almeria Mini,19‐1‐2024,Spanje,QUALITY PRODUCE INTERNATIONAL (QPI),cyazofamid,0.037,0.2,,CONFORM
3143,komkommers,86802236,Pepino Almeria Mini,19‐1‐2024,Spanje,QUALITY PRODUCE INTERNATIONAL (QPI),flonicamid (som),0.011,0.5,,CONFORM
3144,komkommers,86802236,Pepino Almeria Mini,19‐1‐2024,Spanje,QUALITY PRODUCE INTERNATIONAL (QPI),fludioxonil,0.0051,0.4,,CONFORM
3145,komkommers,86802236,Pepino Almeria Mini,19‐1‐2024,Spanje,QUALITY PRODUCE INTERNATIONAL (QPI),Overige bestrijdingsmiddelen,,,,CONFORM
3146,komkommers,86803976,biologische komkommer,4‐3‐2024,Spanje,VOMAR (DC),Overige bestrijdingsmiddelen,,,,CONFORM
3147,komkommers,86805162,komkommer groen,22‐4‐2024,Landcode onbekend,PLUKON CONVENIENCE DRONTEN B.V.,Overige bestrijdingsmiddelen,,,,CONFORM
3148,komkommers,86847922,Biologisch Komkommer,19‐8‐2024,Nederland,DETAILRESULT LOGISTIEK,Overige bestrijdingsmiddelen,,,,CONFORM
3149,komkommers,86849801,Komkommer,26‐8‐2024,Nederland,THE GREENERY B.V.,cyprodinil,0.13,0.5,,CONFORM
3150,komkommers,86849801,Komkommer,26‐8‐2024,Nederland,THE GREENERY B.V.,fludioxonil,0.066,0.4,,CONFORM
3151,komkommers,86849801,Komkommer,26‐8‐2024,Nederland,THE GREENERY B.V.,spinosad,0.14,0.3,,CONFORM
3152,komkommers,86849801,Komkommer,26‐8‐2024,Nederland,THE GREENERY B.V.,Overige bestrijdingsmiddelen,,,,CONFORM
3153,komkommers,86894904,Komkommers,3‐9‐2024,Nederland,HESSING GREENPOORT,flonicamid (som),0.049,0.5,,CONFORM
3154,komkommers,86894904,Komkommers,3‐9‐2024,Nederland,HESSING GREENPOORT,propamocarb,0.0091,5.0,,CONFORM
3155,komkommers,86894904,Komkommers,3‐9‐2024,Nederland,HESSING GREENPOORT,Overige bestrijdingsmiddelen,,,,CONFORM
3156,komkommers,86961679,komkommers,15‐10‐2024,Spanje,ALDI GRONINGEN B.V.,acetamiprid,0.0088,0.3,,CONFORM
3157,komkommers,86961679,komkommers,15‐10‐2024,Spanje,ALDI GRONINGEN B.V.,ametoctradin,0.017,2.0,,CONFORM
3158,komkommers,86961679,komkommers,15‐10‐2024,Spanje,ALDI GRONINGEN B.V.,propamocarb,0.39,5.0,,CONFORM
3159,komkommers,86961679,komkommers,15‐10‐2024,Spanje,ALDI GRONINGEN B.V.,Overige bestrijdingsmiddelen,,,,CONFORM
3160,komkommers,86996065,komkommer,13‐3‐2024,Landcode onbekend,HESSING ZWAAGDIJK B.V.,ametoctradin,0.073,2.0,,CONFORM
3161,komkommers,86996065,komkommer,13‐3‐2024,Landcode onbekend,HESSING ZWAAGDIJK B.V.,cyazofamid,0.026,0.2,,CONFORM
3162,komkommers,86996065,komkommer,13‐3‐2024,Landcode onbekend,HESSING ZWAAGDIJK B.V.,cyprodinil,0.028,0.5,,CONFORM
3163,komkommers,86996065,komkommer,13‐3‐2024,Landcode onbekend,HESSING ZWAAGDIJK B.V.,propamocarb,0.93,5.0,,CONFORM
3164,komkommers,86996065,komkommer,13‐3‐2024,Landcode onbekend,HESSING ZWAAGDIJK B.V.,Overige bestrijdingsmiddelen,,,,CONFORM
3165,komkommers,99181672,Komkommer,19‐9‐2024,Nederland,GROENTE & FRUUIT VAN DEN VEN,bupirimaat,0.042,2.0,,CONFORM
3166,komkommers,99181672,Komkommer,19‐9‐2024,Nederland,GROENTE & FRUUIT VAN DEN VEN,chloorantraniliprole,0.009,0.3,,CONFORM
3167,komkommers,99181672,Komkommer,19‐9‐2024,Nederland,GROENTE & FRUUIT VAN DEN VEN,cyprodinil,0.0094,0.5,,CONFORM
3168,komkommers,99181672,Komkommer,19‐9‐2024,Nederland,GROENTE & FRUUIT VAN DEN VEN,fluopyram,0.012,0.6,,CONFORM
3169,komkommers,99181672,Komkommer,19‐9‐2024,Nederland,GROENTE & FRUUIT VAN DEN VEN,propamocarb,0.061,5.0,,CONFORM
3170,komkommers,99181672,Komkommer,19‐9‐2024,Nederland,GROENTE & FRUUIT VAN DEN VEN,Overige bestrijdingsmiddelen,,,,CONFORM
3171,komkommers,99428694,komkommers,25‐9‐2024,Nederland,EET‐IDEE QUAEDVLIEG,flonicamid (som),0.068,0.5,,CONFORM
3172,komkommers,99428694,komkommers,25‐9‐2024,Nederland,EET‐IDEE QUAEDVLIEG,fluopyram,0.056,0.6,,CONFORM
3173,komkommers,99428694,komkommers,25‐9‐2024,Nederland,EET‐IDEE QUAEDVLIEG,spinosad,0.05,0.3,,CONFORM
3174,komkommers,99428694,komkommers,25‐9‐2024,Nederland,EET‐IDEE QUAEDVLIEG,Overige bestrijdingsmiddelen,,,,CONFORM
3175,komkommers,99470372,"Komkommers, Kaliber: 350‐400 g, Klasse 1",25‐9‐2024,Nederland,KRUIZE BOERDERIJWINKEL,cyazofamid,0.015,0.2,,CONFORM
3176,komkommers,99470372,"Komkommers, Kaliber: 350‐400 g, Klasse 1",25‐9‐2024,Nederland,KRUIZE BOERDERIJWINKEL,mepanipyrim,0.026,0.5,,CONFORM
3177,komkommers,99470372,"Komkommers, Kaliber: 350‐400 g, Klasse 1",25‐9‐2024,Nederland,KRUIZE BOERDERIJWINKEL,spinosad,0.0072,0.3,,CONFORM
3178,komkommers,99470372,"Komkommers, Kaliber: 350‐400 g, Klasse 1",25‐9‐2024,Nederland,KRUIZE BOERDERIJWINKEL,Overige bestrijdingsmiddelen,,,,CONFORM
3179,koolrapen,86814455,koolraap,19‐2‐2024,Nederland,DEKAMARKT LOGISTIEK B.V. (VERSCENTRALE),Overige bestrijdingsmiddelen,,,,CONFORM
3180,koolrapen,99470828,Koolraap,28‐11‐2024,Verenigd Koninkrijk,LANDWINKEL OL DIEK,Overige bestrijdingsmiddelen,,,,CONFORM
3181,"koriander (zaad, als specerij)",86805324,Coreander fijn gemalen,15‐5‐2024,Landcode onbekend,SETZ‐APART SPECERIJEN B.V.,pirimifos‐methyl,0.037,3.0,,CONFORM
3182,"koriander (zaad, als specerij)",86805324,Coreander fijn gemalen,15‐5‐2024,Landcode onbekend,SETZ‐APART SPECERIJEN B.V.,Overige bestrijdingsmiddelen,,,,CONFORM
3183,"koriander (zaad, als specerij)",86822822,Koriander,3‐5‐2024,Landcode onbekend,BROEKHUYZEN HORECAGROOTHANDEL BV,haloxyfop (som),0.012,0.05,,CONFORM
3184,"koriander (zaad, als specerij)",86822822,Koriander,3‐5‐2024,Landcode onbekend,BROEKHUYZEN HORECAGROOTHANDEL BV,linuron,0.015,0.05,,CONFORM
3185,"koriander (zaad, als specerij)",86822822,Koriander,3‐5‐2024,Landcode onbekend,BROEKHUYZEN HORECAGROOTHANDEL BV,pirimifos‐methyl,0.068,3.0,,CONFORM
3186,"koriander (zaad, als specerij)",86822822,Koriander,3‐5‐2024,Landcode onbekend,BROEKHUYZEN HORECAGROOTHANDEL BV,tebuconazool,0.18,1.5,,CONFORM
3187,"koriander (zaad, als specerij)",86822822,Koriander,3‐5‐2024,Landcode onbekend,BROEKHUYZEN HORECAGROOTHANDEL BV,Overige bestrijdingsmiddelen,,,,CONFORM
3188,"koriander (zaad, als specerij)",86845865,Coriander Ground HT,26‐11‐2024,Oekraïne,HVS INTERNATIONAL B.V.,Overige bestrijdingsmiddelen,,,,CONFORM
3189,"koriander (zaad, als specerij)",86924439,Koriander,22‐4‐2024,Landcode onbekend,SERHAT IMPEX VELP B.V.,Overige bestrijdingsmiddelen,,,,CONFORM
3190,"koriander (zaad, als specerij)",86924447,Koriander,22‐4‐2024,Landcode onbekend,SERHAT IMPEX VELP B.V.,Overige bestrijdingsmiddelen,,,,CONFORM
3191,"koriander (zaad, als specerij)",86984954,Koriander,19‐11‐2024,Landcode onbekend,ILG,Overige bestrijdingsmiddelen,,,,CONFORM
3192,korianderbladeren,86844672,coriander,12‐11‐2024,Kenia,VELEKA LOGISTICS B.V.,cymiazool,0.017,0.01,,NIET CONFORM*
3193,korianderbladeren,86844672,coriander,12‐11‐2024,Kenia,VELEKA LOGISTICS B.V.,cyprodinil,0.026,40.0,,CONFORM
3194,korianderbladeren,86844672,coriander,12‐11‐2024,Kenia,VELEKA LOGISTICS B.V.,difenoconazool,0.014,10.0,,CONFORM
3195,korianderbladeren,86844672,coriander,12‐11‐2024,Kenia,VELEKA LOGISTICS B.V.,pendimethalin,0.017,0.6,,CONFORM
3196,korianderbladeren,86844672,coriander,12‐11‐2024,Kenia,VELEKA LOGISTICS B.V.,Overige bestrijdingsmiddelen,,,,CONFORM
3197,kousenband,86996375,kousenband,25‐3‐2024,China,ORIENTAL ENTERPRISE TONG FONG,acetamiprid,0.028,0.6,,CONFORM
3198,kousenband,86996375,kousenband,25‐3‐2024,China,ORIENTAL ENTERPRISE TONG FONG,chloorantraniliprole,0.0055,0.8,,CONFORM
3199,kousenband,86996375,kousenband,25‐3‐2024,China,ORIENTAL ENTERPRISE TONG FONG,cyhalothrin‐lambda,0.0074,0.4,,CONFORM
3200,kousenband,86996375,kousenband,25‐3‐2024,China,ORIENTAL ENTERPRISE TONG FONG,difenoconazool,0.014,1.0,,CONFORM
3201,kousenband,86996375,kousenband,25‐3‐2024,China,ORIENTAL ENTERPRISE TONG FONG,dinotefuran,0.012,0.01,,NIET CONFORM*
3202,kousenband,86996375,kousenband,25‐3‐2024,China,ORIENTAL ENTERPRISE TONG FONG,lufenuron,0.022,0.01,,NIET CONFORM
3203,kousenband,86996375,kousenband,25‐3‐2024,China,ORIENTAL ENTERPRISE TONG FONG,thiamethoxam,0.021,0.3,,CONFORM
3204,kousenband,86996375,kousenband,25‐3‐2024,China,ORIENTAL ENTERPRISE TONG FONG,Overige bestrijdingsmiddelen,,,,CONFORM
3205,krent,86798395,krenten zwart,18‐4‐2024,Griekenland,DE NOTENBEURS B.V.,boscalid,0.14,25.0,5,CONFORM
3206,krent,86798395,krenten zwart,18‐4‐2024,Griekenland,DE NOTENBEURS B.V.,deltamethrin,0.027,1.0,5,CONFORM
3207,krent,86798395,krenten zwart,18‐4‐2024,Griekenland,DE NOTENBEURS B.V.,fluopyram,0.021,10.0,5,CONFORM
3208,krent,86798395,krenten zwart,18‐4‐2024,Griekenland,DE NOTENBEURS B.V.,fluxapyroxad,0.2,15.0,5,CONFORM
3209,krent,86798395,krenten zwart,18‐4‐2024,Griekenland,DE NOTENBEURS B.V.,metalaxyl,0.024,10.0,5,CONFORM
3210,krent,86798395,krenten zwart,18‐4‐2024,Griekenland,DE NOTENBEURS B.V.,myclobutanil,0.0062,7.5,5,CONFORM
3211,krent,86798395,krenten zwart,18‐4‐2024,Griekenland,DE NOTENBEURS B.V.,pyriofenone,0.0086,4.5,5,CONFORM
3212,krent,86798395,krenten zwart,18‐4‐2024,Griekenland,DE NOTENBEURS B.V.,tebuconazool,0.059,2.5,5,CONFORM
3213,krent,86798395,krenten zwart,18‐4‐2024,Griekenland,DE NOTENBEURS B.V.,trifloxystrobin,0.029,15.0,5,CONFORM
3214,krent,86798395,krenten zwart,18‐4‐2024,Griekenland,DE NOTENBEURS B.V.,Overige bestrijdingsmiddelen,,,5,CONFORM
3215,krent,86867885,krenten,15‐4‐2024,Griekenland,DELINUTS B.V.,boscalid,0.11,25.0,5,CONFORM
3216,krent,86867885,krenten,15‐4‐2024,Griekenland,DELINUTS B.V.,cyazofamid,0.031,10.0,5,CONFORM
3217,krent,86867885,krenten,15‐4‐2024,Griekenland,DELINUTS B.V.,cypermethrin,0.022,2.5,5,CONFORM
3218,krent,86867885,krenten,15‐4‐2024,Griekenland,DELINUTS B.V.,fluxapyroxad,0.1,15.0,5,CONFORM
3219,krent,86867885,krenten,15‐4‐2024,Griekenland,DELINUTS B.V.,spiroxamine,0.02,3.0,5,CONFORM
3220,krent,86867885,krenten,15‐4‐2024,Griekenland,DELINUTS B.V.,trifloxystrobin,0.063,15.0,5,CONFORM
3221,krent,86867885,krenten,15‐4‐2024,Griekenland,DELINUTS B.V.,Overige bestrijdingsmiddelen,,,5,CONFORM
3222,krent,86867893,krenten,15‐4‐2024,Griekenland,DELINUTS B.V.,ametoctradin,0.015,30.0,5,CONFORM
3223,krent,86867893,krenten,15‐4‐2024,Griekenland,DELINUTS B.V.,azoxystrobin,0.011,15.0,5,CONFORM
3224,krent,86867893,krenten,15‐4‐2024,Griekenland,DELINUTS B.V.,boscalid,0.16,25.0,5,CONFORM
3225,krent,86867893,krenten,15‐4‐2024,Griekenland,DELINUTS B.V.,dimethomorf,0.039,15.0,5,CONFORM
3226,krent,86867893,krenten,15‐4‐2024,Griekenland,DELINUTS B.V.,fluopyram,0.1,10.0,5,CONFORM
3227,krent,86867893,krenten,15‐4‐2024,Griekenland,DELINUTS B.V.,fluxapyroxad,0.26,15.0,5,CONFORM
3228,krent,86867893,krenten,15‐4‐2024,Griekenland,DELINUTS B.V.,mandipropamid,0.025,10.0,5,CONFORM
3229,krent,86867893,krenten,15‐4‐2024,Griekenland,DELINUTS B.V.,myclobutanil,0.011,7.5,5,CONFORM
3230,krent,86867893,krenten,15‐4‐2024,Griekenland,DELINUTS B.V.,tebuconazool,0.025,2.5,5,CONFORM
3231,krent,86867893,krenten,15‐4‐2024,Griekenland,DELINUTS B.V.,Overige bestrijdingsmiddelen,,,5,CONFORM
3232,krent,99636203,Krenten,7‐2‐2024,Landcode onbekend,DIRK VAN DER BROEK,boscalid,0.12,25.0,5,CONFORM
3233,krent,99636203,Krenten,7‐2‐2024,Landcode onbekend,DIRK VAN DER BROEK,cyflufenamid,0.0074,1.0,5,CONFORM
3234,krent,99636203,Krenten,7‐2‐2024,Landcode onbekend,DIRK VAN DER BROEK,cyhalothrin‐lambda,0.0053,0.4,5,CONFORM
3235,krent,99636203,Krenten,7‐2‐2024,Landcode onbekend,DIRK VAN DER BROEK,cypermethrin,0.058,2.5,5,CONFORM
3236,krent,99636203,Krenten,7‐2‐2024,Landcode onbekend,DIRK VAN DER BROEK,dimethomorf,0.0082,15.0,5,CONFORM
3237,krent,99636203,Krenten,7‐2‐2024,Landcode onbekend,DIRK VAN DER BROEK,ethirimol,0.0094,2.0,5,CONFORM
3238,krent,99636203,Krenten,7‐2‐2024,Landcode onbekend,DIRK VAN DER BROEK,fluopicolide,0.0056,10.0,5,CONFORM
3239,krent,99636203,Krenten,7‐2‐2024,Landcode onbekend,DIRK VAN DER BROEK,fluopyram,0.13,10.0,5,CONFORM
3240,krent,99636203,Krenten,7‐2‐2024,Landcode onbekend,DIRK VAN DER BROEK,fluxapyroxad,0.022,15.0,5,CONFORM
3241,krent,99636203,Krenten,7‐2‐2024,Landcode onbekend,DIRK VAN DER BROEK,mepanipyrim,0.01,10.0,5,CONFORM
3242,krent,99636203,Krenten,7‐2‐2024,Landcode onbekend,DIRK VAN DER BROEK,myclobutanil,0.0093,7.5,5,CONFORM
3243,krent,99636203,Krenten,7‐2‐2024,Landcode onbekend,DIRK VAN DER BROEK,pyraclostrobin,0.0063,1.5,5,CONFORM
3244,krent,99636203,Krenten,7‐2‐2024,Landcode onbekend,DIRK VAN DER BROEK,tebuconazool,0.017,2.5,5,CONFORM
3245,krent,99636203,Krenten,7‐2‐2024,Landcode onbekend,DIRK VAN DER BROEK,trifloxystrobin,0.0066,15.0,5,CONFORM
3246,krent,99636203,Krenten,7‐2‐2024,Landcode onbekend,DIRK VAN DER BROEK,Overige bestrijdingsmiddelen,,,5,CONFORM
3247,kropsla,86803917,krop sla,4‐3‐2024,Nederland,VOMAR (DC),dimethomorf,0.054,15.0,,CONFORM
3248,kropsla,86803917,krop sla,4‐3‐2024,Nederland,VOMAR (DC),fluopyram,0.58,15.0,,CONFORM
3249,kropsla,86803917,krop sla,4‐3‐2024,Nederland,VOMAR (DC),spirotetramat (som),0.11,7.0,,CONFORM
3250,kropsla,86803917,krop sla,4‐3‐2024,Nederland,VOMAR (DC),Overige bestrijdingsmiddelen,,,,CONFORM
3251,kropsla,86804697,krop sla,8‐4‐2024,Nederland,O. SMEDING EN ZOON B.V.,fludioxonil,0.0063,40.0,,CONFORM
3252,kropsla,86804697,krop sla,8‐4‐2024,Nederland,O. SMEDING EN ZOON B.V.,fluopyram,0.012,15.0,,CONFORM
3253,kropsla,86804697,krop sla,8‐4‐2024,Nederland,O. SMEDING EN ZOON B.V.,propamocarb,1.6,40.0,,CONFORM
3254,kropsla,86804697,krop sla,8‐4‐2024,Nederland,O. SMEDING EN ZOON B.V.,spirotetramat (som),0.05,7.0,,CONFORM
3255,kropsla,86804697,krop sla,8‐4‐2024,Nederland,O. SMEDING EN ZOON B.V.,Overige bestrijdingsmiddelen,,,,CONFORM
3256,kropsla,99439335,"Kropsla, Klasse 1",18‐6‐2024,Nederland,O. SMEDING EN ZOON B.V.,fluopicolide,0.017,6.0,,CONFORM
3257,kropsla,99439335,"Kropsla, Klasse 1",18‐6‐2024,Nederland,O. SMEDING EN ZOON B.V.,fluopyram,0.023,15.0,,CONFORM
3258,kropsla,99439335,"Kropsla, Klasse 1",18‐6‐2024,Nederland,O. SMEDING EN ZOON B.V.,propamocarb,0.36,40.0,,CONFORM
3259,kropsla,99439335,"Kropsla, Klasse 1",18‐6‐2024,Nederland,O. SMEDING EN ZOON B.V.,Overige bestrijdingsmiddelen,,,,CONFORM
3260,"kruisbessen (geel, groen en rood)",86804565,Falsa Grewia Asiatica,3‐4‐2024,India,ASIA EXPRESS FOOD B.V.,Overige bestrijdingsmiddelen,,,,CONFORM
3261,kumquats,86788349,Kumquat,19‐2‐2024,Spanje,TFC HOLLAND,Overige bestrijdingsmiddelen,,,,CONFORM
3262,kumquats,86984342,Kumquats,11‐11‐2024,Zuid Afrika,FRESH SOLUTIONS NETHERLANDS B.V.,Overige bestrijdingsmiddelen,,,,CONFORM
3263,kweeperen,86843188,Pome,16‐10‐2024,Turkije,DENIZ FRUIT B.V.,acetamiprid,0.0078,0.8,,CONFORM
3264,kweeperen,86843188,Pome,16‐10‐2024,Turkije,DENIZ FRUIT B.V.,chloorantraniliprole,0.021,0.4,,CONFORM
3265,kweeperen,86843188,Pome,16‐10‐2024,Turkije,DENIZ FRUIT B.V.,methoxyfenozide,0.0091,2.0,,CONFORM
3266,kweeperen,86843188,Pome,16‐10‐2024,Turkije,DENIZ FRUIT B.V.,pyriproxyfen,0.0079,0.01,,CONFORM
3267,kweeperen,86843188,Pome,16‐10‐2024,Turkije,DENIZ FRUIT B.V.,Overige bestrijdingsmiddelen,,,,CONFORM
3268,kweeperen,86847515,Ayva,27‐11‐2024,Turkije,FRESH FOOD AMSTERDAM,chloorantraniliprole,0.024,0.4,,CONFORM
3269,kweeperen,86847515,Ayva,27‐11‐2024,Turkije,FRESH FOOD AMSTERDAM,Overige bestrijdingsmiddelen,,,,CONFORM
3270,kweeperen,86896877,kweeperen,4‐11‐2024,Turkije,ASYA FOOD AGF,acetamiprid,0.013,0.8,,CONFORM
3271,kweeperen,86896877,kweeperen,4‐11‐2024,Turkije,ASYA FOOD AGF,boscalid,0.049,1.5,,CONFORM
3272,kweeperen,86896877,kweeperen,4‐11‐2024,Turkije,ASYA FOOD AGF,chloorantraniliprole,0.011,0.4,,CONFORM
3273,kweeperen,86896877,kweeperen,4‐11‐2024,Turkije,ASYA FOOD AGF,cyhalothrin‐lambda,0.025,0.2,,CONFORM
3274,kweeperen,86896877,kweeperen,4‐11‐2024,Turkije,ASYA FOOD AGF,deltamethrin,0.0056,0.1,,CONFORM
3275,kweeperen,86896877,kweeperen,4‐11‐2024,Turkije,ASYA FOOD AGF,methoxyfenozide,0.015,2.0,,CONFORM
3276,kweeperen,86896877,kweeperen,4‐11‐2024,Turkije,ASYA FOOD AGF,pyraclostrobin,0.0071,0.5,,CONFORM
3277,kweeperen,86896877,kweeperen,4‐11‐2024,Turkije,ASYA FOOD AGF,Overige bestrijdingsmiddelen,,,,CONFORM
3278,lijnzaad,99389419,lijnzaad,9‐1‐2024,Nederland,ALBERT HEIJN XL,Overige bestrijdingsmiddelen,,,,CONFORM
3279,lijnzaad,99414529,Whole Foods Flax Seeds lijnzaad,16‐1‐2024,India,LIDL,Overige bestrijdingsmiddelen,,,,CONFORM
3280,lijnzaad,99414898,Plus gebroken lijnzaad,24‐1‐2024,Landcode onbekend,COOP ALMELO,Overige bestrijdingsmiddelen,,,,CONFORM
3281,lijnzaad,99415215,Bio+ gebroken lijnzaad,30‐1‐2024,India,DIRK,Overige bestrijdingsmiddelen,,,,CONFORM
3282,lijnzaad,99415916,AH gebroken lijnzaad,7‐2‐2024,Landcode onbekend,"ALBERT HEIJN, TJ VOSSELMAN SUPERMARKT T.H.O.D.N.",chloorpyrifos‐ethyl,0.01,0.01,,CONFORM
3283,lijnzaad,99415916,AH gebroken lijnzaad,7‐2‐2024,Landcode onbekend,"ALBERT HEIJN, TJ VOSSELMAN SUPERMARKT T.H.O.D.N.",Overige bestrijdingsmiddelen,,,,CONFORM
3284,lijnzaad,99420693,Mama Nature biologisch lijnzaad heel 500gr,6‐2‐2024,Nederland,ALDI MARKT,Overige bestrijdingsmiddelen,,,,CONFORM
3285,lijnzaad,99634618,Lijnzaad,17‐1‐2024,België,PLUS DE WEERD,Overige bestrijdingsmiddelen,,,,CONFORM
3286,lijnzaad,99636246,Biologische gebroken lijnzaad,7‐2‐2024,India,DIRK VAN DER BROEK,Overige bestrijdingsmiddelen,,,,CONFORM
3287,lijnzaad,99642718,Gebroken lijnzaad,3‐1‐2024,Landcode onbekend,ALBERT HEIJN,Overige bestrijdingsmiddelen,,,,CONFORM
3288,lijnzaad,99658894,Biologische lijnzaad heel,2‐1‐2024,Landcode onbekend,ALDI MARKT,Overige bestrijdingsmiddelen,,,,CONFORM
3289,lijnzaad,99659351,BioFood biologische lijnzaad 550gr,10‐1‐2024,België,PLUS LEUSINK,Overige bestrijdingsmiddelen,,,,CONFORM
3290,lijnzaad,99659882,AH bio lijnzaad heel 500gr,17‐1‐2024,Nederland,ALBERT HEIJN,Overige bestrijdingsmiddelen,,,,CONFORM
3291,"limoenen, lemmetjes",86757885,Lime,18‐3‐2024,Brazilië,FARMHOUSE INTERNATIONAL B.V.,azoxystrobin,0.56,15.0,,CONFORM
3292,"limoenen, lemmetjes",86757885,Lime,18‐3‐2024,Brazilië,FARMHOUSE INTERNATIONAL B.V.,cyhalothrin‐lambda,0.007,0.2,,CONFORM
3293,"limoenen, lemmetjes",86757885,Lime,18‐3‐2024,Brazilië,FARMHOUSE INTERNATIONAL B.V.,fludioxonil,0.47,10.0,,CONFORM
3294,"limoenen, lemmetjes",86757885,Lime,18‐3‐2024,Brazilië,FARMHOUSE INTERNATIONAL B.V.,Overige bestrijdingsmiddelen,,,,CONFORM
3295,"limoenen, lemmetjes",86757893,Lime,18‐3‐2024,Brazilië,FARMHOUSE INTERNATIONAL B.V.,imazalil,0.78,5.0,,CONFORM
3296,"limoenen, lemmetjes",86757893,Lime,18‐3‐2024,Brazilië,FARMHOUSE INTERNATIONAL B.V.,Overige bestrijdingsmiddelen,,,,CONFORM
3297,"limoenen, lemmetjes",86770075,limoenen,4‐3‐2024,Landcode onbekend,HELLOFRESH DC PRISMALAAN,imazalil,0.83,5.0,,CONFORM
3298,"limoenen, lemmetjes",86770075,limoenen,4‐3‐2024,Landcode onbekend,HELLOFRESH DC PRISMALAAN,Overige bestrijdingsmiddelen,,,,CONFORM
3299,"limoenen, lemmetjes",86781468,Limoenen,26‐6‐2024,Brazilië,LIDL,imazalil,2.4,5.0,,CONFORM
3300,"limoenen, lemmetjes",86781468,Limoenen,26‐6‐2024,Brazilië,LIDL,pyrimethanil,0.57,8.0,,CONFORM
3301,"limoenen, lemmetjes",86781468,Limoenen,26‐6‐2024,Brazilië,LIDL,Overige bestrijdingsmiddelen,,,,CONFORM
3302,"limoenen, lemmetjes",86781972,Persian Seedless Limes,5‐9‐2024,Mexico,BROEKHOF GROENTEN EN FRUIT B.V.,azoxystrobin,0.33,15.0,,CONFORM
3303,"limoenen, lemmetjes",86781972,Persian Seedless Limes,5‐9‐2024,Mexico,BROEKHOF GROENTEN EN FRUIT B.V.,fludioxonil,0.18,10.0,,CONFORM
3304,"limoenen, lemmetjes",86781972,Persian Seedless Limes,5‐9‐2024,Mexico,BROEKHOF GROENTEN EN FRUIT B.V.,imazalil,0.39,5.0,,CONFORM
3305,"limoenen, lemmetjes",86781972,Persian Seedless Limes,5‐9‐2024,Mexico,BROEKHOF GROENTEN EN FRUIT B.V.,thiabendazool,0.29,7.0,,CONFORM
3306,"limoenen, lemmetjes",86781972,Persian Seedless Limes,5‐9‐2024,Mexico,BROEKHOF GROENTEN EN FRUIT B.V.,Overige bestrijdingsmiddelen,,,,CONFORM
3307,"limoenen, lemmetjes",86782022,Limes,11‐9‐2024,Brazilië,SUNDA B.V.,azoxystrobin,0.035,15.0,,CONFORM
3308,"limoenen, lemmetjes",86782022,Limes,11‐9‐2024,Brazilië,SUNDA B.V.,cyhalothrin‐lambda,0.0093,0.2,,CONFORM
3309,"limoenen, lemmetjes",86782022,Limes,11‐9‐2024,Brazilië,SUNDA B.V.,difenoconazool,0.012,0.6,,CONFORM
3310,"limoenen, lemmetjes",86782022,Limes,11‐9‐2024,Brazilië,SUNDA B.V.,fludioxonil,0.0085,10.0,,CONFORM
3311,"limoenen, lemmetjes",86782022,Limes,11‐9‐2024,Brazilië,SUNDA B.V.,imazalil,0.52,5.0,,CONFORM
3312,"limoenen, lemmetjes",86782022,Limes,11‐9‐2024,Brazilië,SUNDA B.V.,Overige bestrijdingsmiddelen,,,,CONFORM
3313,"limoenen, lemmetjes",86782464,fresh limes,30‐9‐2024,Brazilië,V.O.F. GROOTHANDEL W. VAN GULIK,acefaat,0.041,0.01,,NIET CONFORM
3314,"limoenen, lemmetjes",86782464,fresh limes,30‐9‐2024,Brazilië,V.O.F. GROOTHANDEL W. VAN GULIK,azoxystrobin,0.79,15.0,,CONFORM
3315,"limoenen, lemmetjes",86782464,fresh limes,30‐9‐2024,Brazilië,V.O.F. GROOTHANDEL W. VAN GULIK,bifenthrin,0.0071,0.05,,CONFORM
3316,"limoenen, lemmetjes",86782464,fresh limes,30‐9‐2024,Brazilië,V.O.F. GROOTHANDEL W. VAN GULIK,clothianidin,0.021,0.06,,CONFORM
3317,"limoenen, lemmetjes",86782464,fresh limes,30‐9‐2024,Brazilië,V.O.F. GROOTHANDEL W. VAN GULIK,difenoconazool,0.0084,0.6,,CONFORM
3318,"limoenen, lemmetjes",86782464,fresh limes,30‐9‐2024,Brazilië,V.O.F. GROOTHANDEL W. VAN GULIK,fludioxonil,0.69,10.0,,CONFORM
3319,"limoenen, lemmetjes",86782464,fresh limes,30‐9‐2024,Brazilië,V.O.F. GROOTHANDEL W. VAN GULIK,malathion (som),0.13,2.0,,CONFORM
3320,"limoenen, lemmetjes",86782464,fresh limes,30‐9‐2024,Brazilië,V.O.F. GROOTHANDEL W. VAN GULIK,pyraclostrobin,0.038,2.0,,CONFORM
3321,"limoenen, lemmetjes",86782464,fresh limes,30‐9‐2024,Brazilië,V.O.F. GROOTHANDEL W. VAN GULIK,pyriproxyfen,0.021,0.7,,CONFORM
3322,"limoenen, lemmetjes",86782464,fresh limes,30‐9‐2024,Brazilië,V.O.F. GROOTHANDEL W. VAN GULIK,Overige bestrijdingsmiddelen,,,,CONFORM
3323,"limoenen, lemmetjes",86782812,Limoenen,8‐10‐2024,Brazilië,ALDI ZOETERMEER B.V.,azoxystrobin,0.0073,15.0,,CONFORM
3324,"limoenen, lemmetjes",86782812,Limoenen,8‐10‐2024,Brazilië,ALDI ZOETERMEER B.V.,etofenprox,0.032,1.5,,CONFORM
3325,"limoenen, lemmetjes",86782812,Limoenen,8‐10‐2024,Brazilië,ALDI ZOETERMEER B.V.,imazalil,0.73,5.0,,CONFORM
3326,"limoenen, lemmetjes",86782812,Limoenen,8‐10‐2024,Brazilië,ALDI ZOETERMEER B.V.,malathion (som),0.31,2.0,,CONFORM
3327,"limoenen, lemmetjes",86782812,Limoenen,8‐10‐2024,Brazilië,ALDI ZOETERMEER B.V.,pyriproxyfen,0.013,0.7,,CONFORM
3328,"limoenen, lemmetjes",86782812,Limoenen,8‐10‐2024,Brazilië,ALDI ZOETERMEER B.V.,tebuconazool,0.02,5.0,,CONFORM
3329,"limoenen, lemmetjes",86782812,Limoenen,8‐10‐2024,Brazilië,ALDI ZOETERMEER B.V.,Overige bestrijdingsmiddelen,,,,CONFORM
3330,"limoenen, lemmetjes",86798123,Seedles Limes,15‐4‐2024,Brazilië,BAKKER CENTRALE INKOOP,Overige bestrijdingsmiddelen,,,,CONFORM
3331,"limoenen, lemmetjes",86803461,6256 Limoenen,14‐2‐2024,Brazilië,ALDI ZOETERMEER B.V.,azoxystrobin,0.073,15.0,,CONFORM
3332,"limoenen, lemmetjes",86803461,6256 Limoenen,14‐2‐2024,Brazilië,ALDI ZOETERMEER B.V.,carbendazim,0.017,0.7,,CONFORM
3333,"limoenen, lemmetjes",86803461,6256 Limoenen,14‐2‐2024,Brazilië,ALDI ZOETERMEER B.V.,cyhalothrin‐lambda,0.0077,0.2,,CONFORM
3334,"limoenen, lemmetjes",86803461,6256 Limoenen,14‐2‐2024,Brazilië,ALDI ZOETERMEER B.V.,fludioxonil,0.056,10.0,,CONFORM
3335,"limoenen, lemmetjes",86803461,6256 Limoenen,14‐2‐2024,Brazilië,ALDI ZOETERMEER B.V.,imazalil,2.3,5.0,,CONFORM
3336,"limoenen, lemmetjes",86803461,6256 Limoenen,14‐2‐2024,Brazilië,ALDI ZOETERMEER B.V.,propamocarb,0.0082,0.01,,CONFORM
3337,"limoenen, lemmetjes",86803461,6256 Limoenen,14‐2‐2024,Brazilië,ALDI ZOETERMEER B.V.,pyriproxyfen,0.0061,0.6,,CONFORM
3338,"limoenen, lemmetjes",86803461,6256 Limoenen,14‐2‐2024,Brazilië,ALDI ZOETERMEER B.V.,tebuconazool,0.018,5.0,,CONFORM
3339,"limoenen, lemmetjes",86803461,6256 Limoenen,14‐2‐2024,Brazilië,ALDI ZOETERMEER B.V.,Overige bestrijdingsmiddelen,,,,CONFORM
3340,"limoenen, lemmetjes",86808854,limes,30‐9‐2024,Brazilië,IBRAHIM GROENTE GROOTHANDEL B.V.,azoxystrobin,0.017,15.0,,CONFORM
3341,"limoenen, lemmetjes",86808854,limes,30‐9‐2024,Brazilië,IBRAHIM GROENTE GROOTHANDEL B.V.,fenpropathrin,0.028,2.0,,CONFORM
3342,"limoenen, lemmetjes",86808854,limes,30‐9‐2024,Brazilië,IBRAHIM GROENTE GROOTHANDEL B.V.,imazalil,2.5,5.0,,CONFORM
3343,"limoenen, lemmetjes",86808854,limes,30‐9‐2024,Brazilië,IBRAHIM GROENTE GROOTHANDEL B.V.,malathion (som),0.2,2.0,,CONFORM
3344,"limoenen, lemmetjes",86808854,limes,30‐9‐2024,Brazilië,IBRAHIM GROENTE GROOTHANDEL B.V.,pyraclostrobin,0.0089,2.0,,CONFORM
3345,"limoenen, lemmetjes",86808854,limes,30‐9‐2024,Brazilië,IBRAHIM GROENTE GROOTHANDEL B.V.,pyriproxyfen,0.0095,0.7,,CONFORM
3346,"limoenen, lemmetjes",86808854,limes,30‐9‐2024,Brazilië,IBRAHIM GROENTE GROOTHANDEL B.V.,Overige bestrijdingsmiddelen,,,,CONFORM
3347,"limoenen, lemmetjes",86815621,limes,13‐5‐2024,Brazilië,RUSTENBURG GROOTHANDEL B.V.,imazalil,0.16,5.0,,CONFORM
3348,"limoenen, lemmetjes",86815621,limes,13‐5‐2024,Brazilië,RUSTENBURG GROOTHANDEL B.V.,Overige bestrijdingsmiddelen,,,,CONFORM
3349,"limoenen, lemmetjes",86822431,Limes,29‐4‐2024,Brazilië,VAN DEN BOS FRESHPARTNERS,azoxystrobin,0.55,15.0,,CONFORM
3350,"limoenen, lemmetjes",86822431,Limes,29‐4‐2024,Brazilië,VAN DEN BOS FRESHPARTNERS,cyhalothrin‐lambda,0.0092,0.2,,CONFORM
3351,"limoenen, lemmetjes",86822431,Limes,29‐4‐2024,Brazilië,VAN DEN BOS FRESHPARTNERS,fludioxonil,0.46,10.0,,CONFORM
3352,"limoenen, lemmetjes",86822431,Limes,29‐4‐2024,Brazilië,VAN DEN BOS FRESHPARTNERS,Overige bestrijdingsmiddelen,,,,CONFORM
3353,"limoenen, lemmetjes",86823519,Limes,3‐6‐2024,Brazilië,BOON FOOD GROUP BV,azoxystrobin,0.012,15.0,,CONFORM
3354,"limoenen, lemmetjes",86823519,Limes,3‐6‐2024,Brazilië,BOON FOOD GROUP BV,difenoconazool,0.0086,0.6,,CONFORM
3355,"limoenen, lemmetjes",86823519,Limes,3‐6‐2024,Brazilië,BOON FOOD GROUP BV,imazalil,1.8,5.0,,CONFORM
3356,"limoenen, lemmetjes",86823519,Limes,3‐6‐2024,Brazilië,BOON FOOD GROUP BV,Overige bestrijdingsmiddelen,,,,CONFORM
3357,"limoenen, lemmetjes",86844206,Tahiti Limes,4‐11‐2024,Brazilië,JUNIOR FRUIT B.V.,azoxystrobin,0.79,15.0,,CONFORM
3358,"limoenen, lemmetjes",86844206,Tahiti Limes,4‐11‐2024,Brazilië,JUNIOR FRUIT B.V.,chloorpyrifos‐ethyl,0.012,0.01,,NIET CONFORM*
3359,"limoenen, lemmetjes",86844206,Tahiti Limes,4‐11‐2024,Brazilië,JUNIOR FRUIT B.V.,fludioxonil,0.61,10.0,,CONFORM
3360,"limoenen, lemmetjes",86844206,Tahiti Limes,4‐11‐2024,Brazilië,JUNIOR FRUIT B.V.,imazalil,0.048,5.0,,CONFORM
3361,"limoenen, lemmetjes",86844206,Tahiti Limes,4‐11‐2024,Brazilië,JUNIOR FRUIT B.V.,pyriproxyfen,0.017,0.7,,CONFORM
3362,"limoenen, lemmetjes",86844206,Tahiti Limes,4‐11‐2024,Brazilië,JUNIOR FRUIT B.V.,Overige bestrijdingsmiddelen,,,,CONFORM
3363,"limoenen, lemmetjes",86844222,Lime,4‐11‐2024,Brazilië,JUNIOR FRUIT B.V.,azoxystrobin,0.3,15.0,,CONFORM
3364,"limoenen, lemmetjes",86844222,Lime,4‐11‐2024,Brazilië,JUNIOR FRUIT B.V.,cypermethrin,0.017,2.0,,CONFORM
3365,"limoenen, lemmetjes",86844222,Lime,4‐11‐2024,Brazilië,JUNIOR FRUIT B.V.,fludioxonil,0.25,10.0,,CONFORM
3366,"limoenen, lemmetjes",86844222,Lime,4‐11‐2024,Brazilië,JUNIOR FRUIT B.V.,fosmet,0.0081,0.01,,CONFORM
3367,"limoenen, lemmetjes",86844222,Lime,4‐11‐2024,Brazilië,JUNIOR FRUIT B.V.,imazalil,0.3,5.0,,CONFORM
3368,"limoenen, lemmetjes",86844222,Lime,4‐11‐2024,Brazilië,JUNIOR FRUIT B.V.,imidacloprid,0.015,0.9,,CONFORM
3369,"limoenen, lemmetjes",86844222,Lime,4‐11‐2024,Brazilië,JUNIOR FRUIT B.V.,tebuconazool,0.05,5.0,,CONFORM
3370,"limoenen, lemmetjes",86844222,Lime,4‐11‐2024,Brazilië,JUNIOR FRUIT B.V.,Overige bestrijdingsmiddelen,,,,CONFORM
3371,"limoenen, lemmetjes",86844583,Tahti Limes,12‐11‐2024,Brazilië,REIS IM EXPORT,azoxystrobin,0.018,15.0,,CONFORM
3372,"limoenen, lemmetjes",86844583,Tahti Limes,12‐11‐2024,Brazilië,REIS IM EXPORT,difenoconazool,0.0064,0.6,,CONFORM
3373,"limoenen, lemmetjes",86844583,Tahti Limes,12‐11‐2024,Brazilië,REIS IM EXPORT,imazalil,1.1,5.0,,CONFORM
3374,"limoenen, lemmetjes",86844583,Tahti Limes,12‐11‐2024,Brazilië,REIS IM EXPORT,malathion (som),0.043,2.0,,CONFORM
3375,"limoenen, lemmetjes",86844583,Tahti Limes,12‐11‐2024,Brazilië,REIS IM EXPORT,pyraclostrobin,0.0083,2.0,,CONFORM
3376,"limoenen, lemmetjes",86844583,Tahti Limes,12‐11‐2024,Brazilië,REIS IM EXPORT,pyriproxyfen,0.024,0.7,,CONFORM
3377,"limoenen, lemmetjes",86844583,Tahti Limes,12‐11‐2024,Brazilië,REIS IM EXPORT,Overige bestrijdingsmiddelen,,,,CONFORM
3378,"limoenen, lemmetjes",86845563,Limoenen,18‐11‐2024,Brazilië,JAGGOE IMPORT,acetamiprid,0.007,0.9,,CONFORM
3379,"limoenen, lemmetjes",86845563,Limoenen,18‐11‐2024,Brazilië,JAGGOE IMPORT,azoxystrobin,0.31,15.0,,CONFORM
3380,"limoenen, lemmetjes",86845563,Limoenen,18‐11‐2024,Brazilië,JAGGOE IMPORT,fludioxonil,0.26,10.0,,CONFORM
3381,"limoenen, lemmetjes",86845563,Limoenen,18‐11‐2024,Brazilië,JAGGOE IMPORT,imazalil,0.48,5.0,,CONFORM
3382,"limoenen, lemmetjes",86845563,Limoenen,18‐11‐2024,Brazilië,JAGGOE IMPORT,malathion (som),0.091,2.0,,CONFORM
3383,"limoenen, lemmetjes",86845563,Limoenen,18‐11‐2024,Brazilië,JAGGOE IMPORT,pyrimethanil,0.11,8.0,,CONFORM
3384,"limoenen, lemmetjes",86845563,Limoenen,18‐11‐2024,Brazilië,JAGGOE IMPORT,pyriproxyfen,0.0057,0.7,,CONFORM
3385,"limoenen, lemmetjes",86845563,Limoenen,18‐11‐2024,Brazilië,JAGGOE IMPORT,Overige bestrijdingsmiddelen,,,,CONFORM
3386,"limoenen, lemmetjes",86845679,Limes,19‐11‐2024,Brazilië,VAN GEEST INTERNATIONAL B.V.,acetamiprid,0.0082,0.9,,CONFORM
3387,"limoenen, lemmetjes",86845679,Limes,19‐11‐2024,Brazilië,VAN GEEST INTERNATIONAL B.V.,bifenthrin,0.018,0.05,,CONFORM
3388,"limoenen, lemmetjes",86845679,Limes,19‐11‐2024,Brazilië,VAN GEEST INTERNATIONAL B.V.,imazalil,1.9,5.0,,CONFORM
3389,"limoenen, lemmetjes",86845679,Limes,19‐11‐2024,Brazilië,VAN GEEST INTERNATIONAL B.V.,pyriproxyfen,0.0062,0.7,,CONFORM
3390,"limoenen, lemmetjes",86845679,Limes,19‐11‐2024,Brazilië,VAN GEEST INTERNATIONAL B.V.,Overige bestrijdingsmiddelen,,,,CONFORM
3391,"limoenen, lemmetjes",86850524,Limes,16‐10‐2024,Brazilië,FIRMA VEENVLIET,azoxystrobin,0.018,15.0,,CONFORM
3392,"limoenen, lemmetjes",86850524,Limes,16‐10‐2024,Brazilië,FIRMA VEENVLIET,cyhalothrin‐lambda,0.043,0.2,,CONFORM
3393,"limoenen, lemmetjes",86850524,Limes,16‐10‐2024,Brazilië,FIRMA VEENVLIET,fludioxonil,1.2,10.0,,CONFORM
3394,"limoenen, lemmetjes",86850524,Limes,16‐10‐2024,Brazilië,FIRMA VEENVLIET,imazalil,0.19,5.0,,CONFORM
3395,"limoenen, lemmetjes",86850524,Limes,16‐10‐2024,Brazilië,FIRMA VEENVLIET,malathion (som),0.2,2.0,,CONFORM
3396,"limoenen, lemmetjes",86850524,Limes,16‐10‐2024,Brazilië,FIRMA VEENVLIET,pyridaben,0.0058,0.3,,CONFORM
3397,"limoenen, lemmetjes",86850524,Limes,16‐10‐2024,Brazilië,FIRMA VEENVLIET,tebuconazool,0.11,5.0,,CONFORM
3398,"limoenen, lemmetjes",86850524,Limes,16‐10‐2024,Brazilië,FIRMA VEENVLIET,trifloxystrobin,0.033,0.5,,CONFORM
3399,"limoenen, lemmetjes",86850524,Limes,16‐10‐2024,Brazilië,FIRMA VEENVLIET,Overige bestrijdingsmiddelen,,,,CONFORM
3400,"limoenen, lemmetjes",86850818,Lemon,16‐10‐2024,Turkije,FIRMA VEENVLIET,azoxystrobin,0.01,15.0,,CONFORM
3401,"limoenen, lemmetjes",86850818,Lemon,16‐10‐2024,Turkije,FIRMA VEENVLIET,bifenazaat (som),0.0059,0.01,,CONFORM
3402,"limoenen, lemmetjes",86850818,Lemon,16‐10‐2024,Turkije,FIRMA VEENVLIET,fenylfenol‐2,0.11,10.0,,CONFORM
3403,"limoenen, lemmetjes",86850818,Lemon,16‐10‐2024,Turkije,FIRMA VEENVLIET,imazalil,0.41,5.0,,CONFORM
3404,"limoenen, lemmetjes",86850818,Lemon,16‐10‐2024,Turkije,FIRMA VEENVLIET,malathion (som),0.059,2.0,,CONFORM
3405,"limoenen, lemmetjes",86850818,Lemon,16‐10‐2024,Turkije,FIRMA VEENVLIET,pyrimethanil,0.078,8.0,,CONFORM
3406,"limoenen, lemmetjes",86850818,Lemon,16‐10‐2024,Turkije,FIRMA VEENVLIET,spirotetramat (som),0.021,0.5,,CONFORM
3407,"limoenen, lemmetjes",86850818,Lemon,16‐10‐2024,Turkije,FIRMA VEENVLIET,Overige bestrijdingsmiddelen,,,,CONFORM
3408,"limoenen, lemmetjes",86851121,Limoenen,31‐10‐2024,Brazilië,WILKO FRUIT B.V.,azoxystrobin,0.037,15.0,,CONFORM
3409,"limoenen, lemmetjes",86851121,Limoenen,31‐10‐2024,Brazilië,WILKO FRUIT B.V.,etofenprox,0.012,1.5,,CONFORM
3410,"limoenen, lemmetjes",86851121,Limoenen,31‐10‐2024,Brazilië,WILKO FRUIT B.V.,fludioxonil,0.25,10.0,,CONFORM
3411,"limoenen, lemmetjes",86851121,Limoenen,31‐10‐2024,Brazilië,WILKO FRUIT B.V.,imazalil,1.5,5.0,,CONFORM
3412,"limoenen, lemmetjes",86851121,Limoenen,31‐10‐2024,Brazilië,WILKO FRUIT B.V.,malathion (som),0.021,2.0,,CONFORM
3413,"limoenen, lemmetjes",86851121,Limoenen,31‐10‐2024,Brazilië,WILKO FRUIT B.V.,Overige bestrijdingsmiddelen,,,,CONFORM
3414,"limoenen, lemmetjes",86869179,limoenen,17‐6‐2024,Brazilië,JUMBO DISTRIBUTIECENTRUM,azoxystrobin,0.049,15.0,,CONFORM
3415,"limoenen, lemmetjes",86869179,limoenen,17‐6‐2024,Brazilië,JUMBO DISTRIBUTIECENTRUM,fludioxonil,0.029,10.0,,CONFORM
3416,"limoenen, lemmetjes",86869179,limoenen,17‐6‐2024,Brazilië,JUMBO DISTRIBUTIECENTRUM,imazalil,1.6,5.0,,CONFORM
3417,"limoenen, lemmetjes",86869179,limoenen,17‐6‐2024,Brazilië,JUMBO DISTRIBUTIECENTRUM,malathion (som),0.021,2.0,,CONFORM
3418,"limoenen, lemmetjes",86869179,limoenen,17‐6‐2024,Brazilië,JUMBO DISTRIBUTIECENTRUM,pyriproxyfen,0.0062,0.7,,CONFORM
3419,"limoenen, lemmetjes",86869179,limoenen,17‐6‐2024,Brazilië,JUMBO DISTRIBUTIECENTRUM,tebuconazool,0.0064,5.0,,CONFORM
3420,"limoenen, lemmetjes",86869179,limoenen,17‐6‐2024,Brazilië,JUMBO DISTRIBUTIECENTRUM,Overige bestrijdingsmiddelen,,,,CONFORM
3421,"limoenen, lemmetjes",86924757,Limoenen,22‐5‐2024,Brazilië,COOP SUPERMARKTEN,azoxystrobin,0.044,15.0,,CONFORM
3422,"limoenen, lemmetjes",86924757,Limoenen,22‐5‐2024,Brazilië,COOP SUPERMARKTEN,cyhalothrin‐lambda,0.018,0.2,,CONFORM
3423,"limoenen, lemmetjes",86924757,Limoenen,22‐5‐2024,Brazilië,COOP SUPERMARKTEN,etofenprox,0.0077,1.5,,CONFORM
3424,"limoenen, lemmetjes",86924757,Limoenen,22‐5‐2024,Brazilië,COOP SUPERMARKTEN,fludioxonil,0.018,10.0,,CONFORM
3425,"limoenen, lemmetjes",86924757,Limoenen,22‐5‐2024,Brazilië,COOP SUPERMARKTEN,imazalil,2.6,5.0,,CONFORM
3426,"limoenen, lemmetjes",86924757,Limoenen,22‐5‐2024,Brazilië,COOP SUPERMARKTEN,pyriproxyfen,0.0093,0.7,,CONFORM
3427,"limoenen, lemmetjes",86924757,Limoenen,22‐5‐2024,Brazilië,COOP SUPERMARKTEN,Overige bestrijdingsmiddelen,,,,CONFORM
3428,"limoenen, lemmetjes",86955431,Limes,23‐1‐2024,Brazilië,FRESH2YOU B.V.,acetamiprid,0.0092,0.9,,CONFORM
3429,"limoenen, lemmetjes",86955431,Limes,23‐1‐2024,Brazilië,FRESH2YOU B.V.,azoxystrobin,0.071,15.0,,CONFORM
3430,"limoenen, lemmetjes",86955431,Limes,23‐1‐2024,Brazilië,FRESH2YOU B.V.,fludioxonil,0.04,10.0,,CONFORM
3431,"limoenen, lemmetjes",86955431,Limes,23‐1‐2024,Brazilië,FRESH2YOU B.V.,imazalil,0.88,5.0,,CONFORM
3432,"limoenen, lemmetjes",86955431,Limes,23‐1‐2024,Brazilië,FRESH2YOU B.V.,malathion (som),0.026,2.0,,CONFORM
3433,"limoenen, lemmetjes",86955431,Limes,23‐1‐2024,Brazilië,FRESH2YOU B.V.,Overige bestrijdingsmiddelen,,,,CONFORM
3434,"limoenen, lemmetjes",86955504,Limes,23‐1‐2024,Brazilië,FRUITFACTOR B.V.,azoxystrobin,0.9,15.0,,CONFORM
3435,"limoenen, lemmetjes",86955504,Limes,23‐1‐2024,Brazilië,FRUITFACTOR B.V.,fludioxonil,0.74,10.0,,CONFORM
3436,"limoenen, lemmetjes",86955504,Limes,23‐1‐2024,Brazilië,FRUITFACTOR B.V.,malathion (som),0.023,2.0,,CONFORM
3437,"limoenen, lemmetjes",86955504,Limes,23‐1‐2024,Brazilië,FRUITFACTOR B.V.,Overige bestrijdingsmiddelen,,,,CONFORM
3438,"limoenen, lemmetjes",86960591,Bio limoenen,17‐9‐2024,Colombia,DISTRIBUTIECENTRUM ALBERT HEIJN,Overige bestrijdingsmiddelen,,,,CONFORM
3439,"limoenen, lemmetjes",86998696,limoenen,16‐10‐2024,Brazilië,ASIA EXPRESS FOOD B.V.,azoxystrobin,1.2,15.0,,CONFORM
3440,"limoenen, lemmetjes",86998696,limoenen,16‐10‐2024,Brazilië,ASIA EXPRESS FOOD B.V.,fludioxonil,1.0,10.0,,CONFORM
3441,"limoenen, lemmetjes",86998696,limoenen,16‐10‐2024,Brazilië,ASIA EXPRESS FOOD B.V.,imazalil,0.081,5.0,,CONFORM
3442,"limoenen, lemmetjes",86998696,limoenen,16‐10‐2024,Brazilië,ASIA EXPRESS FOOD B.V.,lufenuron,0.014,0.4,,CONFORM
3443,"limoenen, lemmetjes",86998696,limoenen,16‐10‐2024,Brazilië,ASIA EXPRESS FOOD B.V.,malathion (som),0.054,2.0,,CONFORM
3444,"limoenen, lemmetjes",86998696,limoenen,16‐10‐2024,Brazilië,ASIA EXPRESS FOOD B.V.,profenofos,0.025,0.01,,NIET CONFORM
3445,"limoenen, lemmetjes",86998696,limoenen,16‐10‐2024,Brazilië,ASIA EXPRESS FOOD B.V.,pyriproxyfen,0.04,0.7,,CONFORM
3446,"limoenen, lemmetjes",86998696,limoenen,16‐10‐2024,Brazilië,ASIA EXPRESS FOOD B.V.,Overige bestrijdingsmiddelen,,,,CONFORM
3447,linzen (droog),86775409,Linzen Groen Bio,29‐7‐2024,Landcode onbekend,DE NOTENSHOP,Overige bestrijdingsmiddelen,,,,CONFORM
3448,linzen (droog),86775417,Linzen Rood Split Bio,29‐7‐2024,Landcode onbekend,DE NOTENSHOP,Overige bestrijdingsmiddelen,,,,CONFORM
3449,linzen (droog),86775468,Linzen Bruin Bio,29‐7‐2024,Landcode onbekend,DE NOTENSHOP,Overige bestrijdingsmiddelen,,,,CONFORM
3450,linzen (droog),86775492,Beluga Linzen,29‐7‐2024,Canada,DE NOTENSHOP,Overige bestrijdingsmiddelen,,,,CONFORM
3451,linzen (droog),86796023,rode linzen,29‐7‐2024,Egypte,ALASEEL V.O.F.,carbendazim,0.043,0.1,,CONFORM
3452,linzen (droog),86796023,rode linzen,29‐7‐2024,Egypte,ALASEEL V.O.F.,procymidon,0.22,0.01,,NIET CONFORM
3453,linzen (droog),86796023,rode linzen,29‐7‐2024,Egypte,ALASEEL V.O.F.,Overige bestrijdingsmiddelen,,,,CONFORM
3454,linzen (droog),86893827,Gedroogde linzen,30‐7‐2024,Nederland,DISTRIBUTIECENTRUM ALBERT HEIJN,"2,4‐D",0.15,0.05,,NIET CONFORM
3455,linzen (droog),86893827,Gedroogde linzen,30‐7‐2024,Nederland,DISTRIBUTIECENTRUM ALBERT HEIJN,carbendazim,0.0087,0.1,,CONFORM
3456,linzen (droog),86893827,Gedroogde linzen,30‐7‐2024,Nederland,DISTRIBUTIECENTRUM ALBERT HEIJN,fluxapyroxad,0.0089,0.4,,CONFORM
3457,linzen (droog),86893827,Gedroogde linzen,30‐7‐2024,Nederland,DISTRIBUTIECENTRUM ALBERT HEIJN,Overige bestrijdingsmiddelen,,,,CONFORM
3458,linzen (droog),86962349,Linzen bio.,23‐7‐2024,Turkije,KREMER ZADEN B.V.,Overige bestrijdingsmiddelen,,,,CONFORM
3459,longans,86798913,Longan,29‐4‐2024,Thailand,MITROFRESH,azoxystrobin,0.038,0.01,,NIET CONFORM
3460,longans,86798913,Longan,29‐4‐2024,Thailand,MITROFRESH,buprofezin,0.039,0.01,,NIET CONFORM
3461,longans,86798913,Longan,29‐4‐2024,Thailand,MITROFRESH,carbendazim,0.92,0.1,,NIET CONFORM
3462,longans,86798913,Longan,29‐4‐2024,Thailand,MITROFRESH,chloorfenapyr,0.032,0.01,,NIET CONFORM
3463,longans,86798913,Longan,29‐4‐2024,Thailand,MITROFRESH,cyhalothrin‐lambda,0.024,0.01,,NIET CONFORM
3464,longans,86798913,Longan,29‐4‐2024,Thailand,MITROFRESH,cypermethrin,0.018,2.0,,CONFORM
3465,longans,86798913,Longan,29‐4‐2024,Thailand,MITROFRESH,diazinon,0.029,0.01,,NIET CONFORM
3466,longans,86798913,Longan,29‐4‐2024,Thailand,MITROFRESH,difenoconazool,0.068,0.1,,CONFORM
3467,longans,86798913,Longan,29‐4‐2024,Thailand,MITROFRESH,dimethoaat,0.026,0.01,,NIET CONFORM
3468,longans,86798913,Longan,29‐4‐2024,Thailand,MITROFRESH,hexaconazool,0.02,0.01,,NIET CONFORM*
3469,longans,86798913,Longan,29‐4‐2024,Thailand,MITROFRESH,imidacloprid,0.044,0.01,,NIET CONFORM
3470,longans,86798913,Longan,29‐4‐2024,Thailand,MITROFRESH,malathion (som),0.0054,0.02,,CONFORM
3471,longans,86798913,Longan,29‐4‐2024,Thailand,MITROFRESH,omethoaat,0.018,0.01,,NIET CONFORM*
3472,longans,86798913,Longan,29‐4‐2024,Thailand,MITROFRESH,profenofos,0.06,0.01,,NIET CONFORM
3473,longans,86798913,Longan,29‐4‐2024,Thailand,MITROFRESH,propiconazool,0.062,0.01,,NIET CONFORM
3474,longans,86798913,Longan,29‐4‐2024,Thailand,MITROFRESH,pyridaben,0.0052,0.01,,CONFORM
3475,longans,86798913,Longan,29‐4‐2024,Thailand,MITROFRESH,tetraconazool,0.011,0.01,,NIET CONFORM*
3476,longans,86798913,Longan,29‐4‐2024,Thailand,MITROFRESH,thiamethoxam,0.014,0.01,,NIET CONFORM*
3477,longans,86798913,Longan,29‐4‐2024,Thailand,MITROFRESH,triazofos,0.063,0.01,,NIET CONFORM
3478,longans,86798913,Longan,29‐4‐2024,Thailand,MITROFRESH,Overige bestrijdingsmiddelen,,,,CONFORM
3479,lychees,86805219,Lychee,23‐4‐2024,Vietnam,W. KARSTEN (CEKA),azoxystrobin,0.43,0.01,,NIET CONFORM
3480,lychees,86805219,Lychee,23‐4‐2024,Vietnam,W. KARSTEN (CEKA),chloorfenapyr,0.022,0.01,,NIET CONFORM
3481,lychees,86805219,Lychee,23‐4‐2024,Vietnam,W. KARSTEN (CEKA),chloorpyrifos‐ethyl,0.018,0.01,,NIET CONFORM*
3482,lychees,86805219,Lychee,23‐4‐2024,Vietnam,W. KARSTEN (CEKA),chloorpyrifos‐methyl,0.018,0.01,,NIET CONFORM*
3483,lychees,86805219,Lychee,23‐4‐2024,Vietnam,W. KARSTEN (CEKA),clothianidin,0.028,0.01,,NIET CONFORM
3484,lychees,86805219,Lychee,23‐4‐2024,Vietnam,W. KARSTEN (CEKA),cyhalothrin‐lambda,0.01,0.01,,CONFORM
3485,lychees,86805219,Lychee,23‐4‐2024,Vietnam,W. KARSTEN (CEKA),cypermethrin,0.24,2.0,,CONFORM
3486,lychees,86805219,Lychee,23‐4‐2024,Vietnam,W. KARSTEN (CEKA),difenoconazool,0.22,0.1,,NIET CONFORM
3487,lychees,86805219,Lychee,23‐4‐2024,Vietnam,W. KARSTEN (CEKA),hexaconazool,0.0083,0.01,,CONFORM
3488,lychees,86805219,Lychee,23‐4‐2024,Vietnam,W. KARSTEN (CEKA),imidacloprid,0.07,0.01,,NIET CONFORM
3489,lychees,86805219,Lychee,23‐4‐2024,Vietnam,W. KARSTEN (CEKA),indoxacarb,0.023,0.02,,NIET CONFORM*
3490,lychees,86805219,Lychee,23‐4‐2024,Vietnam,W. KARSTEN (CEKA),permethrin,0.19,0.05,,NIET CONFORM
3491,lychees,86805219,Lychee,23‐4‐2024,Vietnam,W. KARSTEN (CEKA),profenofos,0.041,0.01,,NIET CONFORM
3492,lychees,86805219,Lychee,23‐4‐2024,Vietnam,W. KARSTEN (CEKA),propiconazool,0.0063,0.01,,CONFORM
3493,lychees,86805219,Lychee,23‐4‐2024,Vietnam,W. KARSTEN (CEKA),thiamethoxam,0.0084,0.01,,CONFORM
3494,lychees,86805219,Lychee,23‐4‐2024,Vietnam,W. KARSTEN (CEKA),Overige bestrijdingsmiddelen,,,,CONFORM
3495,macadamianoten,86787431,macadamia,22‐1‐2024,Landcode onbekend,KOPPEJAN NOTEN B.V.,Overige bestrijdingsmiddelen,,,,CONFORM
3496,macadamianoten,86798107,Macadamia noten,11‐4‐2024,Landcode onbekend,BAS BOER,Overige bestrijdingsmiddelen,,,,CONFORM
3497,macadamianoten,86804468,geroosterde macadamia gezouten,26‐3‐2024,Landcode onbekend,DC COOP,Overige bestrijdingsmiddelen,,,,CONFORM
3498,mais,86783096,Euromais,11‐10‐2024,Frankrijk,CODRICO ROTTERDAM B.V.,Overige bestrijdingsmiddelen,,,,CONFORM
3499,mais,86783118,Maisgries SAMPLE 1905158,11‐10‐2024,België,CODRICO ROTTERDAM B.V.,pirimifos‐methyl,0.018,0.5,,CONFORM
3500,mais,86783118,Maisgries SAMPLE 1905158,11‐10‐2024,België,CODRICO ROTTERDAM B.V.,Overige bestrijdingsmiddelen,,,,CONFORM
3501,mais,86783126,Maisgries SAMPLE 1905159,11‐10‐2024,Hongarije,CODRICO ROTTERDAM B.V.,Overige bestrijdingsmiddelen,,,,CONFORM
3502,mais,86832569,baby mais,24‐10‐2024,Thailand,STAAY‐VAN RIJN,Overige bestrijdingsmiddelen,,,,CONFORM
3503,mais,86832577,maiskolven,24‐10‐2024,Thailand,STAAY‐VAN RIJN,Overige bestrijdingsmiddelen,,,,CONFORM
3504,mais,86832798,mais kolven,28‐10‐2024,Spanje,COMBILO B.V.,Overige bestrijdingsmiddelen,,,,CONFORM
3505,mais,86961229,polenta maisgries bio,8‐10‐2024,Landcode onbekend,ODIN DE NIEUWE BAND B.V.,Overige bestrijdingsmiddelen,,,,CONFORM
3506,mais,86961245,mailmeel uit de volle korrel. bio,8‐10‐2024,Landcode onbekend,ODIN DE NIEUWE BAND B.V.,Overige bestrijdingsmiddelen,,,,CONFORM
3507,mais,86998319,popcorn mais,9‐10‐2024,Landcode onbekend,POIESZ SUPERMARKTEN SNEEK B.V.,Overige bestrijdingsmiddelen,,,,CONFORM
3508,mais,86998564,mais zetmeel,15‐10‐2024,Nederland,ALDI GRONINGEN B.V.,Overige bestrijdingsmiddelen,,,,CONFORM
3509,mandarijnen,86757966,Tang Gold,20‐3‐2024,Spanje,O. SMEDING EN ZOON B.V.,fenpyroximaat,0.0065,0.5,,CONFORM
3510,mandarijnen,86757966,Tang Gold,20‐3‐2024,Spanje,O. SMEDING EN ZOON B.V.,fenylfenol‐2,0.93,10.0,,CONFORM
3511,mandarijnen,86757966,Tang Gold,20‐3‐2024,Spanje,O. SMEDING EN ZOON B.V.,imazalil,3.5,5.0,,CONFORM
3512,mandarijnen,86757966,Tang Gold,20‐3‐2024,Spanje,O. SMEDING EN ZOON B.V.,pyrimethanil,0.5,8.0,,CONFORM
3513,mandarijnen,86757966,Tang Gold,20‐3‐2024,Spanje,O. SMEDING EN ZOON B.V.,spirotetramat (som),0.04,0.5,,CONFORM
3514,mandarijnen,86757966,Tang Gold,20‐3‐2024,Spanje,O. SMEDING EN ZOON B.V.,Overige bestrijdingsmiddelen,,,,CONFORM
3515,mandarijnen,86759136,Biologische mandarijnen,15‐4‐2024,Spanje,HOLLANDER BARENDRECHT B.V.,Overige bestrijdingsmiddelen,,,,CONFORM
3516,mandarijnen,86782014,Nadorcott,11‐9‐2024,Zuid Afrika,SUNDA B.V.,"2,4‐D",0.17,1.0,,CONFORM
3517,mandarijnen,86782014,Nadorcott,11‐9‐2024,Zuid Afrika,SUNDA B.V.,azoxystrobin,0.016,15.0,,CONFORM
3518,mandarijnen,86782014,Nadorcott,11‐9‐2024,Zuid Afrika,SUNDA B.V.,imazalil,2.1,5.0,,CONFORM
3519,mandarijnen,86782014,Nadorcott,11‐9‐2024,Zuid Afrika,SUNDA B.V.,malathion (som),0.0079,2.0,,CONFORM
3520,mandarijnen,86782014,Nadorcott,11‐9‐2024,Zuid Afrika,SUNDA B.V.,methoxyfenozide,0.021,2.0,,CONFORM
3521,mandarijnen,86782014,Nadorcott,11‐9‐2024,Zuid Afrika,SUNDA B.V.,pyrimethanil,0.77,8.0,,CONFORM
3522,mandarijnen,86782014,Nadorcott,11‐9‐2024,Zuid Afrika,SUNDA B.V.,spirotetramat (som),0.01,0.5,,CONFORM
3523,mandarijnen,86782014,Nadorcott,11‐9‐2024,Zuid Afrika,SUNDA B.V.,thiabendazool,0.89,7.0,,CONFORM
3524,mandarijnen,86782014,Nadorcott,11‐9‐2024,Zuid Afrika,SUNDA B.V.,Overige bestrijdingsmiddelen,,,,CONFORM
3525,mandarijnen,86798018,Mandarijnen ORRI,15‐4‐2024,Spanje,BAKKER CENTRALE INKOOP,imazalil,1.2,5.0,,CONFORM
3526,mandarijnen,86798018,Mandarijnen ORRI,15‐4‐2024,Spanje,BAKKER CENTRALE INKOOP,pyridaben,0.0085,0.3,,CONFORM
3527,mandarijnen,86798018,Mandarijnen ORRI,15‐4‐2024,Spanje,BAKKER CENTRALE INKOOP,pyrimethanil,0.78,8.0,,CONFORM
3528,mandarijnen,86798018,Mandarijnen ORRI,15‐4‐2024,Spanje,BAKKER CENTRALE INKOOP,thiabendazool,0.015,7.0,,CONFORM
3529,mandarijnen,86798018,Mandarijnen ORRI,15‐4‐2024,Spanje,BAKKER CENTRALE INKOOP,Overige bestrijdingsmiddelen,,,,CONFORM
3530,mandarijnen,86801434,Nadocott,19‐8‐2024,Peru,HALUCO B.V.,fenylfenol‐2,0.85,10.0,,CONFORM
3531,mandarijnen,86801434,Nadocott,19‐8‐2024,Peru,HALUCO B.V.,imazalil,1.6,5.0,,CONFORM
3532,mandarijnen,86801434,Nadocott,19‐8‐2024,Peru,HALUCO B.V.,pyrimethanil,1.4,8.0,,CONFORM
3533,mandarijnen,86801434,Nadocott,19‐8‐2024,Peru,HALUCO B.V.,pyriproxyfen,0.0069,0.7,,CONFORM
3534,mandarijnen,86801434,Nadocott,19‐8‐2024,Peru,HALUCO B.V.,thiabendazool,1.5,7.0,,CONFORM
3535,mandarijnen,86801434,Nadocott,19‐8‐2024,Peru,HALUCO B.V.,Overige bestrijdingsmiddelen,,,,CONFORM
3536,mandarijnen,86805391,mandarijnen,28‐5‐2024,Spanje,FIRMA POSTUMA‐KAMPEN,acetamiprid,0.0085,0.9,,CONFORM
3537,mandarijnen,86805391,mandarijnen,28‐5‐2024,Spanje,FIRMA POSTUMA‐KAMPEN,fludioxonil,0.033,10.0,,CONFORM
3538,mandarijnen,86805391,mandarijnen,28‐5‐2024,Spanje,FIRMA POSTUMA‐KAMPEN,imazalil,0.48,5.0,,CONFORM
3539,mandarijnen,86805391,mandarijnen,28‐5‐2024,Spanje,FIRMA POSTUMA‐KAMPEN,pyridaben,0.0057,0.3,,CONFORM
3540,mandarijnen,86805391,mandarijnen,28‐5‐2024,Spanje,FIRMA POSTUMA‐KAMPEN,thiabendazool,0.02,7.0,,CONFORM
3541,mandarijnen,86805391,mandarijnen,28‐5‐2024,Spanje,FIRMA POSTUMA‐KAMPEN,Overige bestrijdingsmiddelen,,,,CONFORM
3542,mandarijnen,86811189,mandarijnen,6‐3‐2024,Italië,UDEA B.V. (HOOFDKANTOOR),Overige bestrijdingsmiddelen,,,,CONFORM
3543,mandarijnen,86831864,mandarijnen,16‐10‐2024,Zuid Afrika,NAKI GROOTHANDEL B.V,"2,4‐D",0.28,1.0,,CONFORM
3544,mandarijnen,86831864,mandarijnen,16‐10‐2024,Zuid Afrika,NAKI GROOTHANDEL B.V,azoxystrobin,0.49,15.0,,CONFORM
3545,mandarijnen,86831864,mandarijnen,16‐10‐2024,Zuid Afrika,NAKI GROOTHANDEL B.V,imazalil,2.3,5.0,,CONFORM
3546,mandarijnen,86831864,mandarijnen,16‐10‐2024,Zuid Afrika,NAKI GROOTHANDEL B.V,pyrimethanil,2.3,8.0,,CONFORM
3547,mandarijnen,86831864,mandarijnen,16‐10‐2024,Zuid Afrika,NAKI GROOTHANDEL B.V,pyriproxyfen,0.005,0.7,,CONFORM
3548,mandarijnen,86831864,mandarijnen,16‐10‐2024,Zuid Afrika,NAKI GROOTHANDEL B.V,thiabendazool,0.24,7.0,,CONFORM
3549,mandarijnen,86831864,mandarijnen,16‐10‐2024,Zuid Afrika,NAKI GROOTHANDEL B.V,Overige bestrijdingsmiddelen,,,,CONFORM
3550,mandarijnen,86845806,Clementine,25‐11‐2024,Marokko,MARNI FRUIT B.V.,fludioxonil,0.79,10.0,,CONFORM
3551,mandarijnen,86845806,Clementine,25‐11‐2024,Marokko,MARNI FRUIT B.V.,pyrimethanil,5.6,8.0,,CONFORM
3552,mandarijnen,86845806,Clementine,25‐11‐2024,Marokko,MARNI FRUIT B.V.,thiabendazool,0.7,7.0,,CONFORM
3553,mandarijnen,86845806,Clementine,25‐11‐2024,Marokko,MARNI FRUIT B.V.,Overige bestrijdingsmiddelen,,,,CONFORM
3554,mandarijnen,86850788,Mandarijnen,10‐10‐2024,Zuid Afrika,LIDL,"2,4‐D",0.12,1.0,,CONFORM
3555,mandarijnen,86850788,Mandarijnen,10‐10‐2024,Zuid Afrika,LIDL,fenylfenol‐2,0.56,10.0,,CONFORM
3556,mandarijnen,86850788,Mandarijnen,10‐10‐2024,Zuid Afrika,LIDL,imazalil,3.3,5.0,,CONFORM
3557,mandarijnen,86850788,Mandarijnen,10‐10‐2024,Zuid Afrika,LIDL,pyriproxyfen,0.016,0.7,,CONFORM
3558,mandarijnen,86850788,Mandarijnen,10‐10‐2024,Zuid Afrika,LIDL,thiabendazool,1.2,7.0,,CONFORM
3559,mandarijnen,86850788,Mandarijnen,10‐10‐2024,Zuid Afrika,LIDL,Overige bestrijdingsmiddelen,,,,CONFORM
3560,mandarijnen,86851156,Mandarijnen,31‐10‐2024,Peru,WILKO FRUIT B.V.,acetamiprid,0.0081,0.9,,CONFORM
3561,mandarijnen,86851156,Mandarijnen,31‐10‐2024,Peru,WILKO FRUIT B.V.,azoxystrobin,0.12,15.0,,CONFORM
3562,mandarijnen,86851156,Mandarijnen,31‐10‐2024,Peru,WILKO FRUIT B.V.,fenylfenol‐2,2.3,10.0,,CONFORM
3563,mandarijnen,86851156,Mandarijnen,31‐10‐2024,Peru,WILKO FRUIT B.V.,imazalil,0.82,5.0,,CONFORM
3564,mandarijnen,86851156,Mandarijnen,31‐10‐2024,Peru,WILKO FRUIT B.V.,pyridaben,0.039,0.3,,CONFORM
3565,mandarijnen,86851156,Mandarijnen,31‐10‐2024,Peru,WILKO FRUIT B.V.,pyrimethanil,0.49,8.0,,CONFORM
3566,mandarijnen,86851156,Mandarijnen,31‐10‐2024,Peru,WILKO FRUIT B.V.,thiabendazool,0.44,7.0,,CONFORM
3567,mandarijnen,86851156,Mandarijnen,31‐10‐2024,Peru,WILKO FRUIT B.V.,Overige bestrijdingsmiddelen,,,,CONFORM
3568,mandarijnen,86866811,Mandarijnen,20‐3‐2024,Marokko,V.O.F. HARRIE GOESTEN,fludioxonil,0.31,10.0,,CONFORM
3569,mandarijnen,86866811,Mandarijnen,20‐3‐2024,Marokko,V.O.F. HARRIE GOESTEN,imazalil,1.6,5.0,,CONFORM
3570,mandarijnen,86866811,Mandarijnen,20‐3‐2024,Marokko,V.O.F. HARRIE GOESTEN,pyrimethanil,1.3,8.0,,CONFORM
3571,mandarijnen,86866811,Mandarijnen,20‐3‐2024,Marokko,V.O.F. HARRIE GOESTEN,pyriproxyfen,0.018,0.6,,CONFORM
3572,mandarijnen,86866811,Mandarijnen,20‐3‐2024,Marokko,V.O.F. HARRIE GOESTEN,thiabendazool,0.067,7.0,,CONFORM
3573,mandarijnen,86866811,Mandarijnen,20‐3‐2024,Marokko,V.O.F. HARRIE GOESTEN,Overige bestrijdingsmiddelen,,,,CONFORM
3574,mandarijnen,86894963,mandarijnen,5‐9‐2024,Zuid Afrika,EUROFRESH,"2,4‐D",0.052,1.0,,CONFORM
3575,mandarijnen,86894963,mandarijnen,5‐9‐2024,Zuid Afrika,EUROFRESH,fludioxonil,2.2,10.0,,CONFORM
3576,mandarijnen,86894963,mandarijnen,5‐9‐2024,Zuid Afrika,EUROFRESH,imazalil,2.7,5.0,,CONFORM
3577,mandarijnen,86894963,mandarijnen,5‐9‐2024,Zuid Afrika,EUROFRESH,pyraclostrobin,0.043,2.0,,CONFORM
3578,mandarijnen,86894963,mandarijnen,5‐9‐2024,Zuid Afrika,EUROFRESH,pyrimethanil,0.038,8.0,,CONFORM
3579,mandarijnen,86894963,mandarijnen,5‐9‐2024,Zuid Afrika,EUROFRESH,pyriproxyfen,0.011,0.7,,CONFORM
3580,mandarijnen,86894963,mandarijnen,5‐9‐2024,Zuid Afrika,EUROFRESH,thiabendazool,0.65,7.0,,CONFORM
3581,mandarijnen,86894963,mandarijnen,5‐9‐2024,Zuid Afrika,EUROFRESH,Overige bestrijdingsmiddelen,,,,CONFORM
3582,mandarijnen,86896389,Mandarijnen,8‐10‐2024,Zuid Afrika,ALDI DISTRIBUTIECENTRUM,"2,4‐D",0.12,1.0,,CONFORM
3583,mandarijnen,86896389,Mandarijnen,8‐10‐2024,Zuid Afrika,ALDI DISTRIBUTIECENTRUM,azoxystrobin,0.015,15.0,,CONFORM
3584,mandarijnen,86896389,Mandarijnen,8‐10‐2024,Zuid Afrika,ALDI DISTRIBUTIECENTRUM,fenpyroximaat,0.0065,0.5,,CONFORM
3585,mandarijnen,86896389,Mandarijnen,8‐10‐2024,Zuid Afrika,ALDI DISTRIBUTIECENTRUM,imazalil,2.3,5.0,,CONFORM
3586,mandarijnen,86896389,Mandarijnen,8‐10‐2024,Zuid Afrika,ALDI DISTRIBUTIECENTRUM,pyrimethanil,0.78,8.0,,CONFORM
3587,mandarijnen,86896389,Mandarijnen,8‐10‐2024,Zuid Afrika,ALDI DISTRIBUTIECENTRUM,sulfoxaflor,0.0069,0.8,,CONFORM
3588,mandarijnen,86896389,Mandarijnen,8‐10‐2024,Zuid Afrika,ALDI DISTRIBUTIECENTRUM,thiabendazool,0.64,7.0,,CONFORM
3589,mandarijnen,86896389,Mandarijnen,8‐10‐2024,Zuid Afrika,ALDI DISTRIBUTIECENTRUM,Overige bestrijdingsmiddelen,,,,CONFORM
3590,mandarijnen,86955474,Citrus Mogador,23‐1‐2024,Marokko,FRUITFACTOR B.V.,imazalil,0.92,5.0,,CONFORM
3591,mandarijnen,86955474,Citrus Mogador,23‐1‐2024,Marokko,FRUITFACTOR B.V.,pyrimethanil,1.1,8.0,,CONFORM
3592,mandarijnen,86955474,Citrus Mogador,23‐1‐2024,Marokko,FRUITFACTOR B.V.,thiabendazool,2.4,7.0,,CONFORM
3593,mandarijnen,86955474,Citrus Mogador,23‐1‐2024,Marokko,FRUITFACTOR B.V.,Overige bestrijdingsmiddelen,,,,CONFORM
3594,mandarijnen,86955482,Mandarins Orri,23‐1‐2024,Israël,FRUITFACTOR B.V.,imazalil,1.4,5.0,,CONFORM
3595,mandarijnen,86955482,Mandarins Orri,23‐1‐2024,Israël,FRUITFACTOR B.V.,pyrimethanil,0.0055,8.0,,CONFORM
3596,mandarijnen,86955482,Mandarins Orri,23‐1‐2024,Israël,FRUITFACTOR B.V.,thiabendazool,1.2,7.0,,CONFORM
3597,mandarijnen,86955482,Mandarins Orri,23‐1‐2024,Israël,FRUITFACTOR B.V.,Overige bestrijdingsmiddelen,,,,CONFORM
3598,mandarijnen,86956276,Mandarine nadorcott,8‐3‐2024,Marokko,DE GROOT FRUIT & VEGETABLES B.V.,fludioxonil,0.72,10.0,,CONFORM
3599,mandarijnen,86956276,Mandarine nadorcott,8‐3‐2024,Marokko,DE GROOT FRUIT & VEGETABLES B.V.,hexythiazox,0.0061,0.5,,CONFORM
3600,mandarijnen,86956276,Mandarine nadorcott,8‐3‐2024,Marokko,DE GROOT FRUIT & VEGETABLES B.V.,imazalil,1.4,5.0,,CONFORM
3601,mandarijnen,86956276,Mandarine nadorcott,8‐3‐2024,Marokko,DE GROOT FRUIT & VEGETABLES B.V.,pyrimethanil,0.016,8.0,,CONFORM
3602,mandarijnen,86956276,Mandarine nadorcott,8‐3‐2024,Marokko,DE GROOT FRUIT & VEGETABLES B.V.,thiabendazool,1.4,7.0,,CONFORM
3603,mandarijnen,86956276,Mandarine nadorcott,8‐3‐2024,Marokko,DE GROOT FRUIT & VEGETABLES B.V.,Overige bestrijdingsmiddelen,,,,CONFORM
3604,mandarijnen,86960567,mandarijnen,17‐9‐2024,Zuid Afrika,DISTRIBUTIECENTRUM ALBERT HEIJN,"2,4‐D",0.3,1.0,,CONFORM
3605,mandarijnen,86960567,mandarijnen,17‐9‐2024,Zuid Afrika,DISTRIBUTIECENTRUM ALBERT HEIJN,azoxystrobin,0.49,15.0,,CONFORM
3606,mandarijnen,86960567,mandarijnen,17‐9‐2024,Zuid Afrika,DISTRIBUTIECENTRUM ALBERT HEIJN,imazalil,2.5,5.0,,CONFORM
3607,mandarijnen,86960567,mandarijnen,17‐9‐2024,Zuid Afrika,DISTRIBUTIECENTRUM ALBERT HEIJN,pyrimethanil,1.7,8.0,,CONFORM
3608,mandarijnen,86960567,mandarijnen,17‐9‐2024,Zuid Afrika,DISTRIBUTIECENTRUM ALBERT HEIJN,pyriproxyfen,0.0098,0.7,,CONFORM
3609,mandarijnen,86960567,mandarijnen,17‐9‐2024,Zuid Afrika,DISTRIBUTIECENTRUM ALBERT HEIJN,thiabendazool,0.64,7.0,,CONFORM
3610,mandarijnen,86960567,mandarijnen,17‐9‐2024,Zuid Afrika,DISTRIBUTIECENTRUM ALBERT HEIJN,Overige bestrijdingsmiddelen,,,,CONFORM
3611,mandarijnen,86961113,mandarijnen,7‐10‐2024,Zuid Afrika,JUMBO DISTRIBUTIECENTRUM,"2,4‐D",0.13,1.0,,CONFORM
3612,mandarijnen,86961113,mandarijnen,7‐10‐2024,Zuid Afrika,JUMBO DISTRIBUTIECENTRUM,azoxystrobin,0.022,15.0,,CONFORM
3613,mandarijnen,86961113,mandarijnen,7‐10‐2024,Zuid Afrika,JUMBO DISTRIBUTIECENTRUM,imazalil,1.4,5.0,,CONFORM
3614,mandarijnen,86961113,mandarijnen,7‐10‐2024,Zuid Afrika,JUMBO DISTRIBUTIECENTRUM,pyrimethanil,0.072,8.0,,CONFORM
3615,mandarijnen,86961113,mandarijnen,7‐10‐2024,Zuid Afrika,JUMBO DISTRIBUTIECENTRUM,pyriproxyfen,0.0072,0.7,,CONFORM
3616,mandarijnen,86961113,mandarijnen,7‐10‐2024,Zuid Afrika,JUMBO DISTRIBUTIECENTRUM,thiabendazool,0.62,7.0,,CONFORM
3617,mandarijnen,86961113,mandarijnen,7‐10‐2024,Zuid Afrika,JUMBO DISTRIBUTIECENTRUM,Overige bestrijdingsmiddelen,,,,CONFORM
3618,mandarijnen,86963183,mandarijnen,20‐8‐2024,Zuid Afrika,GROOTHANDELSONDERNEMING VERS‐NED,"2,4‐D",0.24,1.0,,CONFORM
3619,mandarijnen,86963183,mandarijnen,20‐8‐2024,Zuid Afrika,GROOTHANDELSONDERNEMING VERS‐NED,azoxystrobin,0.024,15.0,,CONFORM
3620,mandarijnen,86963183,mandarijnen,20‐8‐2024,Zuid Afrika,GROOTHANDELSONDERNEMING VERS‐NED,imazalil,2.2,5.0,,CONFORM
3621,mandarijnen,86963183,mandarijnen,20‐8‐2024,Zuid Afrika,GROOTHANDELSONDERNEMING VERS‐NED,pyrimethanil,1.5,8.0,,CONFORM
3622,mandarijnen,86963183,mandarijnen,20‐8‐2024,Zuid Afrika,GROOTHANDELSONDERNEMING VERS‐NED,pyriproxyfen,0.023,0.7,,CONFORM
3623,mandarijnen,86963183,mandarijnen,20‐8‐2024,Zuid Afrika,GROOTHANDELSONDERNEMING VERS‐NED,spirotetramat (som),0.014,0.5,,CONFORM
3624,mandarijnen,86963183,mandarijnen,20‐8‐2024,Zuid Afrika,GROOTHANDELSONDERNEMING VERS‐NED,Overige bestrijdingsmiddelen,,,,CONFORM
3625,mandarijnen,99368624,mandarijnen clementine 1kg,24‐7‐2024,Zuid Afrika,POIESZ SUPERMARKTEN,"2,4‐D",0.078,1.0,,CONFORM
3626,mandarijnen,99368624,mandarijnen clementine 1kg,24‐7‐2024,Zuid Afrika,POIESZ SUPERMARKTEN,fludioxonil,0.81,10.0,,CONFORM
3627,mandarijnen,99368624,mandarijnen clementine 1kg,24‐7‐2024,Zuid Afrika,POIESZ SUPERMARKTEN,imazalil,2.7,5.0,,CONFORM
3628,mandarijnen,99368624,mandarijnen clementine 1kg,24‐7‐2024,Zuid Afrika,POIESZ SUPERMARKTEN,pyraclostrobin,0.0099,2.0,,CONFORM
3629,mandarijnen,99368624,mandarijnen clementine 1kg,24‐7‐2024,Zuid Afrika,POIESZ SUPERMARKTEN,pyrimethanil,2.0,8.0,,CONFORM
3630,mandarijnen,99368624,mandarijnen clementine 1kg,24‐7‐2024,Zuid Afrika,POIESZ SUPERMARKTEN,spirotetramat (som),0.007,0.5,,CONFORM
3631,mandarijnen,99368624,mandarijnen clementine 1kg,24‐7‐2024,Zuid Afrika,POIESZ SUPERMARKTEN,thiabendazool,0.53,7.0,,CONFORM
3632,mandarijnen,99368624,mandarijnen clementine 1kg,24‐7‐2024,Zuid Afrika,POIESZ SUPERMARKTEN,Overige bestrijdingsmiddelen,,,,CONFORM
3633,mandarijnen,99368926,mandarijnen nova 1KG,30‐7‐2024,Zuid Afrika,LIDL,"2,4‐D",0.37,1.0,,CONFORM
3634,mandarijnen,99368926,mandarijnen nova 1KG,30‐7‐2024,Zuid Afrika,LIDL,azoxystrobin,0.03,15.0,,CONFORM
3635,mandarijnen,99368926,mandarijnen nova 1KG,30‐7‐2024,Zuid Afrika,LIDL,imazalil,2.2,5.0,,CONFORM
3636,mandarijnen,99368926,mandarijnen nova 1KG,30‐7‐2024,Zuid Afrika,LIDL,pyrimethanil,2.4,8.0,,CONFORM
3637,mandarijnen,99368926,mandarijnen nova 1KG,30‐7‐2024,Zuid Afrika,LIDL,spirotetramat (som),0.04,0.5,,CONFORM
3638,mandarijnen,99368926,mandarijnen nova 1KG,30‐7‐2024,Zuid Afrika,LIDL,Overige bestrijdingsmiddelen,,,,CONFORM
3639,mandarijnen,99393769,Mandarijnen,8‐8‐2024,Zuid Afrika,ALDI,"2,4‐D",0.11,1.0,,CONFORM
3640,mandarijnen,99393769,Mandarijnen,8‐8‐2024,Zuid Afrika,ALDI,azoxystrobin,0.014,15.0,,CONFORM
3641,mandarijnen,99393769,Mandarijnen,8‐8‐2024,Zuid Afrika,ALDI,fludioxonil,0.7,10.0,,CONFORM
3642,mandarijnen,99393769,Mandarijnen,8‐8‐2024,Zuid Afrika,ALDI,imazalil,3.7,5.0,,CONFORM
3643,mandarijnen,99393769,Mandarijnen,8‐8‐2024,Zuid Afrika,ALDI,pyraclostrobin,0.016,2.0,,CONFORM
3644,mandarijnen,99393769,Mandarijnen,8‐8‐2024,Zuid Afrika,ALDI,thiabendazool,2.0,7.0,,CONFORM
3645,mandarijnen,99393769,Mandarijnen,8‐8‐2024,Zuid Afrika,ALDI,Overige bestrijdingsmiddelen,,,,CONFORM
3646,mandarijnen,99396091,Mandarijnen ‐Zonnebommetjes,9‐7‐2024,Zuid Afrika,MCD OCHTEN,"2,4‐D",0.25,1.0,,CONFORM
3647,mandarijnen,99396091,Mandarijnen ‐Zonnebommetjes,9‐7‐2024,Zuid Afrika,MCD OCHTEN,azoxystrobin,0.016,15.0,,CONFORM
3648,mandarijnen,99396091,Mandarijnen ‐Zonnebommetjes,9‐7‐2024,Zuid Afrika,MCD OCHTEN,fenpyroximaat,0.01,0.5,,CONFORM
3649,mandarijnen,99396091,Mandarijnen ‐Zonnebommetjes,9‐7‐2024,Zuid Afrika,MCD OCHTEN,imazalil,1.8,5.0,,CONFORM
3650,mandarijnen,99396091,Mandarijnen ‐Zonnebommetjes,9‐7‐2024,Zuid Afrika,MCD OCHTEN,methoxyfenozide,0.044,2.0,,CONFORM
3651,mandarijnen,99396091,Mandarijnen ‐Zonnebommetjes,9‐7‐2024,Zuid Afrika,MCD OCHTEN,pyraclostrobin,0.02,2.0,,CONFORM
3652,mandarijnen,99396091,Mandarijnen ‐Zonnebommetjes,9‐7‐2024,Zuid Afrika,MCD OCHTEN,pyrimethanil,3.1,8.0,,CONFORM
3653,mandarijnen,99396091,Mandarijnen ‐Zonnebommetjes,9‐7‐2024,Zuid Afrika,MCD OCHTEN,spirotetramat (som),0.011,0.5,,CONFORM
3654,mandarijnen,99396091,Mandarijnen ‐Zonnebommetjes,9‐7‐2024,Zuid Afrika,MCD OCHTEN,thiabendazool,0.6,7.0,,CONFORM
3655,mandarijnen,99396091,Mandarijnen ‐Zonnebommetjes,9‐7‐2024,Zuid Afrika,MCD OCHTEN,Overige bestrijdingsmiddelen,,,,CONFORM
3656,mandarijnen,99398485,mandarijn,2‐7‐2024,Zuid Afrika,LIDL,"2,4‐D",0.12,1.0,,CONFORM
3657,mandarijnen,99398485,mandarijn,2‐7‐2024,Zuid Afrika,LIDL,imazalil,1.7,5.0,,CONFORM
3658,mandarijnen,99398485,mandarijn,2‐7‐2024,Zuid Afrika,LIDL,pyrimethanil,3.4,8.0,,CONFORM
3659,mandarijnen,99398485,mandarijn,2‐7‐2024,Zuid Afrika,LIDL,spirotetramat (som),0.011,0.5,,CONFORM
3660,mandarijnen,99398485,mandarijn,2‐7‐2024,Zuid Afrika,LIDL,thiabendazool,0.18,7.0,,CONFORM
3661,mandarijnen,99398485,mandarijn,2‐7‐2024,Zuid Afrika,LIDL,Overige bestrijdingsmiddelen,,,,CONFORM
3662,mandarijnen,99411384,Mandarijnen Clementine,16‐7‐2024,Zuid Afrika,ALDI ENSCHEDE,"2,4‐D",0.078,1.0,,CONFORM
3663,mandarijnen,99411384,Mandarijnen Clementine,16‐7‐2024,Zuid Afrika,ALDI ENSCHEDE,azoxystrobin,3.1,15.0,,CONFORM
3664,mandarijnen,99411384,Mandarijnen Clementine,16‐7‐2024,Zuid Afrika,ALDI ENSCHEDE,fludioxonil,1.7,10.0,,CONFORM
3665,mandarijnen,99411384,Mandarijnen Clementine,16‐7‐2024,Zuid Afrika,ALDI ENSCHEDE,pyrimethanil,0.14,8.0,,CONFORM
3666,mandarijnen,99411384,Mandarijnen Clementine,16‐7‐2024,Zuid Afrika,ALDI ENSCHEDE,spirotetramat (som),0.01,0.5,,CONFORM
3667,mandarijnen,99411384,Mandarijnen Clementine,16‐7‐2024,Zuid Afrika,ALDI ENSCHEDE,thiabendazool,0.56,7.0,,CONFORM
3668,mandarijnen,99411384,Mandarijnen Clementine,16‐7‐2024,Zuid Afrika,ALDI ENSCHEDE,Overige bestrijdingsmiddelen,,,,CONFORM
3669,mandarijnen,99411929,mandarijnen,23‐7‐2024,Zuid Afrika,DIRK,"2,4‐D",0.065,1.0,,CONFORM
3670,mandarijnen,99411929,mandarijnen,23‐7‐2024,Zuid Afrika,DIRK,azoxystrobin,1.1,15.0,,CONFORM
3671,mandarijnen,99411929,mandarijnen,23‐7‐2024,Zuid Afrika,DIRK,fludioxonil,1.6,10.0,,CONFORM
3672,mandarijnen,99411929,mandarijnen,23‐7‐2024,Zuid Afrika,DIRK,pyrimethanil,2.8,8.0,,CONFORM
3673,mandarijnen,99411929,mandarijnen,23‐7‐2024,Zuid Afrika,DIRK,terbuthylazine,0.0056,0.01,,CONFORM
3674,mandarijnen,99411929,mandarijnen,23‐7‐2024,Zuid Afrika,DIRK,thiabendazool,0.47,7.0,,CONFORM
3675,mandarijnen,99411929,mandarijnen,23‐7‐2024,Zuid Afrika,DIRK,Overige bestrijdingsmiddelen,,,,CONFORM
3676,mandarijnen,99412151,AH mandarijnen 1kg clementine,17‐7‐2024,Zuid Afrika,ALBERT HEIJN MARCEL BERGHUIS,"2,4‐D",0.13,1.0,,CONFORM
3677,mandarijnen,99412151,AH mandarijnen 1kg clementine,17‐7‐2024,Zuid Afrika,ALBERT HEIJN MARCEL BERGHUIS,azoxystrobin,0.052,15.0,,CONFORM
3678,mandarijnen,99412151,AH mandarijnen 1kg clementine,17‐7‐2024,Zuid Afrika,ALBERT HEIJN MARCEL BERGHUIS,imazalil,1.7,5.0,,CONFORM
3679,mandarijnen,99412151,AH mandarijnen 1kg clementine,17‐7‐2024,Zuid Afrika,ALBERT HEIJN MARCEL BERGHUIS,pyrimethanil,2.8,8.0,,CONFORM
3680,mandarijnen,99412151,AH mandarijnen 1kg clementine,17‐7‐2024,Zuid Afrika,ALBERT HEIJN MARCEL BERGHUIS,pyriproxyfen,0.011,0.7,,CONFORM
3681,mandarijnen,99412151,AH mandarijnen 1kg clementine,17‐7‐2024,Zuid Afrika,ALBERT HEIJN MARCEL BERGHUIS,spirotetramat (som),0.03,0.5,,CONFORM
3682,mandarijnen,99412151,AH mandarijnen 1kg clementine,17‐7‐2024,Zuid Afrika,ALBERT HEIJN MARCEL BERGHUIS,thiabendazool,0.29,7.0,,CONFORM
3683,mandarijnen,99412151,AH mandarijnen 1kg clementine,17‐7‐2024,Zuid Afrika,ALBERT HEIJN MARCEL BERGHUIS,Overige bestrijdingsmiddelen,,,,CONFORM
3684,mandarijnen,99427485,Leanri mandarijnen,31‐7‐2024,Zuid Afrika,ALBERT HEIJN,"2,4‐D",0.13,1.0,,CONFORM
3685,mandarijnen,99427485,Leanri mandarijnen,31‐7‐2024,Zuid Afrika,ALBERT HEIJN,imazalil,2.5,5.0,,CONFORM
3686,mandarijnen,99427485,Leanri mandarijnen,31‐7‐2024,Zuid Afrika,ALBERT HEIJN,malathion (som),0.014,2.0,,CONFORM
3687,mandarijnen,99427485,Leanri mandarijnen,31‐7‐2024,Zuid Afrika,ALBERT HEIJN,pyraclostrobin,0.024,2.0,,CONFORM
3688,mandarijnen,99427485,Leanri mandarijnen,31‐7‐2024,Zuid Afrika,ALBERT HEIJN,pyrimethanil,2.3,8.0,,CONFORM
3689,mandarijnen,99427485,Leanri mandarijnen,31‐7‐2024,Zuid Afrika,ALBERT HEIJN,Overige bestrijdingsmiddelen,,,,CONFORM
3690,mandarijnen,99430079,mandarijnen,2‐7‐2024,Zuid Afrika,JUMBO SITTARD STADION,"2,4‐D",0.15,1.0,,CONFORM
3691,mandarijnen,99430079,mandarijnen,2‐7‐2024,Zuid Afrika,JUMBO SITTARD STADION,imazalil,2.2,5.0,,CONFORM
3692,mandarijnen,99430079,mandarijnen,2‐7‐2024,Zuid Afrika,JUMBO SITTARD STADION,thiabendazool,1.2,7.0,,CONFORM
3693,mandarijnen,99430079,mandarijnen,2‐7‐2024,Zuid Afrika,JUMBO SITTARD STADION,Overige bestrijdingsmiddelen,,,,CONFORM
3694,mandarijnen,99430303,mandarijnen,16‐7‐2024,Zuid Afrika,DAGWINKEL MELDERSLO,"2,4‐D",0.26,1.0,,CONFORM
3695,mandarijnen,99430303,mandarijnen,16‐7‐2024,Zuid Afrika,DAGWINKEL MELDERSLO,azoxystrobin,0.067,15.0,,CONFORM
3696,mandarijnen,99430303,mandarijnen,16‐7‐2024,Zuid Afrika,DAGWINKEL MELDERSLO,chloorfenapyr,0.0055,0.01,,CONFORM
3697,mandarijnen,99430303,mandarijnen,16‐7‐2024,Zuid Afrika,DAGWINKEL MELDERSLO,fludioxonil,0.0075,10.0,,CONFORM
3698,mandarijnen,99430303,mandarijnen,16‐7‐2024,Zuid Afrika,DAGWINKEL MELDERSLO,imazalil,1.7,5.0,,CONFORM
3699,mandarijnen,99430303,mandarijnen,16‐7‐2024,Zuid Afrika,DAGWINKEL MELDERSLO,pyriproxyfen,0.009,0.7,,CONFORM
3700,mandarijnen,99430303,mandarijnen,16‐7‐2024,Zuid Afrika,DAGWINKEL MELDERSLO,tebuconazool,0.014,5.0,,CONFORM
3701,mandarijnen,99430303,mandarijnen,16‐7‐2024,Zuid Afrika,DAGWINKEL MELDERSLO,thiabendazool,0.95,7.0,,CONFORM
3702,mandarijnen,99430303,mandarijnen,16‐7‐2024,Zuid Afrika,DAGWINKEL MELDERSLO,Overige bestrijdingsmiddelen,,,,CONFORM
3703,mandarijnen,99430613,mandarijnen,23‐7‐2024,Zuid Afrika,PLUS BOUDA POSTMA,"2,4‐D",0.17,1.0,,CONFORM
3704,mandarijnen,99430613,mandarijnen,23‐7‐2024,Zuid Afrika,PLUS BOUDA POSTMA,azoxystrobin,0.57,15.0,,CONFORM
3705,mandarijnen,99430613,mandarijnen,23‐7‐2024,Zuid Afrika,PLUS BOUDA POSTMA,fludioxonil,0.0051,10.0,,CONFORM
3706,mandarijnen,99430613,mandarijnen,23‐7‐2024,Zuid Afrika,PLUS BOUDA POSTMA,imazalil,1.2,5.0,,CONFORM
3707,mandarijnen,99430613,mandarijnen,23‐7‐2024,Zuid Afrika,PLUS BOUDA POSTMA,pyraclostrobin,0.013,2.0,,CONFORM
3708,mandarijnen,99430613,mandarijnen,23‐7‐2024,Zuid Afrika,PLUS BOUDA POSTMA,pyrimethanil,5.1,8.0,,CONFORM
3709,mandarijnen,99430613,mandarijnen,23‐7‐2024,Zuid Afrika,PLUS BOUDA POSTMA,spirotetramat (som),0.04,0.5,,CONFORM
3710,mandarijnen,99430613,mandarijnen,23‐7‐2024,Zuid Afrika,PLUS BOUDA POSTMA,thiabendazool,0.21,7.0,,CONFORM
3711,mandarijnen,99430613,mandarijnen,23‐7‐2024,Zuid Afrika,PLUS BOUDA POSTMA,Overige bestrijdingsmiddelen,,,,CONFORM
3712,mandarijnen,99435135,"Mandarijnen, Variëteit: Clementine T, Maat 2‐3",10‐7‐2024,Zuid Afrika,JUMBO SUPERMARKT,"2,4‐D",0.19,1.0,,CONFORM
3713,mandarijnen,99435135,"Mandarijnen, Variëteit: Clementine T, Maat 2‐3",10‐7‐2024,Zuid Afrika,JUMBO SUPERMARKT,imazalil,2.2,5.0,,CONFORM
3714,mandarijnen,99435135,"Mandarijnen, Variëteit: Clementine T, Maat 2‐3",10‐7‐2024,Zuid Afrika,JUMBO SUPERMARKT,thiabendazool,1.5,7.0,,CONFORM
3715,mandarijnen,99435135,"Mandarijnen, Variëteit: Clementine T, Maat 2‐3",10‐7‐2024,Zuid Afrika,JUMBO SUPERMARKT,Overige bestrijdingsmiddelen,,,,CONFORM
3716,mandarijnen,99435267,"Cllemenules Mandarijnen, Cal 2‐3",3‐7‐2024,Peru,ALBERT HEIJN,acetamiprid,0.0071,0.9,,CONFORM
3717,mandarijnen,99435267,"Cllemenules Mandarijnen, Cal 2‐3",3‐7‐2024,Peru,ALBERT HEIJN,fenylfenol‐2,0.54,10.0,,CONFORM
3718,mandarijnen,99435267,"Cllemenules Mandarijnen, Cal 2‐3",3‐7‐2024,Peru,ALBERT HEIJN,imazalil,2.3,5.0,,CONFORM
3719,mandarijnen,99435267,"Cllemenules Mandarijnen, Cal 2‐3",3‐7‐2024,Peru,ALBERT HEIJN,pyrimethanil,2.9,8.0,,CONFORM
3720,mandarijnen,99435267,"Cllemenules Mandarijnen, Cal 2‐3",3‐7‐2024,Peru,ALBERT HEIJN,thiabendazool,0.99,7.0,,CONFORM
3721,mandarijnen,99435267,"Cllemenules Mandarijnen, Cal 2‐3",3‐7‐2024,Peru,ALBERT HEIJN,Overige bestrijdingsmiddelen,,,,CONFORM
3722,mandarijnen,99435631,"Mandarijnen, Soort: Nova",7‐8‐2024,Zuid Afrika,LIDL,"2,4‐D",0.14,1.0,,CONFORM
3723,mandarijnen,99435631,"Mandarijnen, Soort: Nova",7‐8‐2024,Zuid Afrika,LIDL,fenylfenol‐2,4.4,10.0,,CONFORM
3724,mandarijnen,99435631,"Mandarijnen, Soort: Nova",7‐8‐2024,Zuid Afrika,LIDL,imazalil,1.2,5.0,,CONFORM
3725,mandarijnen,99435631,"Mandarijnen, Soort: Nova",7‐8‐2024,Zuid Afrika,LIDL,pyrimethanil,2.1,8.0,,CONFORM
3726,mandarijnen,99435631,"Mandarijnen, Soort: Nova",7‐8‐2024,Zuid Afrika,LIDL,Overige bestrijdingsmiddelen,,,,CONFORM
3727,mandarijnen,99435852,"Mandarijnen, Variëteit Tango",12‐8‐2024,Zuid Afrika,ALDI MARKT,"2,4‐D",0.11,1.0,,CONFORM
3728,mandarijnen,99435852,"Mandarijnen, Variëteit Tango",12‐8‐2024,Zuid Afrika,ALDI MARKT,azoxystrobin,0.014,15.0,,CONFORM
3729,mandarijnen,99435852,"Mandarijnen, Variëteit Tango",12‐8‐2024,Zuid Afrika,ALDI MARKT,fludioxonil,1.6,10.0,,CONFORM
3730,mandarijnen,99435852,"Mandarijnen, Variëteit Tango",12‐8‐2024,Zuid Afrika,ALDI MARKT,imazalil,3.7,5.0,,CONFORM
3731,mandarijnen,99435852,"Mandarijnen, Variëteit Tango",12‐8‐2024,Zuid Afrika,ALDI MARKT,pyraclostrobin,0.033,2.0,,CONFORM
3732,mandarijnen,99435852,"Mandarijnen, Variëteit Tango",12‐8‐2024,Zuid Afrika,ALDI MARKT,thiabendazool,1.2,7.0,,CONFORM
3733,mandarijnen,99435852,"Mandarijnen, Variëteit Tango",12‐8‐2024,Zuid Afrika,ALDI MARKT,Overige bestrijdingsmiddelen,,,,CONFORM
3734,mandarijnen,99436174,"Mandarijnen, Variëteit: Novas",13‐8‐2024,Zuid Afrika,POIESZ SUPERMARKTEN,"2,4‐D",0.16,1.0,,CONFORM
3735,mandarijnen,99436174,"Mandarijnen, Variëteit: Novas",13‐8‐2024,Zuid Afrika,POIESZ SUPERMARKTEN,carbendazim,0.016,0.7,,CONFORM
3736,mandarijnen,99436174,"Mandarijnen, Variëteit: Novas",13‐8‐2024,Zuid Afrika,POIESZ SUPERMARKTEN,imazalil,1.9,5.0,,CONFORM
3737,mandarijnen,99436174,"Mandarijnen, Variëteit: Novas",13‐8‐2024,Zuid Afrika,POIESZ SUPERMARKTEN,methoxyfenozide,0.087,2.0,,CONFORM
3738,mandarijnen,99436174,"Mandarijnen, Variëteit: Novas",13‐8‐2024,Zuid Afrika,POIESZ SUPERMARKTEN,pyraclostrobin,0.03,2.0,,CONFORM
3739,mandarijnen,99436174,"Mandarijnen, Variëteit: Novas",13‐8‐2024,Zuid Afrika,POIESZ SUPERMARKTEN,pyrimethanil,1.4,8.0,,CONFORM
3740,mandarijnen,99436174,"Mandarijnen, Variëteit: Novas",13‐8‐2024,Zuid Afrika,POIESZ SUPERMARKTEN,thiabendazool,0.75,7.0,,CONFORM
3741,mandarijnen,99436174,"Mandarijnen, Variëteit: Novas",13‐8‐2024,Zuid Afrika,POIESZ SUPERMARKTEN,Overige bestrijdingsmiddelen,,,,CONFORM
3742,mandarijnen,99440783,mandarijnen,6‐8‐2024,Zuid Afrika,JUMBO SUPERMARKT,"2,4‐D",0.12,1.0,,CONFORM
3743,mandarijnen,99440783,mandarijnen,6‐8‐2024,Zuid Afrika,JUMBO SUPERMARKT,azoxystrobin,1.2,15.0,,CONFORM
3744,mandarijnen,99440783,mandarijnen,6‐8‐2024,Zuid Afrika,JUMBO SUPERMARKT,fludioxonil,3.1,10.0,,CONFORM
3745,mandarijnen,99440783,mandarijnen,6‐8‐2024,Zuid Afrika,JUMBO SUPERMARKT,pyrimethanil,2.1,8.0,,CONFORM
3746,mandarijnen,99440783,mandarijnen,6‐8‐2024,Zuid Afrika,JUMBO SUPERMARKT,spirotetramat (som),0.008,0.5,,CONFORM
3747,mandarijnen,99440783,mandarijnen,6‐8‐2024,Zuid Afrika,JUMBO SUPERMARKT,sulfoxaflor,0.026,0.8,,CONFORM
3748,mandarijnen,99440783,mandarijnen,6‐8‐2024,Zuid Afrika,JUMBO SUPERMARKT,thiabendazool,1.0,7.0,,CONFORM
3749,mandarijnen,99440783,mandarijnen,6‐8‐2024,Zuid Afrika,JUMBO SUPERMARKT,Overige bestrijdingsmiddelen,,,,CONFORM
3750,mandarijnen,99441275,mandarijnen,13‐8‐2024,Peru,ALBERT HEIJN,acetamiprid,0.0063,0.9,,CONFORM
3751,mandarijnen,99441275,mandarijnen,13‐8‐2024,Peru,ALBERT HEIJN,fenpropathrin,0.095,2.0,,CONFORM
3752,mandarijnen,99441275,mandarijnen,13‐8‐2024,Peru,ALBERT HEIJN,fenylfenol‐2,0.71,10.0,,CONFORM
3753,mandarijnen,99441275,mandarijnen,13‐8‐2024,Peru,ALBERT HEIJN,imazalil,2.3,5.0,,CONFORM
3754,mandarijnen,99441275,mandarijnen,13‐8‐2024,Peru,ALBERT HEIJN,pyrimethanil,0.27,8.0,,CONFORM
3755,mandarijnen,99441275,mandarijnen,13‐8‐2024,Peru,ALBERT HEIJN,pyriproxyfen,0.03,0.7,,CONFORM
3756,mandarijnen,99441275,mandarijnen,13‐8‐2024,Peru,ALBERT HEIJN,thiabendazool,2.8,7.0,,CONFORM
3757,mandarijnen,99441275,mandarijnen,13‐8‐2024,Peru,ALBERT HEIJN,Overige bestrijdingsmiddelen,,,,CONFORM
3758,mandarijnen,99595337,Plus mandarijnen clementine 1kg,9‐7‐2024,Zuid Afrika,PLUS STAM,"2,4‐D",0.17,1.0,,CONFORM
3759,mandarijnen,99595337,Plus mandarijnen clementine 1kg,9‐7‐2024,Zuid Afrika,PLUS STAM,azoxystrobin,0.23,15.0,,CONFORM
3760,mandarijnen,99595337,Plus mandarijnen clementine 1kg,9‐7‐2024,Zuid Afrika,PLUS STAM,imazalil,3.5,5.0,,CONFORM
3761,mandarijnen,99595337,Plus mandarijnen clementine 1kg,9‐7‐2024,Zuid Afrika,PLUS STAM,pyrimethanil,3.9,8.0,,CONFORM
3762,mandarijnen,99595337,Plus mandarijnen clementine 1kg,9‐7‐2024,Zuid Afrika,PLUS STAM,spirotetramat (som),0.017,0.5,,CONFORM
3763,mandarijnen,99595337,Plus mandarijnen clementine 1kg,9‐7‐2024,Zuid Afrika,PLUS STAM,thiabendazool,1.8,7.0,,CONFORM
3764,mandarijnen,99595337,Plus mandarijnen clementine 1kg,9‐7‐2024,Zuid Afrika,PLUS STAM,Overige bestrijdingsmiddelen,,,,CONFORM
3765,mangos,86757818,Mango,18‐3‐2024,Brazilië,FARMHOUSE INTERNATIONAL B.V.,azoxystrobin,0.57,4.0,,CONFORM
3766,mangos,86757818,Mango,18‐3‐2024,Brazilië,FARMHOUSE INTERNATIONAL B.V.,carbendazim,0.0048,0.5,,CONFORM
3767,mangos,86757818,Mango,18‐3‐2024,Brazilië,FARMHOUSE INTERNATIONAL B.V.,fludioxonil,0.38,2.0,,CONFORM
3768,mangos,86757818,Mango,18‐3‐2024,Brazilië,FARMHOUSE INTERNATIONAL B.V.,imidacloprid,0.0048,0.01,,CONFORM
3769,mangos,86757818,Mango,18‐3‐2024,Brazilië,FARMHOUSE INTERNATIONAL B.V.,pyraclostrobin,0.0077,0.6,,CONFORM
3770,mangos,86757818,Mango,18‐3‐2024,Brazilië,FARMHOUSE INTERNATIONAL B.V.,thiabendazool,0.0075,5.0,,CONFORM
3771,mangos,86757818,Mango,18‐3‐2024,Brazilië,FARMHOUSE INTERNATIONAL B.V.,Overige bestrijdingsmiddelen,,,,CONFORM
3772,mangos,86757826,Mango Ready to eat,18‐3‐2024,Brazilië,FARMHOUSE INTERNATIONAL B.V.,azoxystrobin,0.32,4.0,,CONFORM
3773,mangos,86757826,Mango Ready to eat,18‐3‐2024,Brazilië,FARMHOUSE INTERNATIONAL B.V.,cyhalothrin‐lambda,0.014,0.2,,CONFORM
3774,mangos,86757826,Mango Ready to eat,18‐3‐2024,Brazilië,FARMHOUSE INTERNATIONAL B.V.,cypermethrin,0.01,0.7,,CONFORM
3775,mangos,86757826,Mango Ready to eat,18‐3‐2024,Brazilië,FARMHOUSE INTERNATIONAL B.V.,fludioxonil,0.33,2.0,,CONFORM
3776,mangos,86757826,Mango Ready to eat,18‐3‐2024,Brazilië,FARMHOUSE INTERNATIONAL B.V.,pyraclostrobin,0.0087,0.6,,CONFORM
3777,mangos,86757826,Mango Ready to eat,18‐3‐2024,Brazilië,FARMHOUSE INTERNATIONAL B.V.,Overige bestrijdingsmiddelen,,,,CONFORM
3778,mangos,86758113,Mango Ready to eat,25‐3‐2024,Brazilië,HEEMSKERK FRESH EN EASY,azoxystrobin,0.15,4.0,,CONFORM
3779,mangos,86758113,Mango Ready to eat,25‐3‐2024,Brazilië,HEEMSKERK FRESH EN EASY,fludioxonil,0.076,2.0,,CONFORM
3780,mangos,86758113,Mango Ready to eat,25‐3‐2024,Brazilië,HEEMSKERK FRESH EN EASY,Overige bestrijdingsmiddelen,,,,CONFORM
3781,mangos,86758938,Mango,17‐4‐2024,Landcode onbekend,SLIGRO TILBURG,chloraat,0.035,0.3,,CONFORM
3782,mangos,86758938,Mango,17‐4‐2024,Landcode onbekend,SLIGRO TILBURG,Overige bestrijdingsmiddelen,,,,CONFORM
3783,mangos,86759446,Mango Ready to eat,23‐4‐2024,Brazilië,KRAAIJEVELD,azoxystrobin,0.039,4.0,,CONFORM
3784,mangos,86759446,Mango Ready to eat,23‐4‐2024,Brazilië,KRAAIJEVELD,carbendazim,0.0057,0.5,,CONFORM
3785,mangos,86759446,Mango Ready to eat,23‐4‐2024,Brazilië,KRAAIJEVELD,cyhalothrin‐lambda,0.0065,0.2,,CONFORM
3786,mangos,86759446,Mango Ready to eat,23‐4‐2024,Brazilië,KRAAIJEVELD,fludioxonil,0.029,2.0,,CONFORM
3787,mangos,86759446,Mango Ready to eat,23‐4‐2024,Brazilië,KRAAIJEVELD,Overige bestrijdingsmiddelen,,,,CONFORM
3788,mangos,86779846,Mango,19‐6‐2024,Dominicaanse Republiek,DISTRIBUTIECENTRUM ALBERT HEIJN,fludioxonil,0.49,2.0,,CONFORM
3789,mangos,86779846,Mango,19‐6‐2024,Dominicaanse Republiek,DISTRIBUTIECENTRUM ALBERT HEIJN,Overige bestrijdingsmiddelen,,,,CONFORM
3790,mangos,86782553,palmer,30‐9‐2024,Brazilië,HARVA INTERNATIONAL,azoxystrobin,0.16,4.0,,CONFORM
3791,mangos,86782553,palmer,30‐9‐2024,Brazilië,HARVA INTERNATIONAL,fludioxonil,0.11,2.0,,CONFORM
3792,mangos,86782553,palmer,30‐9‐2024,Brazilië,HARVA INTERNATIONAL,Overige bestrijdingsmiddelen,,,,CONFORM
3793,mangos,86794381,mango,4‐6‐2024,Ivoorkust,POIESZ SUPERMARKTEN SNEEK B.V.,Overige bestrijdingsmiddelen,,,,CONFORM
3794,mangos,86797755,mangoblokjes,8‐4‐2024,België,DE JONG DIEPVRIES B.V.,Overige bestrijdingsmiddelen,,,,CONFORM
3795,mangos,86798158,Mango Keitt,15‐4‐2024,Brazilië,BAKKER CENTRALE INKOOP,azoxystrobin,0.37,4.0,,CONFORM
3796,mangos,86798158,Mango Keitt,15‐4‐2024,Brazilië,BAKKER CENTRALE INKOOP,fludioxonil,0.3,2.0,,CONFORM
3797,mangos,86798158,Mango Keitt,15‐4‐2024,Brazilië,BAKKER CENTRALE INKOOP,Overige bestrijdingsmiddelen,,,,CONFORM
3798,mangos,86798166,Eetrijp Mango,15‐4‐2024,Peru,BAKKER CENTRALE INKOOP,fludioxonil,0.68,2.0,,CONFORM
3799,mangos,86798166,Eetrijp Mango,15‐4‐2024,Peru,BAKKER CENTRALE INKOOP,Overige bestrijdingsmiddelen,,,,CONFORM
3800,mangos,86798859,Baby mango,29‐4‐2024,Colombia,MITROFRESH,Overige bestrijdingsmiddelen,,,,CONFORM
3801,mangos,86800799,Mango,1‐7‐2024,Dominicaanse Republiek,ORKIDE EXOTICS B.V.,azoxystrobin,0.007,4.0,,CONFORM
3802,mangos,86800799,Mango,1‐7‐2024,Dominicaanse Republiek,ORKIDE EXOTICS B.V.,fludioxonil,0.87,2.0,,CONFORM
3803,mangos,86800799,Mango,1‐7‐2024,Dominicaanse Republiek,ORKIDE EXOTICS B.V.,Overige bestrijdingsmiddelen,,,,CONFORM
3804,mangos,86801426,mango palmer,19‐8‐2024,Brazilië,HALUCO B.V.,azoxystrobin,0.51,4.0,,CONFORM
3805,mangos,86801426,mango palmer,19‐8‐2024,Brazilië,HALUCO B.V.,fludioxonil,0.4,2.0,,CONFORM
3806,mangos,86801426,mango palmer,19‐8‐2024,Brazilië,HALUCO B.V.,thiabendazool,0.57,5.0,,CONFORM
3807,mangos,86801426,mango palmer,19‐8‐2024,Brazilië,HALUCO B.V.,Overige bestrijdingsmiddelen,,,,CONFORM
3808,mangos,86801469,Bio Mango,19‐8‐2024,Senegal,BIOTROPIC B.V.,Overige bestrijdingsmiddelen,,,,CONFORM
3809,mangos,86802295,Fresh Mangoes,19‐1‐2024,Peru,NEW GREEN B.V.,fludioxonil,0.12,2.0,,CONFORM
3810,mangos,86802295,Fresh Mangoes,19‐1‐2024,Peru,NEW GREEN B.V.,Overige bestrijdingsmiddelen,,,,CONFORM
3811,mangos,86803453,6147 Mango,14‐2‐2024,Brazilië,ALDI ZOETERMEER B.V.,azoxystrobin,0.29,4.0,,CONFORM
3812,mangos,86803453,6147 Mango,14‐2‐2024,Brazilië,ALDI ZOETERMEER B.V.,fludioxonil,0.24,2.0,,CONFORM
3813,mangos,86803453,6147 Mango,14‐2‐2024,Brazilië,ALDI ZOETERMEER B.V.,Overige bestrijdingsmiddelen,,,,CONFORM
3814,mangos,86804298,frozen organic mango chunks,25‐3‐2024,Peru,FZ ORGANIC FOOD,Overige bestrijdingsmiddelen,,,,CONFORM
3815,mangos,86804549,Alphonso Mangoslices,3‐4‐2024,India,ASIA EXPRESS FOOD B.V.,Overige bestrijdingsmiddelen,,,,CONFORM
3816,mangos,86804646,Frozen Mango chunks,3‐4‐2024,Vietnam,ASIA EXPRESS FOOD B.V.,acefaat,0.0076,0.01,,CONFORM
3817,mangos,86804646,Frozen Mango chunks,3‐4‐2024,Vietnam,ASIA EXPRESS FOOD B.V.,Overige bestrijdingsmiddelen,,,,CONFORM
3818,mangos,86805413,mango,28‐5‐2024,Mali,FIRMA POSTUMA‐KAMPEN,Overige bestrijdingsmiddelen,,,,CONFORM
3819,mangos,86808749,Mangos,25‐9‐2024,Brazilië,PLUS,azoxystrobin,0.13,4.0,,CONFORM
3820,mangos,86808749,Mangos,25‐9‐2024,Brazilië,PLUS,fludioxonil,0.079,2.0,,CONFORM
3821,mangos,86808749,Mangos,25‐9‐2024,Brazilië,PLUS,Overige bestrijdingsmiddelen,,,,CONFORM
3822,mangos,86809583,mango s,29‐5‐2024,Burkina Faso,DISTRIBUTIECENTRUM ALBERT HEIJN,Overige bestrijdingsmiddelen,,,,CONFORM
3823,mangos,86812193,Mango,29‐4‐2024,Peru,G.H. LUKASSEN EN ZOON B.V.,fludioxonil,0.1,2.0,,CONFORM
3824,mangos,86812193,Mango,29‐4‐2024,Peru,G.H. LUKASSEN EN ZOON B.V.,Overige bestrijdingsmiddelen,,,,CONFORM
3825,mangos,86812509,mangos,7‐5‐2024,Brazilië,AARTSEN VENLO B.V.,azoxystrobin,0.21,4.0,,CONFORM
3826,mangos,86812509,mangos,7‐5‐2024,Brazilië,AARTSEN VENLO B.V.,fludioxonil,0.14,2.0,,CONFORM
3827,mangos,86812509,mangos,7‐5‐2024,Brazilië,AARTSEN VENLO B.V.,Overige bestrijdingsmiddelen,,,,CONFORM
3828,mangos,86814501,mango,19‐2‐2024,Peru,DEKAMARKT LOGISTIEK B.V. (VERSCENTRALE),fludioxonil,0.55,2.0,,CONFORM
3829,mangos,86814501,mango,19‐2‐2024,Peru,DEKAMARKT LOGISTIEK B.V. (VERSCENTRALE),Overige bestrijdingsmiddelen,,,,CONFORM
3830,mangos,86815648,mango,13‐5‐2024,Mexico,RUSTENBURG GROOTHANDEL B.V.,Overige bestrijdingsmiddelen,,,,CONFORM
3831,mangos,86822407,Mango Kent Organic,29‐4‐2024,Burkina Faso,VAN DEN BOS FRESHPARTNERS,Overige bestrijdingsmiddelen,,,,CONFORM
3832,mangos,86822415,Mango Amelie Organic,29‐4‐2024,Burkina Faso,VAN DEN BOS FRESHPARTNERS,Overige bestrijdingsmiddelen,,,,CONFORM
3833,mangos,86823764,Mango Ready to eat,14‐6‐2024,Ivoorkust,AGF SIERE B.V.,Overige bestrijdingsmiddelen,,,,CONFORM
3834,mangos,86827492,mango s,9‐1‐2024,Brazilië,GLOBAL PRODUCERS BV,fludioxonil,0.23,2.0,,CONFORM
3835,mangos,86827492,mango s,9‐1‐2024,Brazilië,GLOBAL PRODUCERS BV,Overige bestrijdingsmiddelen,,,,CONFORM
3836,mangos,86832658,mangos,24‐10‐2024,Brazilië,STAAY‐VAN RIJN,azoxystrobin,0.19,4.0,,CONFORM
3837,mangos,86832658,mangos,24‐10‐2024,Brazilië,STAAY‐VAN RIJN,fludioxonil,0.11,2.0,,CONFORM
3838,mangos,86832658,mangos,24‐10‐2024,Brazilië,STAAY‐VAN RIJN,Overige bestrijdingsmiddelen,,,,CONFORM
3839,mangos,86832682,honey mangos,28‐10‐2024,Colombia,EOSTA B.V.,Overige bestrijdingsmiddelen,,,,CONFORM
3840,mangos,86832763,mangos,28‐10‐2024,Brazilië,COMBILO B.V.,azoxystrobin,0.21,4.0,,CONFORM
3841,mangos,86832763,mangos,28‐10‐2024,Brazilië,COMBILO B.V.,fludioxonil,0.067,2.0,,CONFORM
3842,mangos,86832763,mangos,28‐10‐2024,Brazilië,COMBILO B.V.,Overige bestrijdingsmiddelen,,,,CONFORM
3843,mangos,86837048,mango,6‐11‐2024,Brazilië,JAN DE GEUS EN ZN B.V.,azoxystrobin,0.31,4.0,,CONFORM
3844,mangos,86837048,mango,6‐11‐2024,Brazilië,JAN DE GEUS EN ZN B.V.,fludioxonil,0.21,2.0,,CONFORM
3845,mangos,86837048,mango,6‐11‐2024,Brazilië,JAN DE GEUS EN ZN B.V.,Overige bestrijdingsmiddelen,,,,CONFORM
3846,mangos,86844257,Mangoes,4‐11‐2024,Brazilië,BIRCAN & VAN DER WEL B.V.,azoxystrobin,0.23,4.0,,CONFORM
3847,mangos,86844257,Mangoes,4‐11‐2024,Brazilië,BIRCAN & VAN DER WEL B.V.,fludioxonil,0.13,2.0,,CONFORM
3848,mangos,86844257,Mangoes,4‐11‐2024,Brazilië,BIRCAN & VAN DER WEL B.V.,Overige bestrijdingsmiddelen,,,,CONFORM
3849,mangos,86844656,Mango,12‐11‐2024,Brazilië,BEFAIR BIO B.V.,Overige bestrijdingsmiddelen,,,,CONFORM
3850,mangos,86845571,Green Mango,18‐11‐2024,Dominicaanse Republiek,JAGGOE IMPORT,Overige bestrijdingsmiddelen,,,,CONFORM
3851,mangos,86845628,Mango,19‐11‐2024,Brazilië,VAN GEEST INTERNATIONAL B.V.,acefaat,0.0087,0.01,,CONFORM
3852,mangos,86845628,Mango,19‐11‐2024,Brazilië,VAN GEEST INTERNATIONAL B.V.,azoxystrobin,0.17,4.0,,CONFORM
3853,mangos,86845628,Mango,19‐11‐2024,Brazilië,VAN GEEST INTERNATIONAL B.V.,fludioxonil,0.16,2.0,,CONFORM
3854,mangos,86845628,Mango,19‐11‐2024,Brazilië,VAN GEEST INTERNATIONAL B.V.,Overige bestrijdingsmiddelen,,,,CONFORM
3855,mangos,86847329,green mango,20‐11‐2024,Dominicaanse Republiek,HERMAN KUIJPER B.V.,fenylfenol‐2,0.0072,0.01,,CONFORM
3856,mangos,86847329,green mango,20‐11‐2024,Dominicaanse Republiek,HERMAN KUIJPER B.V.,Overige bestrijdingsmiddelen,,,,CONFORM
3857,mangos,86847914,Mango,19‐8‐2024,Dominicaanse Republiek,DETAILRESULT LOGISTIEK,azoxystrobin,0.0096,4.0,,CONFORM
3858,mangos,86847914,Mango,19‐8‐2024,Dominicaanse Republiek,DETAILRESULT LOGISTIEK,fludioxonil,0.45,2.0,,CONFORM
3859,mangos,86847914,Mango,19‐8‐2024,Dominicaanse Republiek,DETAILRESULT LOGISTIEK,tebuconazool,0.0057,0.1,,CONFORM
3860,mangos,86847914,Mango,19‐8‐2024,Dominicaanse Republiek,DETAILRESULT LOGISTIEK,Overige bestrijdingsmiddelen,,,,CONFORM
3861,mangos,86850761,Mango,10‐10‐2024,Brazilië,LIDL,azoxystrobin,0.34,4.0,,CONFORM
3862,mangos,86850761,Mango,10‐10‐2024,Brazilië,LIDL,fludioxonil,0.17,2.0,,CONFORM
3863,mangos,86850761,Mango,10‐10‐2024,Brazilië,LIDL,Overige bestrijdingsmiddelen,,,,CONFORM
3864,mangos,86850826,Mango,16‐10‐2024,Brazilië,FIRMA VEENVLIET,azoxystrobin,0.061,4.0,,CONFORM
3865,mangos,86850826,Mango,16‐10‐2024,Brazilië,FIRMA VEENVLIET,fludioxonil,0.025,2.0,,CONFORM
3866,mangos,86850826,Mango,16‐10‐2024,Brazilië,FIRMA VEENVLIET,Overige bestrijdingsmiddelen,,,,CONFORM
3867,mangos,86867265,mangos,3‐4‐2024,Peru,FRUITY LINE B.V.,cypermethrin,0.0087,0.7,,CONFORM
3868,mangos,86867265,mangos,3‐4‐2024,Peru,FRUITY LINE B.V.,fludioxonil,0.2,2.0,,CONFORM
3869,mangos,86867265,mangos,3‐4‐2024,Peru,FRUITY LINE B.V.,Overige bestrijdingsmiddelen,,,,CONFORM
3870,mangos,86867281,mango,3‐4‐2024,Brazilië,FRUITY LINE B.V.,cyhalothrin‐lambda,0.0058,0.2,,CONFORM
3871,mangos,86867281,mango,3‐4‐2024,Brazilië,FRUITY LINE B.V.,cypermethrin,0.027,0.7,,CONFORM
3872,mangos,86867281,mango,3‐4‐2024,Brazilië,FRUITY LINE B.V.,omethoaat,0.0063,0.01,,CONFORM
3873,mangos,86867281,mango,3‐4‐2024,Brazilië,FRUITY LINE B.V.,Overige bestrijdingsmiddelen,,,,CONFORM
3874,mangos,86867478,mango s,27‐3‐2024,Spanje,FRANKORT & KONING B.V.,azoxystrobin,1.1,4.0,,CONFORM
3875,mangos,86867478,mango s,27‐3‐2024,Spanje,FRANKORT & KONING B.V.,fludioxonil,0.8,2.0,,CONFORM
3876,mangos,86867478,mango s,27‐3‐2024,Spanje,FRANKORT & KONING B.V.,thiabendazool,1.1,5.0,,CONFORM
3877,mangos,86867478,mango s,27‐3‐2024,Spanje,FRANKORT & KONING B.V.,Overige bestrijdingsmiddelen,,,,CONFORM
3878,mangos,86867494,mango s,27‐3‐2024,Brazilië,FRANKORT & KONING B.V.,azoxystrobin,0.51,4.0,,CONFORM
3879,mangos,86867494,mango s,27‐3‐2024,Brazilië,FRANKORT & KONING B.V.,fludioxonil,0.37,2.0,,CONFORM
3880,mangos,86867494,mango s,27‐3‐2024,Brazilië,FRANKORT & KONING B.V.,Overige bestrijdingsmiddelen,,,,CONFORM
3881,mangos,86869144,Mangos,17‐6‐2024,Ivoorkust,JUMBO DISTRIBUTIECENTRUM,fludioxonil,0.67,2.0,,CONFORM
3882,mangos,86869144,Mangos,17‐6‐2024,Ivoorkust,JUMBO DISTRIBUTIECENTRUM,Overige bestrijdingsmiddelen,,,,CONFORM
3883,mangos,86894564,mango s,27‐8‐2024,Israël,AARTSEN VENLO B.V.,fludioxonil,0.15,2.0,,CONFORM
3884,mangos,86894564,mango s,27‐8‐2024,Israël,AARTSEN VENLO B.V.,Overige bestrijdingsmiddelen,,,,CONFORM
3885,mangos,86909731,mango,16‐1‐2024,Brazilië,FIRMA POSTUMA‐KAMPEN,azoxystrobin,0.3,4.0,,CONFORM
3886,mangos,86909731,mango,16‐1‐2024,Brazilië,FIRMA POSTUMA‐KAMPEN,carbendazim,0.0062,0.5,,CONFORM
3887,mangos,86909731,mango,16‐1‐2024,Brazilië,FIRMA POSTUMA‐KAMPEN,fludioxonil,0.19,2.0,,CONFORM
3888,mangos,86909731,mango,16‐1‐2024,Brazilië,FIRMA POSTUMA‐KAMPEN,Overige bestrijdingsmiddelen,,,,CONFORM
3889,mangos,86961741,Mango,15‐10‐2024,Brazilië,ALDI GRONINGEN B.V.,azoxystrobin,0.31,4.0,,CONFORM
3890,mangos,86961741,Mango,15‐10‐2024,Brazilië,ALDI GRONINGEN B.V.,fludioxonil,0.2,2.0,,CONFORM
3891,mangos,86961741,Mango,15‐10‐2024,Brazilië,ALDI GRONINGEN B.V.,Overige bestrijdingsmiddelen,,,,CONFORM
3892,mangos,86974886,Mangoes,14‐11‐2024,Brazilië,FRUTOS TROPICALES EUROPE B.V.,azoxystrobin,0.67,4.0,,CONFORM
3893,mangos,86974886,Mangoes,14‐11‐2024,Brazilië,FRUTOS TROPICALES EUROPE B.V.,fludioxonil,0.38,2.0,,CONFORM
3894,mangos,86974886,Mangoes,14‐11‐2024,Brazilië,FRUTOS TROPICALES EUROPE B.V.,Overige bestrijdingsmiddelen,,,,CONFORM
3895,mangos,86974894,Mangoes,14‐11‐2024,Brazilië,FRUTOS TROPICALES EUROPE B.V.,azoxystrobin,0.36,4.0,,CONFORM
3896,mangos,86974894,Mangoes,14‐11‐2024,Brazilië,FRUTOS TROPICALES EUROPE B.V.,fludioxonil,0.25,2.0,,CONFORM
3897,mangos,86974894,Mangoes,14‐11‐2024,Brazilië,FRUTOS TROPICALES EUROPE B.V.,Overige bestrijdingsmiddelen,,,,CONFORM
3898,mangos,86974908,Mangoes,14‐11‐2024,Brazilië,FRUTOS TROPICALES EUROPE B.V.,azoxystrobin,0.66,4.0,,CONFORM
3899,mangos,86974908,Mangoes,14‐11‐2024,Brazilië,FRUTOS TROPICALES EUROPE B.V.,fludioxonil,0.47,2.0,,CONFORM
3900,mangos,86974908,Mangoes,14‐11‐2024,Brazilië,FRUTOS TROPICALES EUROPE B.V.,Overige bestrijdingsmiddelen,,,,CONFORM
3901,mangos,86974916,Mangoes,14‐11‐2024,Brazilië,FRUTOS TROPICALES EUROPE B.V.,azoxystrobin,0.77,4.0,,CONFORM
3902,mangos,86974916,Mangoes,14‐11‐2024,Brazilië,FRUTOS TROPICALES EUROPE B.V.,fludioxonil,0.63,2.0,,CONFORM
3903,mangos,86974916,Mangoes,14‐11‐2024,Brazilië,FRUTOS TROPICALES EUROPE B.V.,Overige bestrijdingsmiddelen,,,,CONFORM
3904,mangos,86974967,Mangos,19‐11‐2024,Spanje,4 FRUIT COMPANY B.V.,Overige bestrijdingsmiddelen,,,,CONFORM
3905,mangos,86975122,Mango Kent,26‐11‐2024,Brazilië,AGF SIERE B.V.,azoxystrobin,0.19,4.0,,CONFORM
3906,mangos,86975122,Mango Kent,26‐11‐2024,Brazilië,AGF SIERE B.V.,carbendazim,0.0083,0.5,,CONFORM
3907,mangos,86975122,Mango Kent,26‐11‐2024,Brazilië,AGF SIERE B.V.,fludioxonil,0.096,2.0,,CONFORM
3908,mangos,86975122,Mango Kent,26‐11‐2024,Brazilië,AGF SIERE B.V.,Overige bestrijdingsmiddelen,,,,CONFORM
3909,mangos,86984768,Mangos,13‐11‐2024,Brazilië,HENK VAN WALDERVEEN EN ZONEN B.V.,azoxystrobin,0.17,4.0,,CONFORM
3910,mangos,86984768,Mangos,13‐11‐2024,Brazilië,HENK VAN WALDERVEEN EN ZONEN B.V.,fludioxonil,0.14,2.0,,CONFORM
3911,mangos,86984768,Mangos,13‐11‐2024,Brazilië,HENK VAN WALDERVEEN EN ZONEN B.V.,Overige bestrijdingsmiddelen,,,,CONFORM
3912,mangos,86984792,Mangos,13‐11‐2024,Brazilië,HENK VAN WALDERVEEN EN ZONEN B.V.,azoxystrobin,0.17,4.0,,CONFORM
3913,mangos,86984792,Mangos,13‐11‐2024,Brazilië,HENK VAN WALDERVEEN EN ZONEN B.V.,carbendazim,0.0081,0.5,,CONFORM
3914,mangos,86984792,Mangos,13‐11‐2024,Brazilië,HENK VAN WALDERVEEN EN ZONEN B.V.,fludioxonil,0.075,2.0,,CONFORM
3915,mangos,86984792,Mangos,13‐11‐2024,Brazilië,HENK VAN WALDERVEEN EN ZONEN B.V.,Overige bestrijdingsmiddelen,,,,CONFORM
3916,mangos,86985403,mangos,26‐11‐2024,Peru,FRESH EN CASH GROENTE‐EN FRUITMARKTEN B.V.,fludioxonil,0.1,2.0,,CONFORM
3917,mangos,86985403,mangos,26‐11‐2024,Peru,FRESH EN CASH GROENTE‐EN FRUITMARKTEN B.V.,Overige bestrijdingsmiddelen,,,,CONFORM
3918,mangos,86995948,mango,11‐3‐2024,Peru,KONINKLIJKE VEZET B.V.,fludioxonil,0.29,2.0,,CONFORM
3919,mangos,86995948,mango,11‐3‐2024,Peru,KONINKLIJKE VEZET B.V.,Overige bestrijdingsmiddelen,,,,CONFORM
3920,mangos,86997606,mango,30‐9‐2024,Brazilië,O. SMEDING EN ZOON B.V.,azoxystrobin,0.86,4.0,,CONFORM
3921,mangos,86997606,mango,30‐9‐2024,Brazilië,O. SMEDING EN ZOON B.V.,cyhalothrin‐lambda,0.0056,0.2,,CONFORM
3922,mangos,86997606,mango,30‐9‐2024,Brazilië,O. SMEDING EN ZOON B.V.,fludioxonil,0.61,2.0,,CONFORM
3923,mangos,86997606,mango,30‐9‐2024,Brazilië,O. SMEDING EN ZOON B.V.,Overige bestrijdingsmiddelen,,,,CONFORM
3924,mangos,86999072,mango,30‐10‐2024,Brazilië,AGF OVERTOOM GROOTHANDEL EN HORECALEVERANCIER B.V.,azoxystrobin,0.11,4.0,,CONFORM
3925,mangos,86999072,mango,30‐10‐2024,Brazilië,AGF OVERTOOM GROOTHANDEL EN HORECALEVERANCIER B.V.,fludioxonil,0.057,2.0,,CONFORM
3926,mangos,86999072,mango,30‐10‐2024,Brazilië,AGF OVERTOOM GROOTHANDEL EN HORECALEVERANCIER B.V.,Overige bestrijdingsmiddelen,,,,CONFORM
3927,mangosteens,86769743,mangosteen,26‐2‐2024,Indonesië,ROVEG FRUIT B.V.,Overige bestrijdingsmiddelen,,,,CONFORM
3928,mangosteens,86798867,Baby mango,29‐4‐2024,Maleisië,MITROFRESH,carbendazim,0.023,0.2,,CONFORM
3929,mangosteens,86798867,Baby mango,29‐4‐2024,Maleisië,MITROFRESH,cypermethrin,0.015,0.5,,CONFORM
3930,mangosteens,86798867,Baby mango,29‐4‐2024,Maleisië,MITROFRESH,profenofos,0.006,0.01,,CONFORM
3931,mangosteens,86798867,Baby mango,29‐4‐2024,Maleisië,MITROFRESH,Overige bestrijdingsmiddelen,,,,CONFORM
3932,mangosteens,86805227,mangosteen,23‐4‐2024,Indonesië,W. KARSTEN (CEKA),thiabendazool,0.0051,10.0,,CONFORM
3933,mangosteens,86805227,mangosteen,23‐4‐2024,Indonesië,W. KARSTEN (CEKA),Overige bestrijdingsmiddelen,,,,CONFORM
3934,mate thee,86924986,Piporé Yerba Mate,27‐5‐2024,Landcode onbekend,YARAFOOD,Overige bestrijdingsmiddelen,,,,CONFORM
3935,mate thee,86925036,Yerba Mate,28‐5‐2024,Sri Lanka,HANDELSONDERNEMING KARA ENSCHEDE,anthrachinon,0.16,0.02,,NIET CONFORM
3936,mate thee,86925036,Yerba Mate,28‐5‐2024,Sri Lanka,HANDELSONDERNEMING KARA ENSCHEDE,bifenthrin,0.013,0.1,,CONFORM
3937,mate thee,86925036,Yerba Mate,28‐5‐2024,Sri Lanka,HANDELSONDERNEMING KARA ENSCHEDE,cypermethrin,0.018,0.1,,CONFORM
3938,mate thee,86925036,Yerba Mate,28‐5‐2024,Sri Lanka,HANDELSONDERNEMING KARA ENSCHEDE,Overige bestrijdingsmiddelen,,,,CONFORM
3939,meloenen,86758911,Meloenen Galia,8‐4‐2024,Honduras,QUALITY PRODUCE INTERNATIONAL (QPI),boscalid,0.028,3.0,,CONFORM
3940,meloenen,86758911,Meloenen Galia,8‐4‐2024,Honduras,QUALITY PRODUCE INTERNATIONAL (QPI),difenoconazool,0.0089,0.2,,CONFORM
3941,meloenen,86758911,Meloenen Galia,8‐4‐2024,Honduras,QUALITY PRODUCE INTERNATIONAL (QPI),fluopicolide,0.012,0.5,,CONFORM
3942,meloenen,86758911,Meloenen Galia,8‐4‐2024,Honduras,QUALITY PRODUCE INTERNATIONAL (QPI),imazalil,0.81,2.0,,CONFORM
3943,meloenen,86758911,Meloenen Galia,8‐4‐2024,Honduras,QUALITY PRODUCE INTERNATIONAL (QPI),propamocarb,0.14,5.0,,CONFORM
3944,meloenen,86758911,Meloenen Galia,8‐4‐2024,Honduras,QUALITY PRODUCE INTERNATIONAL (QPI),pyraclostrobin,0.0082,0.5,,CONFORM
3945,meloenen,86758911,Meloenen Galia,8‐4‐2024,Honduras,QUALITY PRODUCE INTERNATIONAL (QPI),Overige bestrijdingsmiddelen,,,,CONFORM
3946,meloenen,86759543,Cantaloupe melons,23‐4‐2024,Honduras,KRAAIJEVELD,boscalid,0.0073,3.0,,CONFORM
3947,meloenen,86759543,Cantaloupe melons,23‐4‐2024,Honduras,KRAAIJEVELD,fluopicolide,0.011,0.5,,CONFORM
3948,meloenen,86759543,Cantaloupe melons,23‐4‐2024,Honduras,KRAAIJEVELD,imazalil,0.95,2.0,,CONFORM
3949,meloenen,86759543,Cantaloupe melons,23‐4‐2024,Honduras,KRAAIJEVELD,propamocarb,0.21,5.0,,CONFORM
3950,meloenen,86759543,Cantaloupe melons,23‐4‐2024,Honduras,KRAAIJEVELD,thiabendazool,0.0066,0.01,,CONFORM
3951,meloenen,86759543,Cantaloupe melons,23‐4‐2024,Honduras,KRAAIJEVELD,Overige bestrijdingsmiddelen,,,,CONFORM
3952,meloenen,86781433,Cantaloupemelon,26‐6‐2024,Spanje,LIDL,chloorantraniliprole,0.0054,0.3,,CONFORM
3953,meloenen,86781433,Cantaloupemelon,26‐6‐2024,Spanje,LIDL,difenoconazool,0.014,0.2,,CONFORM
3954,meloenen,86781433,Cantaloupemelon,26‐6‐2024,Spanje,LIDL,mandipropamid,0.0057,0.5,,CONFORM
3955,meloenen,86781433,Cantaloupemelon,26‐6‐2024,Spanje,LIDL,penconazool,0.0051,0.15,,CONFORM
3956,meloenen,86781433,Cantaloupemelon,26‐6‐2024,Spanje,LIDL,Overige bestrijdingsmiddelen,,,,CONFORM
3957,meloenen,86782499,Galia melon,30‐9‐2024,Spanje,V.O.F. GROOTHANDEL W. VAN GULIK,Overige bestrijdingsmiddelen,,,,CONFORM
3958,meloenen,86798026,Meloen Galia,15‐4‐2024,Honduras,BAKKER CENTRALE INKOOP,boscalid,0.0088,3.0,,CONFORM
3959,meloenen,86798026,Meloen Galia,15‐4‐2024,Honduras,BAKKER CENTRALE INKOOP,imazalil,0.96,2.0,,CONFORM
3960,meloenen,86798026,Meloen Galia,15‐4‐2024,Honduras,BAKKER CENTRALE INKOOP,Overige bestrijdingsmiddelen,,,,CONFORM
3961,meloenen,86800705,Melon Kelek,1‐7‐2024,Turkije,WELFRUIT ROTTERDAM,Overige bestrijdingsmiddelen,,,,CONFORM
3962,meloenen,86800748,Galia Melon,1‐7‐2024,Spanje,ORKIDE EXOTICS B.V.,cypermethrin,0.0086,0.2,,CONFORM
3963,meloenen,86800748,Galia Melon,1‐7‐2024,Spanje,ORKIDE EXOTICS B.V.,Overige bestrijdingsmiddelen,,,,CONFORM
3964,meloenen,86802228,Galia Meloen,19‐1‐2024,Brazilië,QUALITY PRODUCE INTERNATIONAL (QPI),azoxystrobin,0.045,1.0,,CONFORM
3965,meloenen,86802228,Galia Meloen,19‐1‐2024,Brazilië,QUALITY PRODUCE INTERNATIONAL (QPI),bromide,2.4,30.0,,CONFORM
3966,meloenen,86802228,Galia Meloen,19‐1‐2024,Brazilië,QUALITY PRODUCE INTERNATIONAL (QPI),fludioxonil,0.025,0.3,,CONFORM
3967,meloenen,86802228,Galia Meloen,19‐1‐2024,Brazilië,QUALITY PRODUCE INTERNATIONAL (QPI),koper,0.37,5.0,,CONFORM
3968,meloenen,86802228,Galia Meloen,19‐1‐2024,Brazilië,QUALITY PRODUCE INTERNATIONAL (QPI),Overige bestrijdingsmiddelen,,,,CONFORM
3969,meloenen,86803968,Galia meloen,4‐3‐2024,Brazilië,VOMAR (DC),azoxystrobin,0.025,1.0,,CONFORM
3970,meloenen,86803968,Galia meloen,4‐3‐2024,Brazilië,VOMAR (DC),difenoconazool,0.0075,0.2,,CONFORM
3971,meloenen,86803968,Galia meloen,4‐3‐2024,Brazilië,VOMAR (DC),fluxapyroxad,0.0055,0.15,,CONFORM
3972,meloenen,86803968,Galia meloen,4‐3‐2024,Brazilië,VOMAR (DC),imazalil,0.12,2.0,,CONFORM
3973,meloenen,86803968,Galia meloen,4‐3‐2024,Brazilië,VOMAR (DC),sulfoxaflor,0.0067,0.5,,CONFORM
3974,meloenen,86803968,Galia meloen,4‐3‐2024,Brazilië,VOMAR (DC),Overige bestrijdingsmiddelen,,,,CONFORM
3975,meloenen,86808897,Yellow Honey Dew,30‐9‐2024,Brazilië,DE GOUDEN MANDARIJN B.V.,acetamiprid,0.12,0.2,,CONFORM
3976,meloenen,86808897,Yellow Honey Dew,30‐9‐2024,Brazilië,DE GOUDEN MANDARIJN B.V.,chloorantraniliprole,0.021,0.3,,CONFORM
3977,meloenen,86808897,Yellow Honey Dew,30‐9‐2024,Brazilië,DE GOUDEN MANDARIJN B.V.,difenoconazool,0.043,0.2,,CONFORM
3978,meloenen,86808897,Yellow Honey Dew,30‐9‐2024,Brazilië,DE GOUDEN MANDARIJN B.V.,fluopyram,0.031,0.9,,CONFORM
3979,meloenen,86808897,Yellow Honey Dew,30‐9‐2024,Brazilië,DE GOUDEN MANDARIJN B.V.,flutriafol,0.028,0.3,,CONFORM
3980,meloenen,86808897,Yellow Honey Dew,30‐9‐2024,Brazilië,DE GOUDEN MANDARIJN B.V.,procymidon,0.023,0.01,,NIET CONFORM
3981,meloenen,86808897,Yellow Honey Dew,30‐9‐2024,Brazilië,DE GOUDEN MANDARIJN B.V.,Overige bestrijdingsmiddelen,,,,CONFORM
3982,meloenen,86816016,wit/oranje luxe cantaloupe meloen,28‐5‐2024,Italië,FIRMA POSTUMA‐KAMPEN,chloorantraniliprole,0.0071,0.3,,CONFORM
3983,meloenen,86816016,wit/oranje luxe cantaloupe meloen,28‐5‐2024,Italië,FIRMA POSTUMA‐KAMPEN,flonicamid (som),0.028,0.4,,CONFORM
3984,meloenen,86816016,wit/oranje luxe cantaloupe meloen,28‐5‐2024,Italië,FIRMA POSTUMA‐KAMPEN,hexythiazox,0.0089,0.07,,CONFORM
3985,meloenen,86816016,wit/oranje luxe cantaloupe meloen,28‐5‐2024,Italië,FIRMA POSTUMA‐KAMPEN,isopyrazam,0.0066,0.3,,CONFORM
3986,meloenen,86816016,wit/oranje luxe cantaloupe meloen,28‐5‐2024,Italië,FIRMA POSTUMA‐KAMPEN,metrafenon,0.0098,0.5,,CONFORM
3987,meloenen,86816016,wit/oranje luxe cantaloupe meloen,28‐5‐2024,Italië,FIRMA POSTUMA‐KAMPEN,Overige bestrijdingsmiddelen,,,,CONFORM
3988,meloenen,86822148,Meloeneb YHD ‐yellow honeydew,24‐4‐2024,Brazilië,THE GREENERY B.V.,acetamiprid,0.012,0.2,,CONFORM
3989,meloenen,86822148,Meloeneb YHD ‐yellow honeydew,24‐4‐2024,Brazilië,THE GREENERY B.V.,cyazofamid,0.0059,0.15,,CONFORM
3990,meloenen,86822148,Meloeneb YHD ‐yellow honeydew,24‐4‐2024,Brazilië,THE GREENERY B.V.,flutriafol,0.009,0.3,,CONFORM
3991,meloenen,86822148,Meloeneb YHD ‐yellow honeydew,24‐4‐2024,Brazilië,THE GREENERY B.V.,imidacloprid,0.0053,0.15,,CONFORM
3992,meloenen,86822148,Meloeneb YHD ‐yellow honeydew,24‐4‐2024,Brazilië,THE GREENERY B.V.,Overige bestrijdingsmiddelen,,,,CONFORM
3993,meloenen,86823446,Melón Galia,3‐6‐2024,Spanje,BOON FOOD GROUP BV,ametoctradin,0.011,3.0,,CONFORM
3994,meloenen,86823446,Melón Galia,3‐6‐2024,Spanje,BOON FOOD GROUP BV,boscalid,0.0093,3.0,,CONFORM
3995,meloenen,86823446,Melón Galia,3‐6‐2024,Spanje,BOON FOOD GROUP BV,Overige bestrijdingsmiddelen,,,,CONFORM
3996,meloenen,86827379,honing meloen,9‐1‐2024,Brazilië,GLOBAL PRODUCERS BV,azoxystrobin,0.029,1.0,,CONFORM
3997,meloenen,86827379,honing meloen,9‐1‐2024,Brazilië,GLOBAL PRODUCERS BV,bromide,4.7,30.0,,CONFORM
3998,meloenen,86827379,honing meloen,9‐1‐2024,Brazilië,GLOBAL PRODUCERS BV,fludioxonil,0.022,0.3,,CONFORM
3999,meloenen,86827379,honing meloen,9‐1‐2024,Brazilië,GLOBAL PRODUCERS BV,imidacloprid,0.0053,0.15,,CONFORM
4000,meloenen,86827379,honing meloen,9‐1‐2024,Brazilië,GLOBAL PRODUCERS BV,koper,0.35,5.0,,CONFORM
4001,meloenen,86827379,honing meloen,9‐1‐2024,Brazilië,GLOBAL PRODUCERS BV,Overige bestrijdingsmiddelen,,,,CONFORM
4002,meloenen,86827476,Galia meloen,9‐1‐2024,Brazilië,GLOBAL PRODUCERS BV,azoxystrobin,0.019,1.0,,CONFORM
4003,meloenen,86827476,Galia meloen,9‐1‐2024,Brazilië,GLOBAL PRODUCERS BV,bromide,4.0,30.0,,CONFORM
4004,meloenen,86827476,Galia meloen,9‐1‐2024,Brazilië,GLOBAL PRODUCERS BV,chloorantraniliprole,0.0071,0.3,,CONFORM
4005,meloenen,86827476,Galia meloen,9‐1‐2024,Brazilië,GLOBAL PRODUCERS BV,cypermethrin,0.0098,0.2,,CONFORM
4006,meloenen,86827476,Galia meloen,9‐1‐2024,Brazilië,GLOBAL PRODUCERS BV,difenoconazool,0.012,0.2,,CONFORM
4007,meloenen,86827476,Galia meloen,9‐1‐2024,Brazilië,GLOBAL PRODUCERS BV,flutriafol,0.0075,0.3,,CONFORM
4008,meloenen,86827476,Galia meloen,9‐1‐2024,Brazilië,GLOBAL PRODUCERS BV,koper,0.38,5.0,,CONFORM
4009,meloenen,86827476,Galia meloen,9‐1‐2024,Brazilië,GLOBAL PRODUCERS BV,Overige bestrijdingsmiddelen,,,,CONFORM
4010,meloenen,86827484,cantaloupe,9‐1‐2024,Brazilië,GLOBAL PRODUCERS BV,azoxystrobin,0.017,1.0,,CONFORM
4011,meloenen,86827484,cantaloupe,9‐1‐2024,Brazilië,GLOBAL PRODUCERS BV,bromide,2.2,30.0,,CONFORM
4012,meloenen,86827484,cantaloupe,9‐1‐2024,Brazilië,GLOBAL PRODUCERS BV,koper,0.48,5.0,,CONFORM
4013,meloenen,86827484,cantaloupe,9‐1‐2024,Brazilië,GLOBAL PRODUCERS BV,pyraclostrobin,0.0052,0.5,,CONFORM
4014,meloenen,86827484,cantaloupe,9‐1‐2024,Brazilië,GLOBAL PRODUCERS BV,Overige bestrijdingsmiddelen,,,,CONFORM
4015,meloenen,86844575,White honery Dew,12‐11‐2024,Brazilië,REIS IM EXPORT,azoxystrobin,0.031,1.0,,CONFORM
4016,meloenen,86844575,White honery Dew,12‐11‐2024,Brazilië,REIS IM EXPORT,fludioxonil,0.024,0.3,,CONFORM
4017,meloenen,86844575,White honery Dew,12‐11‐2024,Brazilië,REIS IM EXPORT,imidacloprid,0.01,0.15,,CONFORM
4018,meloenen,86844575,White honery Dew,12‐11‐2024,Brazilië,REIS IM EXPORT,Overige bestrijdingsmiddelen,,,,CONFORM
4019,meloenen,86844591,Melon YHD eldor,12‐11‐2024,Brazilië,REIS IM EXPORT,azoxystrobin,0.081,1.0,,CONFORM
4020,meloenen,86844591,Melon YHD eldor,12‐11‐2024,Brazilië,REIS IM EXPORT,fludioxonil,0.056,0.3,,CONFORM
4021,meloenen,86844591,Melon YHD eldor,12‐11‐2024,Brazilië,REIS IM EXPORT,Overige bestrijdingsmiddelen,,,,CONFORM
4022,meloenen,86846128,Galia meloen,23‐10‐2024,Brazilië,LIDL,acetamiprid,0.01,0.2,,CONFORM
4023,meloenen,86846128,Galia meloen,23‐10‐2024,Brazilië,LIDL,azoxystrobin,0.018,1.0,,CONFORM
4024,meloenen,86846128,Galia meloen,23‐10‐2024,Brazilië,LIDL,cyhalothrin‐lambda,0.0086,0.06,,CONFORM
4025,meloenen,86846128,Galia meloen,23‐10‐2024,Brazilië,LIDL,difenoconazool,0.0086,0.2,,CONFORM
4026,meloenen,86846128,Galia meloen,23‐10‐2024,Brazilië,LIDL,imazalil,0.15,2.0,,CONFORM
4027,meloenen,86846128,Galia meloen,23‐10‐2024,Brazilië,LIDL,Overige bestrijdingsmiddelen,,,,CONFORM
4028,meloenen,86847906,Galia Meloen,19‐8‐2024,Spanje,DETAILRESULT LOGISTIEK,Overige bestrijdingsmiddelen,,,,CONFORM
4029,meloenen,86851229,Galia Meloenen,5‐11‐2024,Brazilië,DISTRIBUTIECENTRUM ALBERT HEIJN,imazalil,0.25,2.0,,CONFORM
4030,meloenen,86851229,Galia Meloenen,5‐11‐2024,Brazilië,DISTRIBUTIECENTRUM ALBERT HEIJN,Overige bestrijdingsmiddelen,,,,CONFORM
4031,meloenen,86867443,honing meloenen,27‐3‐2024,Spanje,FRANKORT & KONING B.V.,fludioxonil,0.036,0.3,,CONFORM
4032,meloenen,86867443,honing meloenen,27‐3‐2024,Spanje,FRANKORT & KONING B.V.,fluopicolide,0.0058,0.5,,CONFORM
4033,meloenen,86867443,honing meloenen,27‐3‐2024,Spanje,FRANKORT & KONING B.V.,imazalil,0.11,2.0,,CONFORM
4034,meloenen,86867443,honing meloenen,27‐3‐2024,Spanje,FRANKORT & KONING B.V.,propamocarb,0.28,5.0,,CONFORM
4035,meloenen,86867443,honing meloenen,27‐3‐2024,Spanje,FRANKORT & KONING B.V.,Overige bestrijdingsmiddelen,,,,CONFORM
4036,meloenen,86869152,Cantaloupe,17‐6‐2024,Spanje,JUMBO DISTRIBUTIECENTRUM,fluopicolide,0.022,0.5,,CONFORM
4037,meloenen,86869152,Cantaloupe,17‐6‐2024,Spanje,JUMBO DISTRIBUTIECENTRUM,fluopyram,0.029,0.9,,CONFORM
4038,meloenen,86869152,Cantaloupe,17‐6‐2024,Spanje,JUMBO DISTRIBUTIECENTRUM,propamocarb,0.093,5.0,,CONFORM
4039,meloenen,86869152,Cantaloupe,17‐6‐2024,Spanje,JUMBO DISTRIBUTIECENTRUM,trifloxystrobin,0.0062,0.3,,CONFORM
4040,meloenen,86869152,Cantaloupe,17‐6‐2024,Spanje,JUMBO DISTRIBUTIECENTRUM,Overige bestrijdingsmiddelen,,,,CONFORM
4041,meloenen,86895021,Galia meloenen,13‐9‐2024,Brazilië,SCHERPENHUIZEN B.V.,acetamiprid,0.0054,0.2,,CONFORM
4042,meloenen,86895021,Galia meloenen,13‐9‐2024,Brazilië,SCHERPENHUIZEN B.V.,azoxystrobin,0.0065,1.0,,CONFORM
4043,meloenen,86895021,Galia meloenen,13‐9‐2024,Brazilië,SCHERPENHUIZEN B.V.,imazalil,0.15,2.0,,CONFORM
4044,meloenen,86895021,Galia meloenen,13‐9‐2024,Brazilië,SCHERPENHUIZEN B.V.,Overige bestrijdingsmiddelen,,,,CONFORM
4045,meloenen,86896303,Galia meloenen,8‐10‐2024,Brazilië,ALDI DISTRIBUTIECENTRUM,acetamiprid,0.006,0.2,,CONFORM
4046,meloenen,86896303,Galia meloenen,8‐10‐2024,Brazilië,ALDI DISTRIBUTIECENTRUM,azoxystrobin,0.0071,1.0,,CONFORM
4047,meloenen,86896303,Galia meloenen,8‐10‐2024,Brazilië,ALDI DISTRIBUTIECENTRUM,chloorantraniliprole,0.0051,0.3,,CONFORM
4048,meloenen,86896303,Galia meloenen,8‐10‐2024,Brazilië,ALDI DISTRIBUTIECENTRUM,difenoconazool,0.0086,0.2,,CONFORM
4049,meloenen,86896303,Galia meloenen,8‐10‐2024,Brazilië,ALDI DISTRIBUTIECENTRUM,imazalil,0.11,2.0,,CONFORM
4050,meloenen,86896303,Galia meloenen,8‐10‐2024,Brazilië,ALDI DISTRIBUTIECENTRUM,Overige bestrijdingsmiddelen,,,,CONFORM
4051,meloenen,86909707,Honing meloen,16‐1‐2024,Brazilië,FIRMA POSTUMA‐KAMPEN,azoxystrobin,0.031,1.0,,CONFORM
4052,meloenen,86909707,Honing meloen,16‐1‐2024,Brazilië,FIRMA POSTUMA‐KAMPEN,fludioxonil,0.028,0.3,,CONFORM
4053,meloenen,86909707,Honing meloen,16‐1‐2024,Brazilië,FIRMA POSTUMA‐KAMPEN,imidacloprid,0.018,0.15,,CONFORM
4054,meloenen,86909707,Honing meloen,16‐1‐2024,Brazilië,FIRMA POSTUMA‐KAMPEN,koper,0.65,5.0,,CONFORM
4055,meloenen,86909707,Honing meloen,16‐1‐2024,Brazilië,FIRMA POSTUMA‐KAMPEN,Overige bestrijdingsmiddelen,,,,CONFORM
4056,meloenen,86909715,Piel de Sapo meloen,16‐1‐2024,Landcode onbekend,FIRMA POSTUMA‐KAMPEN,azoxystrobin,0.047,1.0,,CONFORM
4057,meloenen,86909715,Piel de Sapo meloen,16‐1‐2024,Landcode onbekend,FIRMA POSTUMA‐KAMPEN,bromide,1.4,30.0,,CONFORM
4058,meloenen,86909715,Piel de Sapo meloen,16‐1‐2024,Landcode onbekend,FIRMA POSTUMA‐KAMPEN,fludioxonil,0.031,0.3,,CONFORM
4059,meloenen,86909715,Piel de Sapo meloen,16‐1‐2024,Landcode onbekend,FIRMA POSTUMA‐KAMPEN,koper,0.35,5.0,,CONFORM
4060,meloenen,86909715,Piel de Sapo meloen,16‐1‐2024,Landcode onbekend,FIRMA POSTUMA‐KAMPEN,Overige bestrijdingsmiddelen,,,,CONFORM
4061,meloenen,86909758,Galia Meloen,16‐1‐2024,Brazilië,FIRMA POSTUMA‐KAMPEN,acetamiprid,0.023,0.2,,CONFORM
4062,meloenen,86909758,Galia Meloen,16‐1‐2024,Brazilië,FIRMA POSTUMA‐KAMPEN,bromide,2.3,30.0,,CONFORM
4063,meloenen,86909758,Galia Meloen,16‐1‐2024,Brazilië,FIRMA POSTUMA‐KAMPEN,chloorantraniliprole,0.012,0.3,,CONFORM
4064,meloenen,86909758,Galia Meloen,16‐1‐2024,Brazilië,FIRMA POSTUMA‐KAMPEN,imazalil,0.37,2.0,,CONFORM
4065,meloenen,86909758,Galia Meloen,16‐1‐2024,Brazilië,FIRMA POSTUMA‐KAMPEN,koper,0.24,5.0,,CONFORM
4066,meloenen,86909758,Galia Meloen,16‐1‐2024,Brazilië,FIRMA POSTUMA‐KAMPEN,Overige bestrijdingsmiddelen,,,,CONFORM
4067,meloenen,86909766,Cantaloupe Meloen,16‐1‐2024,Brazilië,FIRMA POSTUMA‐KAMPEN,bromide,1.6,30.0,,CONFORM
4068,meloenen,86909766,Cantaloupe Meloen,16‐1‐2024,Brazilië,FIRMA POSTUMA‐KAMPEN,imazalil,0.19,2.0,,CONFORM
4069,meloenen,86909766,Cantaloupe Meloen,16‐1‐2024,Brazilië,FIRMA POSTUMA‐KAMPEN,koper,0.24,5.0,,CONFORM
4070,meloenen,86909766,Cantaloupe Meloen,16‐1‐2024,Brazilië,FIRMA POSTUMA‐KAMPEN,Overige bestrijdingsmiddelen,,,,CONFORM
4071,meloenen,86956284,Meloen cantaloupe italian,8‐3‐2024,Brazilië,DE GROOT FRUIT & VEGETABLES B.V.,flutriafol,0.016,0.3,,CONFORM
4072,meloenen,86956284,Meloen cantaloupe italian,8‐3‐2024,Brazilië,DE GROOT FRUIT & VEGETABLES B.V.,imazalil,0.37,2.0,,CONFORM
4073,meloenen,86956284,Meloen cantaloupe italian,8‐3‐2024,Brazilië,DE GROOT FRUIT & VEGETABLES B.V.,imidacloprid,0.0086,0.15,,CONFORM
4074,meloenen,86956284,Meloen cantaloupe italian,8‐3‐2024,Brazilië,DE GROOT FRUIT & VEGETABLES B.V.,Overige bestrijdingsmiddelen,,,,CONFORM
4075,meloenen,86961733,Honing meloen,15‐10‐2024,Brazilië,ALDI GRONINGEN B.V.,chloorantraniliprole,0.0058,0.3,,CONFORM
4076,meloenen,86961733,Honing meloen,15‐10‐2024,Brazilië,ALDI GRONINGEN B.V.,Overige bestrijdingsmiddelen,,,,CONFORM
4077,meloenen,86963523,Galia meloenen,2‐9‐2024,Brazilië,JAGER HOLLAND B.V.,azoxystrobin,0.045,1.0,,CONFORM
4078,meloenen,86963523,Galia meloenen,2‐9‐2024,Brazilië,JAGER HOLLAND B.V.,fludioxonil,0.03,0.3,,CONFORM
4079,meloenen,86963523,Galia meloenen,2‐9‐2024,Brazilië,JAGER HOLLAND B.V.,fluopicolide,0.0067,0.5,,CONFORM
4080,meloenen,86963523,Galia meloenen,2‐9‐2024,Brazilië,JAGER HOLLAND B.V.,sulfoxaflor,0.0078,0.5,,CONFORM
4081,meloenen,86963523,Galia meloenen,2‐9‐2024,Brazilië,JAGER HOLLAND B.V.,Overige bestrijdingsmiddelen,,,,CONFORM
4082,meloenen,86975157,Melon,26‐11‐2024,Brazilië,AGF SIERE B.V.,difenoconazool,0.0066,0.2,,CONFORM
4083,meloenen,86975157,Melon,26‐11‐2024,Brazilië,AGF SIERE B.V.,imazalil,0.15,2.0,,CONFORM
4084,meloenen,86975157,Melon,26‐11‐2024,Brazilië,AGF SIERE B.V.,thiabendazool,0.0051,0.01,,CONFORM
4085,meloenen,86975157,Melon,26‐11‐2024,Brazilië,AGF SIERE B.V.,Overige bestrijdingsmiddelen,,,,CONFORM
4086,meloenen,99368667,cantaloupe los 2st,24‐7‐2024,Spanje,POIESZ SUPERMARKTEN,ametoctradin,0.011,3.0,,CONFORM
4087,meloenen,99368667,cantaloupe los 2st,24‐7‐2024,Spanje,POIESZ SUPERMARKTEN,boscalid,0.017,3.0,,CONFORM
4088,meloenen,99368667,cantaloupe los 2st,24‐7‐2024,Spanje,POIESZ SUPERMARKTEN,chloorantraniliprole,0.0051,0.3,,CONFORM
4089,meloenen,99368667,cantaloupe los 2st,24‐7‐2024,Spanje,POIESZ SUPERMARKTEN,koper,0.43,5.0,,CONFORM
4090,meloenen,99368667,cantaloupe los 2st,24‐7‐2024,Spanje,POIESZ SUPERMARKTEN,Overige bestrijdingsmiddelen,,,,CONFORM
4091,meloenen,99368942,Cantaloupe los 2ST,30‐7‐2024,Spanje,LIDL,koper,0.45,5.0,,CONFORM
4092,meloenen,99368942,Cantaloupe los 2ST,30‐7‐2024,Spanje,LIDL,thiabendazool,0.0071,0.01,,CONFORM
4093,meloenen,99368942,Cantaloupe los 2ST,30‐7‐2024,Spanje,LIDL,Overige bestrijdingsmiddelen,,,,CONFORM
4094,meloenen,99393777,Galia meloen,8‐8‐2024,Landcode onbekend,ALDI,azoxystrobin,0.006,1.0,,CONFORM
4095,meloenen,99393777,Galia meloen,8‐8‐2024,Landcode onbekend,ALDI,koper,0.36,5.0,,CONFORM
4096,meloenen,99393777,Galia meloen,8‐8‐2024,Landcode onbekend,ALDI,Overige bestrijdingsmiddelen,,,,CONFORM
4097,meloenen,99394056,Galia Meloen,15‐8‐2024,Landcode onbekend,PUUR BRABANT,Overige bestrijdingsmiddelen,,,,CONFORM
4098,meloenen,99398418,HONIG HONEY,2‐7‐2024,Landcode onbekend,LIDL,boscalid,0.0083,3.0,,CONFORM
4099,meloenen,99398418,HONIG HONEY,2‐7‐2024,Landcode onbekend,LIDL,fluopyram,0.024,0.9,,CONFORM
4100,meloenen,99398418,HONIG HONEY,2‐7‐2024,Landcode onbekend,LIDL,koper,0.61,5.0,,CONFORM
4101,meloenen,99398418,HONIG HONEY,2‐7‐2024,Landcode onbekend,LIDL,propamocarb,0.044,5.0,,CONFORM
4102,meloenen,99398418,HONIG HONEY,2‐7‐2024,Landcode onbekend,LIDL,Overige bestrijdingsmiddelen,,,,CONFORM
4103,meloenen,99411376,Galia meloen,16‐7‐2024,Spanje,ALDI ENSCHEDE,koper,0.6,5.0,,CONFORM
4104,meloenen,99411376,Galia meloen,16‐7‐2024,Spanje,ALDI ENSCHEDE,Overige bestrijdingsmiddelen,,,,CONFORM
4105,meloenen,99427469,Galia meloen,31‐7‐2024,Spanje,ALBERT HEIJN,boscalid,0.028,3.0,,CONFORM
4106,meloenen,99427469,Galia meloen,31‐7‐2024,Spanje,ALBERT HEIJN,koper,0.26,5.0,,CONFORM
4107,meloenen,99427469,Galia meloen,31‐7‐2024,Spanje,ALBERT HEIJN,Overige bestrijdingsmiddelen,,,,CONFORM
4108,meloenen,99430044,galia meloen,2‐7‐2024,Spanje,JUMBO SITTARD STADION,boscalid,0.03,3.0,,CONFORM
4109,meloenen,99430044,galia meloen,2‐7‐2024,Spanje,JUMBO SITTARD STADION,cymoxanil,0.0058,0.4,,CONFORM
4110,meloenen,99430044,galia meloen,2‐7‐2024,Spanje,JUMBO SITTARD STADION,koper,0.26,5.0,,CONFORM
4111,meloenen,99430044,galia meloen,2‐7‐2024,Spanje,JUMBO SITTARD STADION,metrafenon,0.01,0.5,,CONFORM
4112,meloenen,99430044,galia meloen,2‐7‐2024,Spanje,JUMBO SITTARD STADION,thiabendazool,0.0058,0.01,,CONFORM
4113,meloenen,99430044,galia meloen,2‐7‐2024,Spanje,JUMBO SITTARD STADION,Overige bestrijdingsmiddelen,,,,CONFORM
4114,meloenen,99430591,Galia meloenen,23‐7‐2024,Spanje,PLUS BOUDA POSTMA,boscalid,0.0052,3.0,,CONFORM
4115,meloenen,99430591,Galia meloenen,23‐7‐2024,Spanje,PLUS BOUDA POSTMA,koper,0.62,5.0,,CONFORM
4116,meloenen,99430591,Galia meloenen,23‐7‐2024,Spanje,PLUS BOUDA POSTMA,thiabendazool,0.005,0.01,,CONFORM
4117,meloenen,99430591,Galia meloenen,23‐7‐2024,Spanje,PLUS BOUDA POSTMA,Overige bestrijdingsmiddelen,,,,CONFORM
4118,meloenen,99434945,Gele Honingmeloen,10‐7‐2024,Spanje,JUMBO SUPERMARKT,azoxystrobin,0.011,1.0,,CONFORM
4119,meloenen,99434945,Gele Honingmeloen,10‐7‐2024,Spanje,JUMBO SUPERMARKT,boscalid,0.0085,3.0,,CONFORM
4120,meloenen,99434945,Gele Honingmeloen,10‐7‐2024,Spanje,JUMBO SUPERMARKT,koper,0.35,5.0,,CONFORM
4121,meloenen,99434945,Gele Honingmeloen,10‐7‐2024,Spanje,JUMBO SUPERMARKT,propamocarb,0.014,5.0,,CONFORM
4122,meloenen,99434945,Gele Honingmeloen,10‐7‐2024,Spanje,JUMBO SUPERMARKT,Overige bestrijdingsmiddelen,,,,CONFORM
4123,meloenen,99435402,Meloen Piel de Sapo,7‐8‐2024,Spanje,LIDL,koper,0.45,5.0,,CONFORM
4124,meloenen,99435402,Meloen Piel de Sapo,7‐8‐2024,Spanje,LIDL,Overige bestrijdingsmiddelen,,,,CONFORM
4125,meloenen,99435682,Galia meloen,12‐8‐2024,Spanje,ALDI MARKT,koper,0.273062,5.0,,CONFORM
4126,meloenen,99435682,Galia meloen,12‐8‐2024,Spanje,ALDI MARKT,Overige bestrijdingsmiddelen,,,,CONFORM
4127,meloenen,99436069,"Honingmeloen, maat 8",13‐8‐2024,Spanje,POIESZ SUPERMARKTEN,koper,0.458499,5.0,,CONFORM
4128,meloenen,99436069,"Honingmeloen, maat 8",13‐8‐2024,Spanje,POIESZ SUPERMARKTEN,Overige bestrijdingsmiddelen,,,,CONFORM
4129,meloenen,99440775,Galia meloen,6‐8‐2024,Honduras,JUMBO SUPERMARKT,azoxystrobin,0.0066,1.0,,CONFORM
4130,meloenen,99440775,Galia meloen,6‐8‐2024,Honduras,JUMBO SUPERMARKT,koper,0.39,5.0,,CONFORM
4131,meloenen,99440775,Galia meloen,6‐8‐2024,Honduras,JUMBO SUPERMARKT,propamocarb,0.013,5.0,,CONFORM
4132,meloenen,99440775,Galia meloen,6‐8‐2024,Honduras,JUMBO SUPERMARKT,Overige bestrijdingsmiddelen,,,,CONFORM
4133,meloenen,99595418,meloen galia 3st,9‐7‐2024,Landcode onbekend,PLUS STAM,bupirimaat,0.0099,0.3,,CONFORM
4134,meloenen,99595418,meloen galia 3st,9‐7‐2024,Landcode onbekend,PLUS STAM,fluxapyroxad,0.0061,0.15,,CONFORM
4135,meloenen,99595418,meloen galia 3st,9‐7‐2024,Landcode onbekend,PLUS STAM,koper,0.64,5.0,,CONFORM
4136,meloenen,99595418,meloen galia 3st,9‐7‐2024,Landcode onbekend,PLUS STAM,metrafenon,0.0055,0.5,,CONFORM
4137,meloenen,99595418,meloen galia 3st,9‐7‐2024,Landcode onbekend,PLUS STAM,thiabendazool,0.0077,0.01,,CONFORM
4138,meloenen,99595418,meloen galia 3st,9‐7‐2024,Landcode onbekend,PLUS STAM,Overige bestrijdingsmiddelen,,,,CONFORM
4139,minneolas,86803445,Minneola,14‐2‐2024,Turkije,ALDI ZOETERMEER B.V.,azoxystrobin,0.04,15.0,,CONFORM
4140,minneolas,86803445,Minneola,14‐2‐2024,Turkije,ALDI ZOETERMEER B.V.,boscalid,0.027,2.0,,CONFORM
4141,minneolas,86803445,Minneola,14‐2‐2024,Turkije,ALDI ZOETERMEER B.V.,fenylfenol‐2,0.25,10.0,,CONFORM
4142,minneolas,86803445,Minneola,14‐2‐2024,Turkije,ALDI ZOETERMEER B.V.,imazalil,0.44,5.0,,CONFORM
4143,minneolas,86803445,Minneola,14‐2‐2024,Turkije,ALDI ZOETERMEER B.V.,malathion (som),0.051,2.0,,CONFORM
4144,minneolas,86803445,Minneola,14‐2‐2024,Turkije,ALDI ZOETERMEER B.V.,pyraclostrobin,0.012,2.0,,CONFORM
4145,minneolas,86803445,Minneola,14‐2‐2024,Turkije,ALDI ZOETERMEER B.V.,pyridaben,0.017,0.3,,CONFORM
4146,minneolas,86803445,Minneola,14‐2‐2024,Turkije,ALDI ZOETERMEER B.V.,spirotetramat (som),0.007,0.5,,CONFORM
4147,minneolas,86803445,Minneola,14‐2‐2024,Turkije,ALDI ZOETERMEER B.V.,tebuconazool,0.5,5.0,,CONFORM
4148,minneolas,86803445,Minneola,14‐2‐2024,Turkije,ALDI ZOETERMEER B.V.,Overige bestrijdingsmiddelen,,,,CONFORM
4149,mosterdzaad,86802929,mosterdzaad,5‐2‐2024,Landcode onbekend,CULINA FOOD CONCEPTS B.V.,Overige bestrijdingsmiddelen,,,,CONFORM
4150,nagami‐kumquats,86843307,Kumquats,17‐10‐2024,Zuid Afrika,YEX B.V.,Overige bestrijdingsmiddelen,,,,CONFORM
4151,nangkas/jackfruit,86804581,Tender Jackfruit cut,3‐4‐2024,India,ASIA EXPRESS FOOD B.V.,Overige bestrijdingsmiddelen,,,,CONFORM
4152,nangkas/jackfruit,86813394,red peeled jackfruit,16‐1‐2024,Vietnam,ASIA EXPRESS FOOD B.V.,Overige bestrijdingsmiddelen,,,,CONFORM
4153,naranjillas/lulos,86769727,naranjilla,26‐2‐2024,Equador,ROVEG FRUIT B.V.,chloorthalonil,0.17,0.01,,NIET CONFORM
4154,naranjillas/lulos,86769727,naranjilla,26‐2‐2024,Equador,ROVEG FRUIT B.V.,cypermethrin,0.088,0.5,,CONFORM
4155,naranjillas/lulos,86769727,naranjilla,26‐2‐2024,Equador,ROVEG FRUIT B.V.,difenoconazool,0.048,0.2,,CONFORM
4156,naranjillas/lulos,86769727,naranjilla,26‐2‐2024,Equador,ROVEG FRUIT B.V.,pyrimethanil,0.64,0.01,,NIET CONFORM
4157,naranjillas/lulos,86769727,naranjilla,26‐2‐2024,Equador,ROVEG FRUIT B.V.,tebuconazool,0.0051,2.0,,CONFORM
4158,naranjillas/lulos,86769727,naranjilla,26‐2‐2024,Equador,ROVEG FRUIT B.V.,teflubenzuron,0.089,0.4,,CONFORM
4159,naranjillas/lulos,86769727,naranjilla,26‐2‐2024,Equador,ROVEG FRUIT B.V.,Overige bestrijdingsmiddelen,,,,CONFORM
4160,nashis/japanse peren,86781425,Nashi Pere,26‐6‐2024,China,LIDL,cyhalothrin‐lambda,0.0098,0.08,,CONFORM
4161,nashis/japanse peren,86781425,Nashi Pere,26‐6‐2024,China,LIDL,Overige bestrijdingsmiddelen,,,,CONFORM
4162,nashis/japanse peren,86781913,crown pear,4‐9‐2024,China,HOOGSTEDER GROENTEN EN FRUIT B.V.,acetamiprid,0.0093,0.4,,CONFORM
4163,nashis/japanse peren,86781913,crown pear,4‐9‐2024,China,HOOGSTEDER GROENTEN EN FRUIT B.V.,Overige bestrijdingsmiddelen,,,,CONFORM
4164,nashis/japanse peren,86788314,Fresh Pear var: Golden Pear,19‐2‐2024,China,TFC HOLLAND,acetamiprid,0.0054,0.4,,CONFORM
4165,nashis/japanse peren,86788314,Fresh Pear var: Golden Pear,19‐2‐2024,China,TFC HOLLAND,permethrin,0.006,0.05,,CONFORM
4166,nashis/japanse peren,86788314,Fresh Pear var: Golden Pear,19‐2‐2024,China,TFC HOLLAND,transfluthrin,0.0057,0.01,,CONFORM
4167,nashis/japanse peren,86788314,Fresh Pear var: Golden Pear,19‐2‐2024,China,TFC HOLLAND,Overige bestrijdingsmiddelen,,,,CONFORM
4168,nashis/japanse peren,86798875,Asian Pear,29‐4‐2024,China,MITROFRESH,acetamiprid,0.016,0.4,,CONFORM
4169,nashis/japanse peren,86798875,Asian Pear,29‐4‐2024,China,MITROFRESH,buprofezin,0.035,0.01,,NIET CONFORM
4170,nashis/japanse peren,86798875,Asian Pear,29‐4‐2024,China,MITROFRESH,carbendazim,0.016,0.2,,CONFORM
4171,nashis/japanse peren,86798875,Asian Pear,29‐4‐2024,China,MITROFRESH,carbofuran (som),0.011,0.001,,NIET CONFORM
4172,nashis/japanse peren,86798875,Asian Pear,29‐4‐2024,China,MITROFRESH,chloorfenapyr,0.015,0.01,,NIET CONFORM*
4173,nashis/japanse peren,86798875,Asian Pear,29‐4‐2024,China,MITROFRESH,cyhalothrin‐lambda,0.0071,0.08,,CONFORM
4174,nashis/japanse peren,86798875,Asian Pear,29‐4‐2024,China,MITROFRESH,difenoconazool,0.011,0.8,,CONFORM
4175,nashis/japanse peren,86798875,Asian Pear,29‐4‐2024,China,MITROFRESH,hexaconazool,0.0088,0.01,,CONFORM
4176,nashis/japanse peren,86798875,Asian Pear,29‐4‐2024,China,MITROFRESH,thiamethoxam,0.009,0.3,,CONFORM
4177,nashis/japanse peren,86798875,Asian Pear,29‐4‐2024,China,MITROFRESH,thiofanaat‐methyl,0.0096,0.5,,CONFORM
4178,nashis/japanse peren,86798875,Asian Pear,29‐4‐2024,China,MITROFRESH,Overige bestrijdingsmiddelen,,,,CONFORM
4179,nashis/japanse peren,86846187,Nashi peren,23‐10‐2024,China,LIDL,acetamiprid,0.011,0.4,,CONFORM
4180,nashis/japanse peren,86846187,Nashi peren,23‐10‐2024,China,LIDL,Overige bestrijdingsmiddelen,,,,CONFORM
4181,nashis/japanse peren,99398396,PEREN NASHI,2‐7‐2024,China,LIDL,acetamiprid,0.0057,0.4,,CONFORM
4182,nashis/japanse peren,99398396,PEREN NASHI,2‐7‐2024,China,LIDL,clothianidin,0.0062,0.4,,CONFORM
4183,nashis/japanse peren,99398396,PEREN NASHI,2‐7‐2024,China,LIDL,Overige bestrijdingsmiddelen,,,,CONFORM
4184,nectarines,86779803,Nectarines,19‐6‐2024,Spanje,DISTRIBUTIECENTRUM ALBERT HEIJN,spinosad,0.0074,0.6,,CONFORM
4185,nectarines,86779803,Nectarines,19‐6‐2024,Spanje,DISTRIBUTIECENTRUM ALBERT HEIJN,spirotetramat (som),0.014,3.0,,CONFORM
4186,nectarines,86779803,Nectarines,19‐6‐2024,Spanje,DISTRIBUTIECENTRUM ALBERT HEIJN,Overige bestrijdingsmiddelen,,,,CONFORM
4187,nectarines,86800721,Nectarine,1‐7‐2024,Spanje,WELFRUIT ROTTERDAM,difenoconazool,0.0052,0.5,,CONFORM
4188,nectarines,86800721,Nectarine,1‐7‐2024,Spanje,WELFRUIT ROTTERDAM,spinosad,0.015,0.6,,CONFORM
4189,nectarines,86800721,Nectarine,1‐7‐2024,Spanje,WELFRUIT ROTTERDAM,spirotetramat (som),0.0083,3.0,,CONFORM
4190,nectarines,86800721,Nectarine,1‐7‐2024,Spanje,WELFRUIT ROTTERDAM,tebuconazool,0.013,0.6,,CONFORM
4191,nectarines,86800721,Nectarine,1‐7‐2024,Spanje,WELFRUIT ROTTERDAM,Overige bestrijdingsmiddelen,,,,CONFORM
4192,nectarines,86847868,Nectarines,19‐8‐2024,Spanje,DETAILRESULT LOGISTIEK,acetamiprid,0.0082,0.2,,CONFORM
4193,nectarines,86847868,Nectarines,19‐8‐2024,Spanje,DETAILRESULT LOGISTIEK,cyprodinil,0.025,2.0,,CONFORM
4194,nectarines,86847868,Nectarines,19‐8‐2024,Spanje,DETAILRESULT LOGISTIEK,deltamethrin,0.01,0.15,,CONFORM
4195,nectarines,86847868,Nectarines,19‐8‐2024,Spanje,DETAILRESULT LOGISTIEK,fludioxonil,0.0068,10.0,,CONFORM
4196,nectarines,86847868,Nectarines,19‐8‐2024,Spanje,DETAILRESULT LOGISTIEK,fluopyram,0.044,1.5,,CONFORM
4197,nectarines,86847868,Nectarines,19‐8‐2024,Spanje,DETAILRESULT LOGISTIEK,tebuconazool,0.0086,0.6,,CONFORM
4198,nectarines,86847868,Nectarines,19‐8‐2024,Spanje,DETAILRESULT LOGISTIEK,Overige bestrijdingsmiddelen,,,,CONFORM
4199,nectarines,99368675,nectarines geelvlezig 1kg,24‐7‐2024,Spanje,POIESZ SUPERMARKTEN,deltamethrin,0.0092,0.15,,CONFORM
4200,nectarines,99368675,nectarines geelvlezig 1kg,24‐7‐2024,Spanje,POIESZ SUPERMARKTEN,spinetoram,0.02,0.3,,CONFORM
4201,nectarines,99368675,nectarines geelvlezig 1kg,24‐7‐2024,Spanje,POIESZ SUPERMARKTEN,spirotetramat (som),0.013,3.0,,CONFORM
4202,nectarines,99368675,nectarines geelvlezig 1kg,24‐7‐2024,Spanje,POIESZ SUPERMARKTEN,Overige bestrijdingsmiddelen,,,,CONFORM
4203,nectarines,99398507,NECTARINES,2‐7‐2024,Frankrijk,LIDL,boscalid,0.12,5.0,,CONFORM
4204,nectarines,99398507,NECTARINES,2‐7‐2024,Frankrijk,LIDL,cyhalothrin‐lambda,0.01,0.15,,CONFORM
4205,nectarines,99398507,NECTARINES,2‐7‐2024,Frankrijk,LIDL,fluopyram,0.043,1.5,,CONFORM
4206,nectarines,99398507,NECTARINES,2‐7‐2024,Frankrijk,LIDL,pyraclostrobin,0.028,0.3,,CONFORM
4207,nectarines,99398507,NECTARINES,2‐7‐2024,Frankrijk,LIDL,tebuconazool,0.013,0.6,,CONFORM
4208,nectarines,99398507,NECTARINES,2‐7‐2024,Frankrijk,LIDL,Overige bestrijdingsmiddelen,,,,CONFORM
4209,nectarines,99411414,Nectarines witvlezig,16‐7‐2024,Spanje,ALDI ENSCHEDE,deltamethrin,0.019,0.15,,CONFORM
4210,nectarines,99411414,Nectarines witvlezig,16‐7‐2024,Spanje,ALDI ENSCHEDE,tebuconazool,0.0059,0.6,,CONFORM
4211,nectarines,99411414,Nectarines witvlezig,16‐7‐2024,Spanje,ALDI ENSCHEDE,Overige bestrijdingsmiddelen,,,,CONFORM
4212,nectarines,99412089,AH nectarines geelvlezig clariss los,17‐7‐2024,Spanje,ALBERT HEIJN MARCEL BERGHUIS,acetamiprid,0.0092,0.2,,CONFORM
4213,nectarines,99412089,AH nectarines geelvlezig clariss los,17‐7‐2024,Spanje,ALBERT HEIJN MARCEL BERGHUIS,cyprodinil,0.05,2.0,,CONFORM
4214,nectarines,99412089,AH nectarines geelvlezig clariss los,17‐7‐2024,Spanje,ALBERT HEIJN MARCEL BERGHUIS,deltamethrin,0.017,0.15,,CONFORM
4215,nectarines,99412089,AH nectarines geelvlezig clariss los,17‐7‐2024,Spanje,ALBERT HEIJN MARCEL BERGHUIS,fludioxonil,0.45,10.0,,CONFORM
4216,nectarines,99412089,AH nectarines geelvlezig clariss los,17‐7‐2024,Spanje,ALBERT HEIJN MARCEL BERGHUIS,spinosad,0.013,0.6,,CONFORM
4217,nectarines,99412089,AH nectarines geelvlezig clariss los,17‐7‐2024,Spanje,ALBERT HEIJN MARCEL BERGHUIS,Overige bestrijdingsmiddelen,,,,CONFORM
4218,nectarines,99430036,nectarin,2‐7‐2024,Spanje,JUMBO SITTARD STADION,acetamiprid,0.011,0.2,,CONFORM
4219,nectarines,99430036,nectarin,2‐7‐2024,Spanje,JUMBO SITTARD STADION,captan (som),0.071,6.0,,CONFORM
4220,nectarines,99430036,nectarin,2‐7‐2024,Spanje,JUMBO SITTARD STADION,tebuconazool,0.0052,0.6,,CONFORM
4221,nectarines,99430036,nectarin,2‐7‐2024,Spanje,JUMBO SITTARD STADION,Overige bestrijdingsmiddelen,,,,CONFORM
4222,nectarines,99430265,nectarines,16‐7‐2024,Spanje,DAGWINKEL MELDERSLO,boscalid,0.017,5.0,,CONFORM
4223,nectarines,99430265,nectarines,16‐7‐2024,Spanje,DAGWINKEL MELDERSLO,captan (som),0.034,6.0,,CONFORM
4224,nectarines,99430265,nectarines,16‐7‐2024,Spanje,DAGWINKEL MELDERSLO,deltamethrin,0.013,0.15,,CONFORM
4225,nectarines,99430265,nectarines,16‐7‐2024,Spanje,DAGWINKEL MELDERSLO,difenoconazool,0.0074,0.5,,CONFORM
4226,nectarines,99430265,nectarines,16‐7‐2024,Spanje,DAGWINKEL MELDERSLO,fludioxonil,0.024,10.0,,CONFORM
4227,nectarines,99430265,nectarines,16‐7‐2024,Spanje,DAGWINKEL MELDERSLO,spinetoram,0.015,0.3,,CONFORM
4228,nectarines,99430265,nectarines,16‐7‐2024,Spanje,DAGWINKEL MELDERSLO,spinosad,0.013,0.6,,CONFORM
4229,nectarines,99430265,nectarines,16‐7‐2024,Spanje,DAGWINKEL MELDERSLO,spirotetramat (som),0.0096,3.0,,CONFORM
4230,nectarines,99430265,nectarines,16‐7‐2024,Spanje,DAGWINKEL MELDERSLO,tebuconazool,0.022,0.6,,CONFORM
4231,nectarines,99430265,nectarines,16‐7‐2024,Spanje,DAGWINKEL MELDERSLO,Overige bestrijdingsmiddelen,,,,CONFORM
4232,nectarines,99595361,Goldelice nectarines 1kg,9‐7‐2024,Spanje,PLUS STAM,deltamethrin,0.02,0.15,,CONFORM
4233,nectarines,99595361,Goldelice nectarines 1kg,9‐7‐2024,Spanje,PLUS STAM,tebuconazool,0.01,0.6,,CONFORM
4234,nectarines,99595361,Goldelice nectarines 1kg,9‐7‐2024,Spanje,PLUS STAM,Overige bestrijdingsmiddelen,,,,CONFORM
4235,niet‐scherpsmakende pepers/paprikas,86757869,Puntpaprika rood BIO,18‐3‐2024,Griekenland,FARMHOUSE INTERNATIONAL B.V.,thiabendazool,0.006,0.01,,CONFORM
4236,niet‐scherpsmakende pepers/paprikas,86757869,Puntpaprika rood BIO,18‐3‐2024,Griekenland,FARMHOUSE INTERNATIONAL B.V.,Overige bestrijdingsmiddelen,,,,CONFORM
4237,niet‐scherpsmakende pepers/paprikas,86757907,Paprika geel,20‐3‐2024,Spanje,O. SMEDING EN ZOON B.V.,cyflufenamid,0.01,0.06,,CONFORM
4238,niet‐scherpsmakende pepers/paprikas,86757907,Paprika geel,20‐3‐2024,Spanje,O. SMEDING EN ZOON B.V.,cyprodinil,0.011,1.5,,CONFORM
4239,niet‐scherpsmakende pepers/paprikas,86757907,Paprika geel,20‐3‐2024,Spanje,O. SMEDING EN ZOON B.V.,difenoconazool,0.093,0.9,,CONFORM
4240,niet‐scherpsmakende pepers/paprikas,86757907,Paprika geel,20‐3‐2024,Spanje,O. SMEDING EN ZOON B.V.,fludioxonil,0.048,1.0,,CONFORM
4241,niet‐scherpsmakende pepers/paprikas,86757907,Paprika geel,20‐3‐2024,Spanje,O. SMEDING EN ZOON B.V.,flupyradifurone,0.0056,0.9,,CONFORM
4242,niet‐scherpsmakende pepers/paprikas,86757907,Paprika geel,20‐3‐2024,Spanje,O. SMEDING EN ZOON B.V.,fluxapyroxad,0.011,0.6,,CONFORM
4243,niet‐scherpsmakende pepers/paprikas,86757907,Paprika geel,20‐3‐2024,Spanje,O. SMEDING EN ZOON B.V.,Overige bestrijdingsmiddelen,,,,CONFORM
4244,niet‐scherpsmakende pepers/paprikas,86758199,Paprika rood,25‐3‐2024,Spanje,HEEMSKERK FRESH EN EASY,fludioxonil,0.006,1.0,,CONFORM
4245,niet‐scherpsmakende pepers/paprikas,86758199,Paprika rood,25‐3‐2024,Spanje,HEEMSKERK FRESH EN EASY,fluopyram,0.0066,2.0,,CONFORM
4246,niet‐scherpsmakende pepers/paprikas,86758199,Paprika rood,25‐3‐2024,Spanje,HEEMSKERK FRESH EN EASY,Overige bestrijdingsmiddelen,,,,CONFORM
4247,niet‐scherpsmakende pepers/paprikas,86758806,Paprika geel,8‐4‐2024,Nederland,QUALITY PRODUCE INTERNATIONAL (QPI),Overige bestrijdingsmiddelen,,,,CONFORM
4248,niet‐scherpsmakende pepers/paprikas,86758814,Red peppers,8‐4‐2024,Spanje,QUALITY PRODUCE INTERNATIONAL (QPI),difenoconazool,0.011,0.9,,CONFORM
4249,niet‐scherpsmakende pepers/paprikas,86758814,Red peppers,8‐4‐2024,Spanje,QUALITY PRODUCE INTERNATIONAL (QPI),fenpyrazamine,0.014,3.0,,CONFORM
4250,niet‐scherpsmakende pepers/paprikas,86758814,Red peppers,8‐4‐2024,Spanje,QUALITY PRODUCE INTERNATIONAL (QPI),fluopyram,0.046,2.0,,CONFORM
4251,niet‐scherpsmakende pepers/paprikas,86758814,Red peppers,8‐4‐2024,Spanje,QUALITY PRODUCE INTERNATIONAL (QPI),trifloxystrobin,0.015,0.4,,CONFORM
4252,niet‐scherpsmakende pepers/paprikas,86758814,Red peppers,8‐4‐2024,Spanje,QUALITY PRODUCE INTERNATIONAL (QPI),Overige bestrijdingsmiddelen,,,,CONFORM
4253,niet‐scherpsmakende pepers/paprikas,86770008,gele paprika s,4‐3‐2024,Marokko,HELLOFRESH DC PRISMALAAN,azoxystrobin,0.061,3.0,,CONFORM
4254,niet‐scherpsmakende pepers/paprikas,86770008,gele paprika s,4‐3‐2024,Marokko,HELLOFRESH DC PRISMALAAN,trifloxystrobin,0.085,0.4,,CONFORM
4255,niet‐scherpsmakende pepers/paprikas,86770008,gele paprika s,4‐3‐2024,Marokko,HELLOFRESH DC PRISMALAAN,Overige bestrijdingsmiddelen,,,,CONFORM
4256,niet‐scherpsmakende pepers/paprikas,86775573,Nederlandse Zoetpunt paprika,12‐8‐2024,Nederland,HOLLANDER BARENDRECHT B.V.,Overige bestrijdingsmiddelen,,,,CONFORM
4257,niet‐scherpsmakende pepers/paprikas,86775654,Paprika Rood,12‐8‐2024,Nederland,HOLLANDER BARENDRECHT B.V.,propamocarb,0.044,3.0,,CONFORM
4258,niet‐scherpsmakende pepers/paprikas,86775654,Paprika Rood,12‐8‐2024,Nederland,HOLLANDER BARENDRECHT B.V.,pyridalyl,0.039,0.9,,CONFORM
4259,niet‐scherpsmakende pepers/paprikas,86775654,Paprika Rood,12‐8‐2024,Nederland,HOLLANDER BARENDRECHT B.V.,spinosad,0.0074,0.6,,CONFORM
4260,niet‐scherpsmakende pepers/paprikas,86775654,Paprika Rood,12‐8‐2024,Nederland,HOLLANDER BARENDRECHT B.V.,Overige bestrijdingsmiddelen,,,,CONFORM
4261,niet‐scherpsmakende pepers/paprikas,86779838,Bio Zoete puntpaprika,19‐6‐2024,Nederland,DISTRIBUTIECENTRUM ALBERT HEIJN,Overige bestrijdingsmiddelen,,,,CONFORM
4262,niet‐scherpsmakende pepers/paprikas,86783215,Paprika‐green,16‐10‐2024,Turkije,DENIZ FRUIT B.V.,acetamiprid,0.0061,0.3,,CONFORM
4263,niet‐scherpsmakende pepers/paprikas,86783215,Paprika‐green,16‐10‐2024,Turkije,DENIZ FRUIT B.V.,metalaxyl,0.013,0.5,,CONFORM
4264,niet‐scherpsmakende pepers/paprikas,86783215,Paprika‐green,16‐10‐2024,Turkije,DENIZ FRUIT B.V.,Overige bestrijdingsmiddelen,,,,CONFORM
4265,niet‐scherpsmakende pepers/paprikas,86798735,Paprika rood 140‐160,24‐4‐2024,Landcode onbekend,TUINDERIJ VERS B.V.,thiabendazool,0.0066,0.01,,CONFORM
4266,niet‐scherpsmakende pepers/paprikas,86798735,Paprika rood 140‐160,24‐4‐2024,Landcode onbekend,TUINDERIJ VERS B.V.,Overige bestrijdingsmiddelen,,,,CONFORM
4267,niet‐scherpsmakende pepers/paprikas,86800756,Kirmizi Chili Paprika,1‐7‐2024,Turkije,ORKIDE EXOTICS B.V.,acetamiprid,0.0072,0.3,,CONFORM
4268,niet‐scherpsmakende pepers/paprikas,86800756,Kirmizi Chili Paprika,1‐7‐2024,Turkije,ORKIDE EXOTICS B.V.,azoxystrobin,0.0054,3.0,,CONFORM
4269,niet‐scherpsmakende pepers/paprikas,86800756,Kirmizi Chili Paprika,1‐7‐2024,Turkije,ORKIDE EXOTICS B.V.,flutriafol,0.0069,1.0,,CONFORM
4270,niet‐scherpsmakende pepers/paprikas,86800756,Kirmizi Chili Paprika,1‐7‐2024,Turkije,ORKIDE EXOTICS B.V.,spirotetramat (som),0.09,1.0,,CONFORM
4271,niet‐scherpsmakende pepers/paprikas,86800756,Kirmizi Chili Paprika,1‐7‐2024,Turkije,ORKIDE EXOTICS B.V.,tebuconazool,0.037,0.6,,CONFORM
4272,niet‐scherpsmakende pepers/paprikas,86800756,Kirmizi Chili Paprika,1‐7‐2024,Turkije,ORKIDE EXOTICS B.V.,Overige bestrijdingsmiddelen,,,,CONFORM
4273,niet‐scherpsmakende pepers/paprikas,86802171,PTO. Palermo Rojo,19‐1‐2024,Spanje,VAN GEEST INTERNATIONAL B.V.,boscalid,0.26,3.0,,CONFORM
4274,niet‐scherpsmakende pepers/paprikas,86802171,PTO. Palermo Rojo,19‐1‐2024,Spanje,VAN GEEST INTERNATIONAL B.V.,bromide,0.7,30.0,,CONFORM
4275,niet‐scherpsmakende pepers/paprikas,86802171,PTO. Palermo Rojo,19‐1‐2024,Spanje,VAN GEEST INTERNATIONAL B.V.,cyflufenamid,0.0051,0.06,,CONFORM
4276,niet‐scherpsmakende pepers/paprikas,86802171,PTO. Palermo Rojo,19‐1‐2024,Spanje,VAN GEEST INTERNATIONAL B.V.,difenoconazool,0.072,0.9,,CONFORM
4277,niet‐scherpsmakende pepers/paprikas,86802171,PTO. Palermo Rojo,19‐1‐2024,Spanje,VAN GEEST INTERNATIONAL B.V.,koper,0.78,5.0,,CONFORM
4278,niet‐scherpsmakende pepers/paprikas,86802171,PTO. Palermo Rojo,19‐1‐2024,Spanje,VAN GEEST INTERNATIONAL B.V.,metrafenon,0.015,2.0,,CONFORM
4279,niet‐scherpsmakende pepers/paprikas,86802171,PTO. Palermo Rojo,19‐1‐2024,Spanje,VAN GEEST INTERNATIONAL B.V.,pyraclostrobin,0.067,0.5,,CONFORM
4280,niet‐scherpsmakende pepers/paprikas,86802171,PTO. Palermo Rojo,19‐1‐2024,Spanje,VAN GEEST INTERNATIONAL B.V.,Overige bestrijdingsmiddelen,,,,CONFORM
4281,niet‐scherpsmakende pepers/paprikas,86802244,Green Pepper,19‐1‐2024,Spanje,QUALITY PRODUCE INTERNATIONAL (QPI),azoxystrobin,0.0056,3.0,,CONFORM
4282,niet‐scherpsmakende pepers/paprikas,86802244,Green Pepper,19‐1‐2024,Spanje,QUALITY PRODUCE INTERNATIONAL (QPI),bromide,0.38,30.0,,CONFORM
4283,niet‐scherpsmakende pepers/paprikas,86802244,Green Pepper,19‐1‐2024,Spanje,QUALITY PRODUCE INTERNATIONAL (QPI),fluopyram,0.013,2.0,,CONFORM
4284,niet‐scherpsmakende pepers/paprikas,86802244,Green Pepper,19‐1‐2024,Spanje,QUALITY PRODUCE INTERNATIONAL (QPI),koper,0.38,5.0,,CONFORM
4285,niet‐scherpsmakende pepers/paprikas,86802244,Green Pepper,19‐1‐2024,Spanje,QUALITY PRODUCE INTERNATIONAL (QPI),spiromesifen,0.02,0.5,,CONFORM
4286,niet‐scherpsmakende pepers/paprikas,86802244,Green Pepper,19‐1‐2024,Spanje,QUALITY PRODUCE INTERNATIONAL (QPI),Overige bestrijdingsmiddelen,,,,CONFORM
4287,niet‐scherpsmakende pepers/paprikas,86803402,6231; Paprika Rood,14‐2‐2024,Spanje,ALDI ZOETERMEER B.V.,difenoconazool,0.099,0.9,,CONFORM
4288,niet‐scherpsmakende pepers/paprikas,86803402,6231; Paprika Rood,14‐2‐2024,Spanje,ALDI ZOETERMEER B.V.,fluopyram,0.067,2.0,,CONFORM
4289,niet‐scherpsmakende pepers/paprikas,86803402,6231; Paprika Rood,14‐2‐2024,Spanje,ALDI ZOETERMEER B.V.,fluxapyroxad,0.11,0.6,,CONFORM
4290,niet‐scherpsmakende pepers/paprikas,86803402,6231; Paprika Rood,14‐2‐2024,Spanje,ALDI ZOETERMEER B.V.,spirotetramat (som),0.016,1.0,,CONFORM
4291,niet‐scherpsmakende pepers/paprikas,86803402,6231; Paprika Rood,14‐2‐2024,Spanje,ALDI ZOETERMEER B.V.,Overige bestrijdingsmiddelen,,,,CONFORM
4292,niet‐scherpsmakende pepers/paprikas,86808811,chili pepers,30‐9‐2024,Turkije,IBRAHIM GROENTE GROOTHANDEL B.V.,bifenazaat (som),0.0077,3.0,,CONFORM
4293,niet‐scherpsmakende pepers/paprikas,86808811,chili pepers,30‐9‐2024,Turkije,IBRAHIM GROENTE GROOTHANDEL B.V.,clofentezin,0.039,0.02,,NIET CONFORM*
4294,niet‐scherpsmakende pepers/paprikas,86808811,chili pepers,30‐9‐2024,Turkije,IBRAHIM GROENTE GROOTHANDEL B.V.,cypermethrin,0.036,0.5,,CONFORM
4295,niet‐scherpsmakende pepers/paprikas,86808811,chili pepers,30‐9‐2024,Turkije,IBRAHIM GROENTE GROOTHANDEL B.V.,hexythiazox,0.0091,0.09,,CONFORM
4296,niet‐scherpsmakende pepers/paprikas,86808811,chili pepers,30‐9‐2024,Turkije,IBRAHIM GROENTE GROOTHANDEL B.V.,imidacloprid,0.04,0.9,,CONFORM
4297,niet‐scherpsmakende pepers/paprikas,86808811,chili pepers,30‐9‐2024,Turkije,IBRAHIM GROENTE GROOTHANDEL B.V.,Overige bestrijdingsmiddelen,,,,CONFORM
4298,niet‐scherpsmakende pepers/paprikas,86808838,rode paprika,30‐9‐2024,Turkije,IBRAHIM GROENTE GROOTHANDEL B.V.,bifenazaat (som),0.017,3.0,,CONFORM
4299,niet‐scherpsmakende pepers/paprikas,86808838,rode paprika,30‐9‐2024,Turkije,IBRAHIM GROENTE GROOTHANDEL B.V.,fluopyram,0.0089,2.0,,CONFORM
4300,niet‐scherpsmakende pepers/paprikas,86808838,rode paprika,30‐9‐2024,Turkije,IBRAHIM GROENTE GROOTHANDEL B.V.,pyriproxyfen,0.031,0.6,,CONFORM
4301,niet‐scherpsmakende pepers/paprikas,86808838,rode paprika,30‐9‐2024,Turkije,IBRAHIM GROENTE GROOTHANDEL B.V.,spiromesifen,0.02,0.5,,CONFORM
4302,niet‐scherpsmakende pepers/paprikas,86808838,rode paprika,30‐9‐2024,Turkije,IBRAHIM GROENTE GROOTHANDEL B.V.,spirotetramat (som),0.06,1.0,,CONFORM
4303,niet‐scherpsmakende pepers/paprikas,86808838,rode paprika,30‐9‐2024,Turkije,IBRAHIM GROENTE GROOTHANDEL B.V.,Overige bestrijdingsmiddelen,,,,CONFORM
4304,niet‐scherpsmakende pepers/paprikas,86809184,paprika,21‐5‐2024,België,GROOTHANDEL GROENTE EN FRUIT S.C. VAN RAVENSWAAIJ,Overige bestrijdingsmiddelen,,,,CONFORM
4305,niet‐scherpsmakende pepers/paprikas,86811693,rode paprika,16‐4‐2024,Nederland,EUROFRESH,Overige bestrijdingsmiddelen,,,,CONFORM
4306,niet‐scherpsmakende pepers/paprikas,86822164,Peper,24‐4‐2024,Spanje,THE GREENERY B.V.,azoxystrobin,0.043,3.0,,CONFORM
4307,niet‐scherpsmakende pepers/paprikas,86822164,Peper,24‐4‐2024,Spanje,THE GREENERY B.V.,fluopyram,0.016,2.0,,CONFORM
4308,niet‐scherpsmakende pepers/paprikas,86822164,Peper,24‐4‐2024,Spanje,THE GREENERY B.V.,spirotetramat (som),0.08,1.0,,CONFORM
4309,niet‐scherpsmakende pepers/paprikas,86822164,Peper,24‐4‐2024,Spanje,THE GREENERY B.V.,Overige bestrijdingsmiddelen,,,,CONFORM
4310,niet‐scherpsmakende pepers/paprikas,86822172,Paprika geel,24‐4‐2024,Nederland,THE GREENERY B.V.,spiromesifen,0.0056,0.5,,CONFORM
4311,niet‐scherpsmakende pepers/paprikas,86822172,Paprika geel,24‐4‐2024,Nederland,THE GREENERY B.V.,Overige bestrijdingsmiddelen,,,,CONFORM
4312,niet‐scherpsmakende pepers/paprikas,86822199,Paprika rood,24‐4‐2024,Nederland,THE GREENERY B.V.,flonicamid (som),0.032,0.3,,CONFORM
4313,niet‐scherpsmakende pepers/paprikas,86822199,Paprika rood,24‐4‐2024,Nederland,THE GREENERY B.V.,Overige bestrijdingsmiddelen,,,,CONFORM
4314,niet‐scherpsmakende pepers/paprikas,86823462,Paprika rood,3‐6‐2024,Nederland,BOON FOOD GROUP BV,metaflumizon,0.0078,1.5,,CONFORM
4315,niet‐scherpsmakende pepers/paprikas,86823462,Paprika rood,3‐6‐2024,Nederland,BOON FOOD GROUP BV,Overige bestrijdingsmiddelen,,,,CONFORM
4316,niet‐scherpsmakende pepers/paprikas,86823489,Zoete puntpaprika,3‐6‐2024,Nederland,BOON FOOD GROUP BV,spiromesifen,0.018,0.5,,CONFORM
4317,niet‐scherpsmakende pepers/paprikas,86823489,Zoete puntpaprika,3‐6‐2024,Nederland,BOON FOOD GROUP BV,thiabendazool,0.0062,0.01,,CONFORM
4318,niet‐scherpsmakende pepers/paprikas,86823489,Zoete puntpaprika,3‐6‐2024,Nederland,BOON FOOD GROUP BV,Overige bestrijdingsmiddelen,,,,CONFORM
4319,niet‐scherpsmakende pepers/paprikas,86823845,Pepper,14‐6‐2024,Turkije,AGF SIERE B.V.,acetamiprid,0.051,0.3,,CONFORM
4320,niet‐scherpsmakende pepers/paprikas,86823845,Pepper,14‐6‐2024,Turkije,AGF SIERE B.V.,bifenazaat (som),0.08,3.0,,CONFORM
4321,niet‐scherpsmakende pepers/paprikas,86823845,Pepper,14‐6‐2024,Turkije,AGF SIERE B.V.,deltamethrin,0.11,0.2,,CONFORM
4322,niet‐scherpsmakende pepers/paprikas,86823845,Pepper,14‐6‐2024,Turkije,AGF SIERE B.V.,fluopyram,0.034,2.0,,CONFORM
4323,niet‐scherpsmakende pepers/paprikas,86823845,Pepper,14‐6‐2024,Turkije,AGF SIERE B.V.,pyriproxyfen,0.26,0.6,,CONFORM
4324,niet‐scherpsmakende pepers/paprikas,86823845,Pepper,14‐6‐2024,Turkije,AGF SIERE B.V.,spirotetramat (som),0.24,1.0,,CONFORM
4325,niet‐scherpsmakende pepers/paprikas,86823845,Pepper,14‐6‐2024,Turkije,AGF SIERE B.V.,sulfoxaflor,0.0054,0.4,,CONFORM
4326,niet‐scherpsmakende pepers/paprikas,86823845,Pepper,14‐6‐2024,Turkije,AGF SIERE B.V.,Overige bestrijdingsmiddelen,,,,CONFORM
4327,niet‐scherpsmakende pepers/paprikas,86823853,Paprika Groen,14‐6‐2024,Nederland,AGF SIERE B.V.,flonicamid (som),0.028,0.3,,CONFORM
4328,niet‐scherpsmakende pepers/paprikas,86823853,Paprika Groen,14‐6‐2024,Nederland,AGF SIERE B.V.,propamocarb,0.0075,3.0,,CONFORM
4329,niet‐scherpsmakende pepers/paprikas,86823853,Paprika Groen,14‐6‐2024,Nederland,AGF SIERE B.V.,Overige bestrijdingsmiddelen,,,,CONFORM
4330,niet‐scherpsmakende pepers/paprikas,86827506,Paprika geel,9‐1‐2024,Spanje,KEMPEN TRANSPORT,bromide,1.2,30.0,,CONFORM
4331,niet‐scherpsmakende pepers/paprikas,86827506,Paprika geel,9‐1‐2024,Spanje,KEMPEN TRANSPORT,fluopyram,0.073,2.0,,CONFORM
4332,niet‐scherpsmakende pepers/paprikas,86827506,Paprika geel,9‐1‐2024,Spanje,KEMPEN TRANSPORT,koper,0.63,5.0,,CONFORM
4333,niet‐scherpsmakende pepers/paprikas,86827506,Paprika geel,9‐1‐2024,Spanje,KEMPEN TRANSPORT,spiromesifen,0.057,0.5,,CONFORM
4334,niet‐scherpsmakende pepers/paprikas,86827506,Paprika geel,9‐1‐2024,Spanje,KEMPEN TRANSPORT,trifloxystrobin,0.05,0.4,,CONFORM
4335,niet‐scherpsmakende pepers/paprikas,86827506,Paprika geel,9‐1‐2024,Spanje,KEMPEN TRANSPORT,Overige bestrijdingsmiddelen,,,,CONFORM
4336,niet‐scherpsmakende pepers/paprikas,86832895,groene paprika,29‐10‐2024,Spanje,JOHN WIEGMANS GROENTEN EN FRUIT GROOTHANDEL,azoxystrobin,0.0053,3.0,,CONFORM
4337,niet‐scherpsmakende pepers/paprikas,86832895,groene paprika,29‐10‐2024,Spanje,JOHN WIEGMANS GROENTEN EN FRUIT GROOTHANDEL,fenhexamid,0.043,3.0,,CONFORM
4338,niet‐scherpsmakende pepers/paprikas,86832895,groene paprika,29‐10‐2024,Spanje,JOHN WIEGMANS GROENTEN EN FRUIT GROOTHANDEL,Overige bestrijdingsmiddelen,,,,CONFORM
4339,niet‐scherpsmakende pepers/paprikas,86832917,Rode paprika,29‐10‐2024,Spanje,JOHN WIEGMANS GROENTEN EN FRUIT GROOTHANDEL,chloorantraniliprole,0.006,1.0,,CONFORM
4340,niet‐scherpsmakende pepers/paprikas,86832917,Rode paprika,29‐10‐2024,Spanje,JOHN WIEGMANS GROENTEN EN FRUIT GROOTHANDEL,cyflufenamid,0.018,0.06,,CONFORM
4341,niet‐scherpsmakende pepers/paprikas,86832917,Rode paprika,29‐10‐2024,Spanje,JOHN WIEGMANS GROENTEN EN FRUIT GROOTHANDEL,difenoconazool,0.23,0.9,,CONFORM
4342,niet‐scherpsmakende pepers/paprikas,86832917,Rode paprika,29‐10‐2024,Spanje,JOHN WIEGMANS GROENTEN EN FRUIT GROOTHANDEL,fenhexamid,0.32,3.0,,CONFORM
4343,niet‐scherpsmakende pepers/paprikas,86832917,Rode paprika,29‐10‐2024,Spanje,JOHN WIEGMANS GROENTEN EN FRUIT GROOTHANDEL,fluopyram,0.033,2.0,,CONFORM
4344,niet‐scherpsmakende pepers/paprikas,86832917,Rode paprika,29‐10‐2024,Spanje,JOHN WIEGMANS GROENTEN EN FRUIT GROOTHANDEL,fluxapyroxad,0.05,0.6,,CONFORM
4345,niet‐scherpsmakende pepers/paprikas,86832917,Rode paprika,29‐10‐2024,Spanje,JOHN WIEGMANS GROENTEN EN FRUIT GROOTHANDEL,pirimicarb,0.053,0.5,,CONFORM
4346,niet‐scherpsmakende pepers/paprikas,86832917,Rode paprika,29‐10‐2024,Spanje,JOHN WIEGMANS GROENTEN EN FRUIT GROOTHANDEL,spiromesifen,0.057,0.5,,CONFORM
4347,niet‐scherpsmakende pepers/paprikas,86832917,Rode paprika,29‐10‐2024,Spanje,JOHN WIEGMANS GROENTEN EN FRUIT GROOTHANDEL,spirotetramat (som),0.14,1.0,,CONFORM
4348,niet‐scherpsmakende pepers/paprikas,86832917,Rode paprika,29‐10‐2024,Spanje,JOHN WIEGMANS GROENTEN EN FRUIT GROOTHANDEL,Overige bestrijdingsmiddelen,,,,CONFORM
4349,niet‐scherpsmakende pepers/paprikas,86837129,paprika geel,12‐11‐2024,Spanje,GROENTEPRODUCTIE FLEVOLAND B.V.,fluopyram,0.022,2.0,,CONFORM
4350,niet‐scherpsmakende pepers/paprikas,86837129,paprika geel,12‐11‐2024,Spanje,GROENTEPRODUCTIE FLEVOLAND B.V.,Overige bestrijdingsmiddelen,,,,CONFORM
4351,niet‐scherpsmakende pepers/paprikas,86837609,punt paprika,27‐11‐2024,Turkije,GEBROEDERS DE MOOIJ AMSTERDAM,acetamiprid,0.29,0.3,,CONFORM
4352,niet‐scherpsmakende pepers/paprikas,86837609,punt paprika,27‐11‐2024,Turkije,GEBROEDERS DE MOOIJ AMSTERDAM,bifenazaat (som),0.017,0.01,,NIET CONFORM*
4353,niet‐scherpsmakende pepers/paprikas,86837609,punt paprika,27‐11‐2024,Turkije,GEBROEDERS DE MOOIJ AMSTERDAM,cypermethrin,0.092,0.5,,CONFORM
4354,niet‐scherpsmakende pepers/paprikas,86837609,punt paprika,27‐11‐2024,Turkije,GEBROEDERS DE MOOIJ AMSTERDAM,flonicamid (som),0.15,0.3,,CONFORM
4355,niet‐scherpsmakende pepers/paprikas,86837609,punt paprika,27‐11‐2024,Turkije,GEBROEDERS DE MOOIJ AMSTERDAM,flupyradifurone,0.087,0.9,,CONFORM
4356,niet‐scherpsmakende pepers/paprikas,86837609,punt paprika,27‐11‐2024,Turkije,GEBROEDERS DE MOOIJ AMSTERDAM,pirimicarb,0.014,0.5,,CONFORM
4357,niet‐scherpsmakende pepers/paprikas,86837609,punt paprika,27‐11‐2024,Turkije,GEBROEDERS DE MOOIJ AMSTERDAM,pyridaben,0.047,0.3,,CONFORM
4358,niet‐scherpsmakende pepers/paprikas,86837609,punt paprika,27‐11‐2024,Turkije,GEBROEDERS DE MOOIJ AMSTERDAM,pyridalyl,0.038,0.9,,CONFORM
4359,niet‐scherpsmakende pepers/paprikas,86837609,punt paprika,27‐11‐2024,Turkije,GEBROEDERS DE MOOIJ AMSTERDAM,pyriproxyfen,0.22,0.6,,CONFORM
4360,niet‐scherpsmakende pepers/paprikas,86837609,punt paprika,27‐11‐2024,Turkije,GEBROEDERS DE MOOIJ AMSTERDAM,spinetoram,0.011,0.4,,CONFORM
4361,niet‐scherpsmakende pepers/paprikas,86837609,punt paprika,27‐11‐2024,Turkije,GEBROEDERS DE MOOIJ AMSTERDAM,spiromesifen,0.048,0.5,,CONFORM
4362,niet‐scherpsmakende pepers/paprikas,86837609,punt paprika,27‐11‐2024,Turkije,GEBROEDERS DE MOOIJ AMSTERDAM,sulfoxaflor,0.14,0.4,,CONFORM
4363,niet‐scherpsmakende pepers/paprikas,86837609,punt paprika,27‐11‐2024,Turkije,GEBROEDERS DE MOOIJ AMSTERDAM,Overige bestrijdingsmiddelen,,,,CONFORM
4364,niet‐scherpsmakende pepers/paprikas,86843226,Mini snack Paprika Rot,17‐10‐2024,Nederland,VALSTAR HOLLAND,propamocarb,0.0062,3.0,,CONFORM
4365,niet‐scherpsmakende pepers/paprikas,86843226,Mini snack Paprika Rot,17‐10‐2024,Nederland,VALSTAR HOLLAND,pyridalyl,0.096,0.9,,CONFORM
4366,niet‐scherpsmakende pepers/paprikas,86843226,Mini snack Paprika Rot,17‐10‐2024,Nederland,VALSTAR HOLLAND,Overige bestrijdingsmiddelen,,,,CONFORM
4367,niet‐scherpsmakende pepers/paprikas,86843234,Paprika Groen,17‐10‐2024,Nederland,VALSTAR HOLLAND,Overige bestrijdingsmiddelen,,,,CONFORM
4368,niet‐scherpsmakende pepers/paprikas,86845792,Paprika rood,25‐11‐2024,Spanje,MARNI FRUIT B.V.,chloorantraniliprole,0.0053,1.0,,CONFORM
4369,niet‐scherpsmakende pepers/paprikas,86845792,Paprika rood,25‐11‐2024,Spanje,MARNI FRUIT B.V.,fluopyram,0.0067,2.0,,CONFORM
4370,niet‐scherpsmakende pepers/paprikas,86845792,Paprika rood,25‐11‐2024,Spanje,MARNI FRUIT B.V.,metrafenon,0.063,2.0,,CONFORM
4371,niet‐scherpsmakende pepers/paprikas,86845792,Paprika rood,25‐11‐2024,Spanje,MARNI FRUIT B.V.,spirotetramat (som),0.012,1.0,,CONFORM
4372,niet‐scherpsmakende pepers/paprikas,86845792,Paprika rood,25‐11‐2024,Spanje,MARNI FRUIT B.V.,Overige bestrijdingsmiddelen,,,,CONFORM
4373,niet‐scherpsmakende pepers/paprikas,86849704,Poivron Pointu Rouge,26‐8‐2024,Landcode onbekend,THE GREENERY B.V.,Overige bestrijdingsmiddelen,,,,CONFORM
4374,niet‐scherpsmakende pepers/paprikas,86849755,Peper,26‐8‐2024,Nederland,THE GREENERY B.V.,Overige bestrijdingsmiddelen,,,,CONFORM
4375,niet‐scherpsmakende pepers/paprikas,86849798,Red Peppers,26‐8‐2024,Nederland,THE GREENERY B.V.,azoxystrobin,0.0067,3.0,,CONFORM
4376,niet‐scherpsmakende pepers/paprikas,86849798,Red Peppers,26‐8‐2024,Nederland,THE GREENERY B.V.,propamocarb,0.018,3.0,,CONFORM
4377,niet‐scherpsmakende pepers/paprikas,86849798,Red Peppers,26‐8‐2024,Nederland,THE GREENERY B.V.,pyridalyl,0.0093,0.9,,CONFORM
4378,niet‐scherpsmakende pepers/paprikas,86849798,Red Peppers,26‐8‐2024,Nederland,THE GREENERY B.V.,Overige bestrijdingsmiddelen,,,,CONFORM
4379,niet‐scherpsmakende pepers/paprikas,86850699,Puntpaprika Rood,10‐10‐2024,Nederland,LIDL,acetamiprid,0.0053,0.3,,CONFORM
4380,niet‐scherpsmakende pepers/paprikas,86850699,Puntpaprika Rood,10‐10‐2024,Nederland,LIDL,propamocarb,0.0082,3.0,,CONFORM
4381,niet‐scherpsmakende pepers/paprikas,86850699,Puntpaprika Rood,10‐10‐2024,Nederland,LIDL,Overige bestrijdingsmiddelen,,,,CONFORM
4382,niet‐scherpsmakende pepers/paprikas,86851245,Puntpaprika Rood,5‐11‐2024,Nederland,DISTRIBUTIECENTRUM ALBERT HEIJN,pyridalyl,0.095,0.9,,CONFORM
4383,niet‐scherpsmakende pepers/paprikas,86851245,Puntpaprika Rood,5‐11‐2024,Nederland,DISTRIBUTIECENTRUM ALBERT HEIJN,Overige bestrijdingsmiddelen,,,,CONFORM
4384,niet‐scherpsmakende pepers/paprikas,86867583,paprika geel,8‐4‐2024,Marokko,HESSING GREENPOORT,bifenazaat (som),0.049,3.0,,CONFORM
4385,niet‐scherpsmakende pepers/paprikas,86867583,paprika geel,8‐4‐2024,Marokko,HESSING GREENPOORT,spirotetramat (som),0.02,1.0,,CONFORM
4386,niet‐scherpsmakende pepers/paprikas,86867583,paprika geel,8‐4‐2024,Marokko,HESSING GREENPOORT,Overige bestrijdingsmiddelen,,,,CONFORM
4387,niet‐scherpsmakende pepers/paprikas,86894653,Punt Paprika,27‐8‐2024,Nederland,AARTSEN VENLO B.V.,Overige bestrijdingsmiddelen,,,,CONFORM
4388,niet‐scherpsmakende pepers/paprikas,86894831,paprika rood,3‐9‐2024,Nederland,HESSING GREENPOORT,propamocarb,0.055,3.0,,CONFORM
4389,niet‐scherpsmakende pepers/paprikas,86894831,paprika rood,3‐9‐2024,Nederland,HESSING GREENPOORT,Overige bestrijdingsmiddelen,,,,CONFORM
4390,niet‐scherpsmakende pepers/paprikas,86896338,puntpaprika s,8‐10‐2024,Nederland,ALDI DISTRIBUTIECENTRUM,pyridalyl,0.039,0.9,,CONFORM
4391,niet‐scherpsmakende pepers/paprikas,86896338,puntpaprika s,8‐10‐2024,Nederland,ALDI DISTRIBUTIECENTRUM,sulfoxaflor,0.05,0.4,,CONFORM
4392,niet‐scherpsmakende pepers/paprikas,86896338,puntpaprika s,8‐10‐2024,Nederland,ALDI DISTRIBUTIECENTRUM,Overige bestrijdingsmiddelen,,,,CONFORM
4393,niet‐scherpsmakende pepers/paprikas,86896907,pepper sorte:cin,4‐11‐2024,Turkije,ASYA FOOD AGF,bifenazaat (som),0.013,0.01,,NIET CONFORM*
4394,niet‐scherpsmakende pepers/paprikas,86896907,pepper sorte:cin,4‐11‐2024,Turkije,ASYA FOOD AGF,deltamethrin,0.061,0.2,,CONFORM
4395,niet‐scherpsmakende pepers/paprikas,86896907,pepper sorte:cin,4‐11‐2024,Turkije,ASYA FOOD AGF,formetanaat‐hydrochloride,0.39,0.01,,NIET CONFORM
4396,niet‐scherpsmakende pepers/paprikas,86896907,pepper sorte:cin,4‐11‐2024,Turkije,ASYA FOOD AGF,pyridaben,0.067,0.3,,CONFORM
4397,niet‐scherpsmakende pepers/paprikas,86896907,pepper sorte:cin,4‐11‐2024,Turkije,ASYA FOOD AGF,pyriproxyfen,0.1,0.6,,CONFORM
4398,niet‐scherpsmakende pepers/paprikas,86896907,pepper sorte:cin,4‐11‐2024,Turkije,ASYA FOOD AGF,spirotetramat (som),0.012,1.0,,CONFORM
4399,niet‐scherpsmakende pepers/paprikas,86896907,pepper sorte:cin,4‐11‐2024,Turkije,ASYA FOOD AGF,Overige bestrijdingsmiddelen,,,,CONFORM
4400,niet‐scherpsmakende pepers/paprikas,86956233,Paprika rood zoet,8‐3‐2024,Marokko,DE GROOT FRUIT & VEGETABLES B.V.,boscalid,0.13,3.0,,CONFORM
4401,niet‐scherpsmakende pepers/paprikas,86956233,Paprika rood zoet,8‐3‐2024,Marokko,DE GROOT FRUIT & VEGETABLES B.V.,pyraclostrobin,0.033,0.5,,CONFORM
4402,niet‐scherpsmakende pepers/paprikas,86956233,Paprika rood zoet,8‐3‐2024,Marokko,DE GROOT FRUIT & VEGETABLES B.V.,Overige bestrijdingsmiddelen,,,,CONFORM
4403,niet‐scherpsmakende pepers/paprikas,86961725,paprika rood,15‐10‐2024,Nederland,ALDI GRONINGEN B.V.,propamocarb,0.0052,3.0,,CONFORM
4404,niet‐scherpsmakende pepers/paprikas,86961725,paprika rood,15‐10‐2024,Nederland,ALDI GRONINGEN B.V.,Overige bestrijdingsmiddelen,,,,CONFORM
4405,niet‐scherpsmakende pepers/paprikas,86963132,paprika rood,20‐8‐2024,Nederland,GROOTHANDELSONDERNEMING VERS‐NED,Overige bestrijdingsmiddelen,,,,CONFORM
4406,niet‐scherpsmakende pepers/paprikas,86963531,paprika geel,2‐9‐2024,Nederland,JAGER HOLLAND B.V.,hexythiazox,0.016,0.09,,CONFORM
4407,niet‐scherpsmakende pepers/paprikas,86963531,paprika geel,2‐9‐2024,Nederland,JAGER HOLLAND B.V.,pyridalyl,0.029,0.9,,CONFORM
4408,niet‐scherpsmakende pepers/paprikas,86963531,paprika geel,2‐9‐2024,Nederland,JAGER HOLLAND B.V.,spinosad,0.011,0.6,,CONFORM
4409,niet‐scherpsmakende pepers/paprikas,86963531,paprika geel,2‐9‐2024,Nederland,JAGER HOLLAND B.V.,Overige bestrijdingsmiddelen,,,,CONFORM
4410,niet‐scherpsmakende pepers/paprikas,86974991,Rode Punt Paprika,19‐11‐2024,Spanje,4 FRUIT COMPANY B.V.,fluopyram,0.0059,2.0,,CONFORM
4411,niet‐scherpsmakende pepers/paprikas,86974991,Rode Punt Paprika,19‐11‐2024,Spanje,4 FRUIT COMPANY B.V.,tebuconazool,0.043,0.6,,CONFORM
4412,niet‐scherpsmakende pepers/paprikas,86974991,Rode Punt Paprika,19‐11‐2024,Spanje,4 FRUIT COMPANY B.V.,Overige bestrijdingsmiddelen,,,,CONFORM
4413,niet‐scherpsmakende pepers/paprikas,86975017,Oranje Paprika,19‐11‐2024,Spanje,KRAAIJEVELD,Overige bestrijdingsmiddelen,,,,CONFORM
4414,niet‐scherpsmakende pepers/paprikas,86985357,Paprika s geel,26‐11‐2024,Nederland,P. SEELEN GRUBBENVORST B.V.,difenoconazool,0.0091,0.9,,CONFORM
4415,niet‐scherpsmakende pepers/paprikas,86985357,Paprika s geel,26‐11‐2024,Nederland,P. SEELEN GRUBBENVORST B.V.,methoxyfenozide,0.0054,2.0,,CONFORM
4416,niet‐scherpsmakende pepers/paprikas,86985357,Paprika s geel,26‐11‐2024,Nederland,P. SEELEN GRUBBENVORST B.V.,spirotetramat (som),0.027,1.0,,CONFORM
4417,niet‐scherpsmakende pepers/paprikas,86985357,Paprika s geel,26‐11‐2024,Nederland,P. SEELEN GRUBBENVORST B.V.,Overige bestrijdingsmiddelen,,,,CONFORM
4418,niet‐scherpsmakende pepers/paprikas,86995972,rode paprika,11‐3‐2024,Spanje,KONINKLIJKE VEZET B.V.,difenoconazool,0.019,0.9,,CONFORM
4419,niet‐scherpsmakende pepers/paprikas,86995972,rode paprika,11‐3‐2024,Spanje,KONINKLIJKE VEZET B.V.,fenpyrazamine,0.03,3.0,,CONFORM
4420,niet‐scherpsmakende pepers/paprikas,86995972,rode paprika,11‐3‐2024,Spanje,KONINKLIJKE VEZET B.V.,fludioxonil,0.0082,1.0,,CONFORM
4421,niet‐scherpsmakende pepers/paprikas,86995972,rode paprika,11‐3‐2024,Spanje,KONINKLIJKE VEZET B.V.,fluopyram,0.012,2.0,,CONFORM
4422,niet‐scherpsmakende pepers/paprikas,86995972,rode paprika,11‐3‐2024,Spanje,KONINKLIJKE VEZET B.V.,fluxapyroxad,0.018,0.6,,CONFORM
4423,niet‐scherpsmakende pepers/paprikas,86995972,rode paprika,11‐3‐2024,Spanje,KONINKLIJKE VEZET B.V.,metrafenon,0.011,2.0,,CONFORM
4424,niet‐scherpsmakende pepers/paprikas,86995972,rode paprika,11‐3‐2024,Spanje,KONINKLIJKE VEZET B.V.,spiromesifen,0.017,0.5,,CONFORM
4425,niet‐scherpsmakende pepers/paprikas,86995972,rode paprika,11‐3‐2024,Spanje,KONINKLIJKE VEZET B.V.,trifloxystrobin,0.0072,0.4,,CONFORM
4426,niet‐scherpsmakende pepers/paprikas,86995972,rode paprika,11‐3‐2024,Spanje,KONINKLIJKE VEZET B.V.,Overige bestrijdingsmiddelen,,,,CONFORM
4427,niet‐scherpsmakende pepers/paprikas,86996073,paprika geel,13‐3‐2024,Marokko,HESSING ZWAAGDIJK B.V.,azoxystrobin,0.0056,3.0,,CONFORM
4428,niet‐scherpsmakende pepers/paprikas,86996073,paprika geel,13‐3‐2024,Marokko,HESSING ZWAAGDIJK B.V.,chloorfenapyr,0.0067,0.01,,CONFORM
4429,niet‐scherpsmakende pepers/paprikas,86996073,paprika geel,13‐3‐2024,Marokko,HESSING ZWAAGDIJK B.V.,difenoconazool,0.058,0.9,,CONFORM
4430,niet‐scherpsmakende pepers/paprikas,86996073,paprika geel,13‐3‐2024,Marokko,HESSING ZWAAGDIJK B.V.,fluxapyroxad,0.018,0.6,,CONFORM
4431,niet‐scherpsmakende pepers/paprikas,86996073,paprika geel,13‐3‐2024,Marokko,HESSING ZWAAGDIJK B.V.,trifloxystrobin,0.0064,0.4,,CONFORM
4432,niet‐scherpsmakende pepers/paprikas,86996073,paprika geel,13‐3‐2024,Marokko,HESSING ZWAAGDIJK B.V.,Overige bestrijdingsmiddelen,,,,CONFORM
4433,niet‐scherpsmakende pepers/paprikas,99389354,paprika,9‐1‐2024,Spanje,ALBERT HEIJN XL,azoxystrobin,0.0055,3.0,,CONFORM
4434,niet‐scherpsmakende pepers/paprikas,99389354,paprika,9‐1‐2024,Spanje,ALBERT HEIJN XL,bromide,2.2,30.0,,CONFORM
4435,niet‐scherpsmakende pepers/paprikas,99389354,paprika,9‐1‐2024,Spanje,ALBERT HEIJN XL,fluopyram,0.009,2.0,,CONFORM
4436,niet‐scherpsmakende pepers/paprikas,99389354,paprika,9‐1‐2024,Spanje,ALBERT HEIJN XL,koper,0.47,5.0,,CONFORM
4437,niet‐scherpsmakende pepers/paprikas,99389354,paprika,9‐1‐2024,Spanje,ALBERT HEIJN XL,thiabendazool,0.0065,0.01,,CONFORM
4438,niet‐scherpsmakende pepers/paprikas,99389354,paprika,9‐1‐2024,Spanje,ALBERT HEIJN XL,Overige bestrijdingsmiddelen,,,,CONFORM
4439,niet‐scherpsmakende pepers/paprikas,99390255,paprika mix,6‐2‐2024,Spanje,COOP MAASBREE,azoxystrobin,0.017,3.0,,CONFORM
4440,niet‐scherpsmakende pepers/paprikas,99390255,paprika mix,6‐2‐2024,Spanje,COOP MAASBREE,bromide,0.84,30.0,,CONFORM
4441,niet‐scherpsmakende pepers/paprikas,99390255,paprika mix,6‐2‐2024,Spanje,COOP MAASBREE,difenoconazool,0.02,0.9,,CONFORM
4442,niet‐scherpsmakende pepers/paprikas,99390255,paprika mix,6‐2‐2024,Spanje,COOP MAASBREE,fludioxonil,0.0056,1.0,,CONFORM
4443,niet‐scherpsmakende pepers/paprikas,99390255,paprika mix,6‐2‐2024,Spanje,COOP MAASBREE,fluopyram,0.014,2.0,,CONFORM
4444,niet‐scherpsmakende pepers/paprikas,99390255,paprika mix,6‐2‐2024,Spanje,COOP MAASBREE,koper,0.53,5.0,,CONFORM
4445,niet‐scherpsmakende pepers/paprikas,99390255,paprika mix,6‐2‐2024,Spanje,COOP MAASBREE,metrafenon,0.014,2.0,,CONFORM
4446,niet‐scherpsmakende pepers/paprikas,99390255,paprika mix,6‐2‐2024,Spanje,COOP MAASBREE,Overige bestrijdingsmiddelen,,,,CONFORM
4447,niet‐scherpsmakende pepers/paprikas,99401699,Zoet Punt Paprika,23‐1‐2024,Spanje,PLUS BECKERS,azoxystrobin,0.0061,3.0,,CONFORM
4448,niet‐scherpsmakende pepers/paprikas,99401699,Zoet Punt Paprika,23‐1‐2024,Spanje,PLUS BECKERS,bromide,1.1,30.0,,CONFORM
4449,niet‐scherpsmakende pepers/paprikas,99401699,Zoet Punt Paprika,23‐1‐2024,Spanje,PLUS BECKERS,fluopyram,0.074,2.0,,CONFORM
4450,niet‐scherpsmakende pepers/paprikas,99401699,Zoet Punt Paprika,23‐1‐2024,Spanje,PLUS BECKERS,koper,0.38,5.0,,CONFORM
4451,niet‐scherpsmakende pepers/paprikas,99401699,Zoet Punt Paprika,23‐1‐2024,Spanje,PLUS BECKERS,methoxyfenozide,0.051,2.0,,CONFORM
4452,niet‐scherpsmakende pepers/paprikas,99401699,Zoet Punt Paprika,23‐1‐2024,Spanje,PLUS BECKERS,tebuconazool,0.0051,0.6,,CONFORM
4453,niet‐scherpsmakende pepers/paprikas,99401699,Zoet Punt Paprika,23‐1‐2024,Spanje,PLUS BECKERS,Overige bestrijdingsmiddelen,,,,CONFORM
4454,niet‐scherpsmakende pepers/paprikas,99401966,Punt Paprika's,30‐1‐2024,Landcode onbekend,LIDL,bromide,0.48,30.0,,CONFORM
4455,niet‐scherpsmakende pepers/paprikas,99401966,Punt Paprika's,30‐1‐2024,Landcode onbekend,LIDL,difenoconazool,0.016,0.9,,CONFORM
4456,niet‐scherpsmakende pepers/paprikas,99401966,Punt Paprika's,30‐1‐2024,Landcode onbekend,LIDL,fluxapyroxad,0.017,0.6,,CONFORM
4457,niet‐scherpsmakende pepers/paprikas,99401966,Punt Paprika's,30‐1‐2024,Landcode onbekend,LIDL,koper,0.37,5.0,,CONFORM
4458,niet‐scherpsmakende pepers/paprikas,99401966,Punt Paprika's,30‐1‐2024,Landcode onbekend,LIDL,Overige bestrijdingsmiddelen,,,,CONFORM
4459,niet‐scherpsmakende pepers/paprikas,99402326,Zoete punt Paprika,6‐2‐2024,Spanje,JUMBO SUPERMARKT,bromide,1.1,30.0,,CONFORM
4460,niet‐scherpsmakende pepers/paprikas,99402326,Zoete punt Paprika,6‐2‐2024,Spanje,JUMBO SUPERMARKT,captan (som),0.037,0.03,,NIET CONFORM*
4461,niet‐scherpsmakende pepers/paprikas,99402326,Zoete punt Paprika,6‐2‐2024,Spanje,JUMBO SUPERMARKT,difenoconazool,0.032,0.9,,CONFORM
4462,niet‐scherpsmakende pepers/paprikas,99402326,Zoete punt Paprika,6‐2‐2024,Spanje,JUMBO SUPERMARKT,fluopyram,0.014,2.0,,CONFORM
4463,niet‐scherpsmakende pepers/paprikas,99402326,Zoete punt Paprika,6‐2‐2024,Spanje,JUMBO SUPERMARKT,fluxapyroxad,0.041,0.6,,CONFORM
4464,niet‐scherpsmakende pepers/paprikas,99402326,Zoete punt Paprika,6‐2‐2024,Spanje,JUMBO SUPERMARKT,koper,0.39,5.0,,CONFORM
4465,niet‐scherpsmakende pepers/paprikas,99402326,Zoete punt Paprika,6‐2‐2024,Spanje,JUMBO SUPERMARKT,Overige bestrijdingsmiddelen,,,,CONFORM
4466,niet‐scherpsmakende pepers/paprikas,99414413,sweet red peppers,16‐1‐2024,Spanje,LIDL,bromide,0.45,30.0,,CONFORM
4467,niet‐scherpsmakende pepers/paprikas,99414413,sweet red peppers,16‐1‐2024,Spanje,LIDL,difenoconazool,0.046,0.9,,CONFORM
4468,niet‐scherpsmakende pepers/paprikas,99414413,sweet red peppers,16‐1‐2024,Spanje,LIDL,fluopyram,0.011,2.0,,CONFORM
4469,niet‐scherpsmakende pepers/paprikas,99414413,sweet red peppers,16‐1‐2024,Spanje,LIDL,fluxapyroxad,0.068,0.6,,CONFORM
4470,niet‐scherpsmakende pepers/paprikas,99414413,sweet red peppers,16‐1‐2024,Spanje,LIDL,koper,0.59,5.0,,CONFORM
4471,niet‐scherpsmakende pepers/paprikas,99414413,sweet red peppers,16‐1‐2024,Spanje,LIDL,spirotetramat (som),0.007,1.0,,CONFORM
4472,niet‐scherpsmakende pepers/paprikas,99414413,sweet red peppers,16‐1‐2024,Spanje,LIDL,Overige bestrijdingsmiddelen,,,,CONFORM
4473,niet‐scherpsmakende pepers/paprikas,99414804,Plus paprika,24‐1‐2024,Landcode onbekend,COOP ALMELO,fluopyram,0.071,2.0,,CONFORM
4474,niet‐scherpsmakende pepers/paprikas,99414804,Plus paprika,24‐1‐2024,Landcode onbekend,COOP ALMELO,koper,0.35,5.0,,CONFORM
4475,niet‐scherpsmakende pepers/paprikas,99414804,Plus paprika,24‐1‐2024,Landcode onbekend,COOP ALMELO,metrafenon,0.082,2.0,,CONFORM
4476,niet‐scherpsmakende pepers/paprikas,99414804,Plus paprika,24‐1‐2024,Landcode onbekend,COOP ALMELO,spirotetramat (som),0.026,1.0,,CONFORM
4477,niet‐scherpsmakende pepers/paprikas,99414804,Plus paprika,24‐1‐2024,Landcode onbekend,COOP ALMELO,trifloxystrobin,0.038,0.4,,CONFORM
4478,niet‐scherpsmakende pepers/paprikas,99414804,Plus paprika,24‐1‐2024,Landcode onbekend,COOP ALMELO,Overige bestrijdingsmiddelen,,,,CONFORM
4479,niet‐scherpsmakende pepers/paprikas,99415088,1 de Beste zoete rode puntpaprika,30‐1‐2024,Marokko,DIRK,azoxystrobin,0.13,3.0,,CONFORM
4480,niet‐scherpsmakende pepers/paprikas,99415088,1 de Beste zoete rode puntpaprika,30‐1‐2024,Marokko,DIRK,bromide,0.33,30.0,,CONFORM
4481,niet‐scherpsmakende pepers/paprikas,99415088,1 de Beste zoete rode puntpaprika,30‐1‐2024,Marokko,DIRK,chloorantraniliprole,0.018,1.0,,CONFORM
4482,niet‐scherpsmakende pepers/paprikas,99415088,1 de Beste zoete rode puntpaprika,30‐1‐2024,Marokko,DIRK,cyflufenamid,0.0092,0.06,,CONFORM
4483,niet‐scherpsmakende pepers/paprikas,99415088,1 de Beste zoete rode puntpaprika,30‐1‐2024,Marokko,DIRK,difenoconazool,0.024,0.9,,CONFORM
4484,niet‐scherpsmakende pepers/paprikas,99415088,1 de Beste zoete rode puntpaprika,30‐1‐2024,Marokko,DIRK,fluopyram,0.025,2.0,,CONFORM
4485,niet‐scherpsmakende pepers/paprikas,99415088,1 de Beste zoete rode puntpaprika,30‐1‐2024,Marokko,DIRK,fluxapyroxad,0.021,0.6,,CONFORM
4486,niet‐scherpsmakende pepers/paprikas,99415088,1 de Beste zoete rode puntpaprika,30‐1‐2024,Marokko,DIRK,koper,0.51,5.0,,CONFORM
4487,niet‐scherpsmakende pepers/paprikas,99415088,1 de Beste zoete rode puntpaprika,30‐1‐2024,Marokko,DIRK,Overige bestrijdingsmiddelen,,,,CONFORM
4488,niet‐scherpsmakende pepers/paprikas,99415819,AH Bio zoete puntpaprika,7‐2‐2024,Spanje,"ALBERT HEIJN, TJ VOSSELMAN SUPERMARKT T.H.O.D.N.",bromide,0.66,30.0,,CONFORM
4489,niet‐scherpsmakende pepers/paprikas,99415819,AH Bio zoete puntpaprika,7‐2‐2024,Spanje,"ALBERT HEIJN, TJ VOSSELMAN SUPERMARKT T.H.O.D.N.",koper,0.6,5.0,,CONFORM
4490,niet‐scherpsmakende pepers/paprikas,99415819,AH Bio zoete puntpaprika,7‐2‐2024,Spanje,"ALBERT HEIJN, TJ VOSSELMAN SUPERMARKT T.H.O.D.N.",Overige bestrijdingsmiddelen,,,,CONFORM
4491,niet‐scherpsmakende pepers/paprikas,99419903,Jumbo paprika geel verpakt,23‐1‐2024,Spanje,JUMBO SUPERMARKT,bromide,0.21,30.0,,CONFORM
4492,niet‐scherpsmakende pepers/paprikas,99419903,Jumbo paprika geel verpakt,23‐1‐2024,Spanje,JUMBO SUPERMARKT,fluopyram,0.0083,2.0,,CONFORM
4493,niet‐scherpsmakende pepers/paprikas,99419903,Jumbo paprika geel verpakt,23‐1‐2024,Spanje,JUMBO SUPERMARKT,koper,0.85,5.0,,CONFORM
4494,niet‐scherpsmakende pepers/paprikas,99419903,Jumbo paprika geel verpakt,23‐1‐2024,Spanje,JUMBO SUPERMARKT,methoxyfenozide,0.018,2.0,,CONFORM
4495,niet‐scherpsmakende pepers/paprikas,99419903,Jumbo paprika geel verpakt,23‐1‐2024,Spanje,JUMBO SUPERMARKT,spirotetramat (som),0.01,1.0,,CONFORM
4496,niet‐scherpsmakende pepers/paprikas,99419903,Jumbo paprika geel verpakt,23‐1‐2024,Spanje,JUMBO SUPERMARKT,Overige bestrijdingsmiddelen,,,,CONFORM
4497,niet‐scherpsmakende pepers/paprikas,99420677,Sweet Palermo zoete puntpaprika's 2st,6‐2‐2024,Spanje,ALDI MARKT,fluopyram,0.019,2.0,,CONFORM
4498,niet‐scherpsmakende pepers/paprikas,99420677,Sweet Palermo zoete puntpaprika's 2st,6‐2‐2024,Spanje,ALDI MARKT,trifloxystrobin,0.0095,0.4,,CONFORM
4499,niet‐scherpsmakende pepers/paprikas,99420677,Sweet Palermo zoete puntpaprika's 2st,6‐2‐2024,Spanje,ALDI MARKT,Overige bestrijdingsmiddelen,,,,CONFORM
4500,niet‐scherpsmakende pepers/paprikas,99634677,"Rode paprika, Sort 80‐100 mm",31‐1‐2024,Spanje,JUMBO SUPERMARKT,boscalid,0.0079,3.0,,CONFORM
4501,niet‐scherpsmakende pepers/paprikas,99634677,"Rode paprika, Sort 80‐100 mm",31‐1‐2024,Spanje,JUMBO SUPERMARKT,bromide,0.33,30.0,,CONFORM
4502,niet‐scherpsmakende pepers/paprikas,99634677,"Rode paprika, Sort 80‐100 mm",31‐1‐2024,Spanje,JUMBO SUPERMARKT,fludioxonil,0.016,1.0,,CONFORM
4503,niet‐scherpsmakende pepers/paprikas,99634677,"Rode paprika, Sort 80‐100 mm",31‐1‐2024,Spanje,JUMBO SUPERMARKT,fluopyram,0.019,2.0,,CONFORM
4504,niet‐scherpsmakende pepers/paprikas,99634677,"Rode paprika, Sort 80‐100 mm",31‐1‐2024,Spanje,JUMBO SUPERMARKT,koper,0.59,5.0,,CONFORM
4505,niet‐scherpsmakende pepers/paprikas,99634677,"Rode paprika, Sort 80‐100 mm",31‐1‐2024,Spanje,JUMBO SUPERMARKT,trifloxystrobin,0.0073,0.4,,CONFORM
4506,niet‐scherpsmakende pepers/paprikas,99634677,"Rode paprika, Sort 80‐100 mm",31‐1‐2024,Spanje,JUMBO SUPERMARKT,Overige bestrijdingsmiddelen,,,,CONFORM
4507,niet‐scherpsmakende pepers/paprikas,99635126,"Rode Paprika, California Wonder, Klasse I",24‐1‐2024,Spanje,LIDL,bromide,0.35,30.0,,CONFORM
4508,niet‐scherpsmakende pepers/paprikas,99635126,"Rode Paprika, California Wonder, Klasse I",24‐1‐2024,Spanje,LIDL,difenoconazool,0.0094,0.9,,CONFORM
4509,niet‐scherpsmakende pepers/paprikas,99635126,"Rode Paprika, California Wonder, Klasse I",24‐1‐2024,Spanje,LIDL,fluopyram,0.099,2.0,,CONFORM
4510,niet‐scherpsmakende pepers/paprikas,99635126,"Rode Paprika, California Wonder, Klasse I",24‐1‐2024,Spanje,LIDL,fluxapyroxad,0.013,0.6,,CONFORM
4511,niet‐scherpsmakende pepers/paprikas,99635126,"Rode Paprika, California Wonder, Klasse I",24‐1‐2024,Spanje,LIDL,koper,0.56,5.0,,CONFORM
4512,niet‐scherpsmakende pepers/paprikas,99635126,"Rode Paprika, California Wonder, Klasse I",24‐1‐2024,Spanje,LIDL,trifloxystrobin,0.041,0.4,,CONFORM
4513,niet‐scherpsmakende pepers/paprikas,99635126,"Rode Paprika, California Wonder, Klasse I",24‐1‐2024,Spanje,LIDL,Overige bestrijdingsmiddelen,,,,CONFORM
4514,niet‐scherpsmakende pepers/paprikas,99635924,"Zoete rode puntparika, Variëteit: kapio(? slechte stempel), Sortering: 40/60 mm",7‐2‐2024,Marokko,DIRK VAN DER BROEK,azoxystrobin,0.12,3.0,,CONFORM
4515,niet‐scherpsmakende pepers/paprikas,99635924,"Zoete rode puntparika, Variëteit: kapio(? slechte stempel), Sortering: 40/60 mm",7‐2‐2024,Marokko,DIRK VAN DER BROEK,bromide,0.92,30.0,,CONFORM
4516,niet‐scherpsmakende pepers/paprikas,99635924,"Zoete rode puntparika, Variëteit: kapio(? slechte stempel), Sortering: 40/60 mm",7‐2‐2024,Marokko,DIRK VAN DER BROEK,chloorantraniliprole,0.017,1.0,,CONFORM
4517,niet‐scherpsmakende pepers/paprikas,99635924,"Zoete rode puntparika, Variëteit: kapio(? slechte stempel), Sortering: 40/60 mm",7‐2‐2024,Marokko,DIRK VAN DER BROEK,cyflufenamid,0.014,0.06,,CONFORM
4518,niet‐scherpsmakende pepers/paprikas,99635924,"Zoete rode puntparika, Variëteit: kapio(? slechte stempel), Sortering: 40/60 mm",7‐2‐2024,Marokko,DIRK VAN DER BROEK,difenoconazool,0.013,0.9,,CONFORM
4519,niet‐scherpsmakende pepers/paprikas,99635924,"Zoete rode puntparika, Variëteit: kapio(? slechte stempel), Sortering: 40/60 mm",7‐2‐2024,Marokko,DIRK VAN DER BROEK,fluopyram,0.028,2.0,,CONFORM
4520,niet‐scherpsmakende pepers/paprikas,99635924,"Zoete rode puntparika, Variëteit: kapio(? slechte stempel), Sortering: 40/60 mm",7‐2‐2024,Marokko,DIRK VAN DER BROEK,fluxapyroxad,0.013,0.6,,CONFORM
4521,niet‐scherpsmakende pepers/paprikas,99635924,"Zoete rode puntparika, Variëteit: kapio(? slechte stempel), Sortering: 40/60 mm",7‐2‐2024,Marokko,DIRK VAN DER BROEK,koper,0.25,5.0,,CONFORM
4522,niet‐scherpsmakende pepers/paprikas,99635924,"Zoete rode puntparika, Variëteit: kapio(? slechte stempel), Sortering: 40/60 mm",7‐2‐2024,Marokko,DIRK VAN DER BROEK,Overige bestrijdingsmiddelen,,,,CONFORM
4523,niet‐scherpsmakende pepers/paprikas,99642599,AH Groene paprika,3‐1‐2024,Nederland,ALBERT HEIJN,bromide,2.4,30.0,,CONFORM
4524,niet‐scherpsmakende pepers/paprikas,99642599,AH Groene paprika,3‐1‐2024,Nederland,ALBERT HEIJN,difenoconazool,0.014,0.9,,CONFORM
4525,niet‐scherpsmakende pepers/paprikas,99642599,AH Groene paprika,3‐1‐2024,Nederland,ALBERT HEIJN,fludioxonil,0.0089,1.0,,CONFORM
4526,niet‐scherpsmakende pepers/paprikas,99642599,AH Groene paprika,3‐1‐2024,Nederland,ALBERT HEIJN,fluxapyroxad,0.02,0.6,,CONFORM
4527,niet‐scherpsmakende pepers/paprikas,99642599,AH Groene paprika,3‐1‐2024,Nederland,ALBERT HEIJN,koper,0.33,5.0,,CONFORM
4528,niet‐scherpsmakende pepers/paprikas,99642599,AH Groene paprika,3‐1‐2024,Nederland,ALBERT HEIJN,kresoxim‐methyl,0.029,0.8,,CONFORM
4529,niet‐scherpsmakende pepers/paprikas,99642599,AH Groene paprika,3‐1‐2024,Nederland,ALBERT HEIJN,metrafenon,0.0094,2.0,,CONFORM
4530,niet‐scherpsmakende pepers/paprikas,99642599,AH Groene paprika,3‐1‐2024,Nederland,ALBERT HEIJN,Overige bestrijdingsmiddelen,,,,CONFORM
4531,niet‐scherpsmakende pepers/paprikas,99642874,"Puntpaprika, Sweet Red Peppers, Cal 30‐50 mm",11‐1‐2024,Spanje,LIDL,azoxystrobin,0.049,3.0,,CONFORM
4532,niet‐scherpsmakende pepers/paprikas,99642874,"Puntpaprika, Sweet Red Peppers, Cal 30‐50 mm",11‐1‐2024,Spanje,LIDL,bromide,0.74,30.0,,CONFORM
4533,niet‐scherpsmakende pepers/paprikas,99642874,"Puntpaprika, Sweet Red Peppers, Cal 30‐50 mm",11‐1‐2024,Spanje,LIDL,difenoconazool,0.12,0.9,,CONFORM
4534,niet‐scherpsmakende pepers/paprikas,99642874,"Puntpaprika, Sweet Red Peppers, Cal 30‐50 mm",11‐1‐2024,Spanje,LIDL,fluxapyroxad,0.022,0.6,,CONFORM
4535,niet‐scherpsmakende pepers/paprikas,99642874,"Puntpaprika, Sweet Red Peppers, Cal 30‐50 mm",11‐1‐2024,Spanje,LIDL,koper,0.78,5.0,,CONFORM
4536,niet‐scherpsmakende pepers/paprikas,99642874,"Puntpaprika, Sweet Red Peppers, Cal 30‐50 mm",11‐1‐2024,Spanje,LIDL,Overige bestrijdingsmiddelen,,,,CONFORM
4537,niet‐scherpsmakende pepers/paprikas,99643323,"Rode paprika, los, Ras: Arael, TRZ 81770, Klasse 1",10‐1‐2024,Spanje,ALDI MARKT,cyprodinil,0.073,1.5,,CONFORM
4538,niet‐scherpsmakende pepers/paprikas,99643323,"Rode paprika, los, Ras: Arael, TRZ 81770, Klasse 1",10‐1‐2024,Spanje,ALDI MARKT,difenoconazool,0.019,0.9,,CONFORM
4539,niet‐scherpsmakende pepers/paprikas,99643323,"Rode paprika, los, Ras: Arael, TRZ 81770, Klasse 1",10‐1‐2024,Spanje,ALDI MARKT,fludioxonil,0.095,1.0,,CONFORM
4540,niet‐scherpsmakende pepers/paprikas,99643323,"Rode paprika, los, Ras: Arael, TRZ 81770, Klasse 1",10‐1‐2024,Spanje,ALDI MARKT,fluxapyroxad,0.02,0.6,,CONFORM
4541,niet‐scherpsmakende pepers/paprikas,99643323,"Rode paprika, los, Ras: Arael, TRZ 81770, Klasse 1",10‐1‐2024,Spanje,ALDI MARKT,koper,0.95,5.0,,CONFORM
4542,niet‐scherpsmakende pepers/paprikas,99643323,"Rode paprika, los, Ras: Arael, TRZ 81770, Klasse 1",10‐1‐2024,Spanje,ALDI MARKT,thiabendazool,0.0057,0.01,,CONFORM
4543,niet‐scherpsmakende pepers/paprikas,99643323,"Rode paprika, los, Ras: Arael, TRZ 81770, Klasse 1",10‐1‐2024,Spanje,ALDI MARKT,Overige bestrijdingsmiddelen,,,,CONFORM
4544,niet‐scherpsmakende pepers/paprikas,99643412,"Rode paprika, Klasse 1",17‐1‐2024,Spanje,PLUS DE WEERD,fludioxonil,0.005,1.0,,CONFORM
4545,niet‐scherpsmakende pepers/paprikas,99643412,"Rode paprika, Klasse 1",17‐1‐2024,Spanje,PLUS DE WEERD,metrafenon,0.15,2.0,,CONFORM
4546,niet‐scherpsmakende pepers/paprikas,99643412,"Rode paprika, Klasse 1",17‐1‐2024,Spanje,PLUS DE WEERD,spirotetramat (som),0.05,1.0,,CONFORM
4547,niet‐scherpsmakende pepers/paprikas,99643412,"Rode paprika, Klasse 1",17‐1‐2024,Spanje,PLUS DE WEERD,Overige bestrijdingsmiddelen,,,,CONFORM
4548,niet‐scherpsmakende pepers/paprikas,99645407,PAPRIKA MIX,16‐1‐2024,Spanje,ALDI MARKT,difenoconazool,0.013,0.9,,CONFORM
4549,niet‐scherpsmakende pepers/paprikas,99645407,PAPRIKA MIX,16‐1‐2024,Spanje,ALDI MARKT,fluxapyroxad,0.012,0.6,,CONFORM
4550,niet‐scherpsmakende pepers/paprikas,99645407,PAPRIKA MIX,16‐1‐2024,Spanje,ALDI MARKT,koper,0.58,5.0,,CONFORM
4551,niet‐scherpsmakende pepers/paprikas,99645407,PAPRIKA MIX,16‐1‐2024,Spanje,ALDI MARKT,methoxyfenozide,0.014,2.0,,CONFORM
4552,niet‐scherpsmakende pepers/paprikas,99645407,PAPRIKA MIX,16‐1‐2024,Spanje,ALDI MARKT,spirotetramat (som),0.016,1.0,,CONFORM
4553,niet‐scherpsmakende pepers/paprikas,99645407,PAPRIKA MIX,16‐1‐2024,Spanje,ALDI MARKT,Overige bestrijdingsmiddelen,,,,CONFORM
4554,niet‐scherpsmakende pepers/paprikas,99648589,Zoete punt Paprika,3‐1‐2024,Spanje,JUMBO SUPERMARKT,bromide,1.7,30.0,,CONFORM
4555,niet‐scherpsmakende pepers/paprikas,99648589,Zoete punt Paprika,3‐1‐2024,Spanje,JUMBO SUPERMARKT,difenoconazool,0.075,0.9,,CONFORM
4556,niet‐scherpsmakende pepers/paprikas,99648589,Zoete punt Paprika,3‐1‐2024,Spanje,JUMBO SUPERMARKT,fluxapyroxad,0.041,0.6,,CONFORM
4557,niet‐scherpsmakende pepers/paprikas,99648589,Zoete punt Paprika,3‐1‐2024,Spanje,JUMBO SUPERMARKT,koper,0.55,5.0,,CONFORM
4558,niet‐scherpsmakende pepers/paprikas,99648589,Zoete punt Paprika,3‐1‐2024,Spanje,JUMBO SUPERMARKT,Overige bestrijdingsmiddelen,,,,CONFORM
4559,niet‐scherpsmakende pepers/paprikas,99658789,Sweet Palermo zoete munt paprika,2‐1‐2024,Spanje,ALDI MARKT,bromide,5.3,30.0,,CONFORM
4560,niet‐scherpsmakende pepers/paprikas,99658789,Sweet Palermo zoete munt paprika,2‐1‐2024,Spanje,ALDI MARKT,chloorantraniliprole,0.0056,1.0,,CONFORM
4561,niet‐scherpsmakende pepers/paprikas,99658789,Sweet Palermo zoete munt paprika,2‐1‐2024,Spanje,ALDI MARKT,fluopyram,0.11,2.0,,CONFORM
4562,niet‐scherpsmakende pepers/paprikas,99658789,Sweet Palermo zoete munt paprika,2‐1‐2024,Spanje,ALDI MARKT,koper,0.59,5.0,,CONFORM
4563,niet‐scherpsmakende pepers/paprikas,99658789,Sweet Palermo zoete munt paprika,2‐1‐2024,Spanje,ALDI MARKT,methoxyfenozide,0.035,2.0,,CONFORM
4564,niet‐scherpsmakende pepers/paprikas,99658789,Sweet Palermo zoete munt paprika,2‐1‐2024,Spanje,ALDI MARKT,tebuconazool,0.043,0.6,,CONFORM
4565,niet‐scherpsmakende pepers/paprikas,99658789,Sweet Palermo zoete munt paprika,2‐1‐2024,Spanje,ALDI MARKT,Overige bestrijdingsmiddelen,,,,CONFORM
4566,niet‐scherpsmakende pepers/paprikas,99659335,Plus puntpaprika zoet 2st,11‐1‐2024,Spanje,PLUS BRUGHUIS,bromide,0.46,30.0,,CONFORM
4567,niet‐scherpsmakende pepers/paprikas,99659335,Plus puntpaprika zoet 2st,11‐1‐2024,Spanje,PLUS BRUGHUIS,chloorantraniliprole,0.0097,1.0,,CONFORM
4568,niet‐scherpsmakende pepers/paprikas,99659335,Plus puntpaprika zoet 2st,11‐1‐2024,Spanje,PLUS BRUGHUIS,difenoconazool,0.0063,0.9,,CONFORM
4569,niet‐scherpsmakende pepers/paprikas,99659335,Plus puntpaprika zoet 2st,11‐1‐2024,Spanje,PLUS BRUGHUIS,fluopyram,0.12,2.0,,CONFORM
4570,niet‐scherpsmakende pepers/paprikas,99659335,Plus puntpaprika zoet 2st,11‐1‐2024,Spanje,PLUS BRUGHUIS,fluxapyroxad,0.0053,0.6,,CONFORM
4571,niet‐scherpsmakende pepers/paprikas,99659335,Plus puntpaprika zoet 2st,11‐1‐2024,Spanje,PLUS BRUGHUIS,koper,0.67,5.0,,CONFORM
4572,niet‐scherpsmakende pepers/paprikas,99659335,Plus puntpaprika zoet 2st,11‐1‐2024,Spanje,PLUS BRUGHUIS,spirotetramat (som),0.007,1.0,,CONFORM
4573,niet‐scherpsmakende pepers/paprikas,99659335,Plus puntpaprika zoet 2st,11‐1‐2024,Spanje,PLUS BRUGHUIS,trifloxystrobin,0.081,0.4,,CONFORM
4574,niet‐scherpsmakende pepers/paprikas,99659335,Plus puntpaprika zoet 2st,11‐1‐2024,Spanje,PLUS BRUGHUIS,Overige bestrijdingsmiddelen,,,,CONFORM
4575,niet‐scherpsmakende pepers/paprikas,99659815,AH paprika los 7st,17‐1‐2024,Spanje,ALBERT HEIJN,bromide,0.31,30.0,,CONFORM
4576,niet‐scherpsmakende pepers/paprikas,99659815,AH paprika los 7st,17‐1‐2024,Spanje,ALBERT HEIJN,fluopyram,0.014,2.0,,CONFORM
4577,niet‐scherpsmakende pepers/paprikas,99659815,AH paprika los 7st,17‐1‐2024,Spanje,ALBERT HEIJN,koper,0.75,5.0,,CONFORM
4578,niet‐scherpsmakende pepers/paprikas,99659815,AH paprika los 7st,17‐1‐2024,Spanje,ALBERT HEIJN,spirotetramat (som),0.025,1.0,,CONFORM
4579,niet‐scherpsmakende pepers/paprikas,99659815,AH paprika los 7st,17‐1‐2024,Spanje,ALBERT HEIJN,Overige bestrijdingsmiddelen,,,,CONFORM
4580,nootmuskaat,86805316,nootmuskaat gemalen,15‐5‐2024,Landcode onbekend,SETZ‐APART SPECERIJEN B.V.,Overige bestrijdingsmiddelen,,,,CONFORM
4581,nootmuskaat,86812029,Nootmuskaat merk:BANA,23‐4‐2024,Landcode onbekend,FADIE FOOD,Overige bestrijdingsmiddelen,,,,CONFORM
4582,oesterzwammen,86809192,eryngii‐medium,21‐5‐2024,Landcode onbekend,GROOTHANDEL GROENTE EN FRUIT S.C. VAN RAVENSWAAIJ,Overige bestrijdingsmiddelen,,,,CONFORM
4583,"okras, okers",86805197,Oker,23‐4‐2024,Suriname,W. KARSTEN (CEKA),acetamiprid,0.018,0.2,,CONFORM
4584,"okras, okers",86805197,Oker,23‐4‐2024,Suriname,W. KARSTEN (CEKA),imidacloprid,0.03,0.5,,CONFORM
4585,"okras, okers",86805197,Oker,23‐4‐2024,Suriname,W. KARSTEN (CEKA),Overige bestrijdingsmiddelen,,,,CONFORM
4586,"okras, okers",86813351,okra,16‐1‐2024,India,ASIA EXPRESS FOOD B.V.,chloorantraniliprole,0.014,0.6,,CONFORM
4587,"okras, okers",86813351,okra,16‐1‐2024,India,ASIA EXPRESS FOOD B.V.,imidacloprid,0.0064,0.5,,CONFORM
4588,"okras, okers",86813351,okra,16‐1‐2024,India,ASIA EXPRESS FOOD B.V.,Overige bestrijdingsmiddelen,,,,CONFORM
4589,"okras, okers",86814986,oker,23‐4‐2024,Suriname,NANHOE IMPORT EXPORT B.V.,Overige bestrijdingsmiddelen,,,,CONFORM
4590,"okras, okers",86815664,okra,13‐5‐2024,Thailand,RUSTENBURG GROOTHANDEL B.V.,Overige bestrijdingsmiddelen,,,,CONFORM
4591,"okras, okers",86845539,Surinaamse Okra,18‐11‐2024,Suriname,JAGGOE IMPORT,carbendazim,0.0068,2.0,,CONFORM
4592,"okras, okers",86845539,Surinaamse Okra,18‐11‐2024,Suriname,JAGGOE IMPORT,chloorfenapyr,0.011,0.01,,NIET CONFORM*
4593,"okras, okers",86845539,Surinaamse Okra,18‐11‐2024,Suriname,JAGGOE IMPORT,chloorpyrifos‐ethyl,0.0058,0.01,,CONFORM
4594,"okras, okers",86845539,Surinaamse Okra,18‐11‐2024,Suriname,JAGGOE IMPORT,imidacloprid,0.019,0.5,,CONFORM
4595,"okras, okers",86845539,Surinaamse Okra,18‐11‐2024,Suriname,JAGGOE IMPORT,Overige bestrijdingsmiddelen,,,,CONFORM
4596,"okras, okers",86924471,Okra,24‐4‐2024,Ghana,BRIMA FRUIT BV,bifenyl,0.01,0.01,,CONFORM
4597,"okras, okers",86924471,Okra,24‐4‐2024,Ghana,BRIMA FRUIT BV,cyfluthrin,0.0087,0.01,,CONFORM
4598,"okras, okers",86924471,Okra,24‐4‐2024,Ghana,BRIMA FRUIT BV,cypermethrin,0.012,0.5,,CONFORM
4599,"okras, okers",86924471,Okra,24‐4‐2024,Ghana,BRIMA FRUIT BV,flonicamid (som),0.019,0.03,,CONFORM
4600,"okras, okers",86924471,Okra,24‐4‐2024,Ghana,BRIMA FRUIT BV,imidacloprid,0.018,0.5,,CONFORM
4601,"okras, okers",86924471,Okra,24‐4‐2024,Ghana,BRIMA FRUIT BV,Overige bestrijdingsmiddelen,,,,CONFORM
4602,"okras, okers",86996405,okra bevroren,25‐3‐2024,China,ORIENTAL ENTERPRISE TONG FONG,imidacloprid,0.083,0.5,,CONFORM
4603,"okras, okers",86996405,okra bevroren,25‐3‐2024,China,ORIENTAL ENTERPRISE TONG FONG,Overige bestrijdingsmiddelen,,,,CONFORM
4604,"okras, okers",86998661,okra clemson,16‐10‐2024,Spanje,ASIA EXPRESS FOOD B.V.,deltamethrin,0.0094,0.01,,CONFORM
4605,"okras, okers",86998661,okra clemson,16‐10‐2024,Spanje,ASIA EXPRESS FOOD B.V.,difenoconazool,0.051,0.6,,CONFORM
4606,"okras, okers",86998661,okra clemson,16‐10‐2024,Spanje,ASIA EXPRESS FOOD B.V.,fluxapyroxad,0.081,0.6,,CONFORM
4607,"okras, okers",86998661,okra clemson,16‐10‐2024,Spanje,ASIA EXPRESS FOOD B.V.,Overige bestrijdingsmiddelen,,,,CONFORM
4608,olijfolie,99393785,olijfolie,8‐8‐2024,Spanje,ALDI,Overige bestrijdingsmiddelen,,,,CONFORM
4609,olijfolie,99396083,Olijfolie Extra Vierge,9‐7‐2024,Spanje,MCD OCHTEN,Overige bestrijdingsmiddelen,,,,CONFORM
4610,olijfolie,99411031,EkoPlaza olijf olie extra vierge,10‐7‐2024,Spanje,EKOPLAZA (ENSCHEDE),Overige bestrijdingsmiddelen,,,,CONFORM
4611,olijfolie,99595396,Plus milde olijfolie 1l,9‐7‐2024,Landcode onbekend,PLUS STAM,Overige bestrijdingsmiddelen,,,,CONFORM
4612,olijven voor oliewinning,99368683,Goldsun olijfolie extra 1ste persing 1L,24‐7‐2024,Spanje,POIESZ SUPERMARKTEN,trifloxystrobin,0.01,0.3,,CONFORM
4613,olijven voor oliewinning,99368683,Goldsun olijfolie extra 1ste persing 1L,24‐7‐2024,Spanje,POIESZ SUPERMARKTEN,Overige bestrijdingsmiddelen,,,,CONFORM
4614,olijven voor oliewinning,99368969,Primadonna extra vierge spaanse olijfolie 1L,30‐7‐2024,Spanje,LIDL,Overige bestrijdingsmiddelen,,,,CONFORM
4615,olijven voor oliewinning,99398426,SPAANSE OLIJFOLIE EXTRA VIERGE,2‐7‐2024,Spanje,LIDL,Overige bestrijdingsmiddelen,,,,CONFORM
4616,olijven voor oliewinning,99411716,Font Oliva,16‐7‐2024,Spanje,ALDI ENSCHEDE,Overige bestrijdingsmiddelen,,,,CONFORM
4617,olijven voor oliewinning,99411953,1 de Beste olijfolie extra vierge,23‐7‐2024,Spanje,DIRK,Overige bestrijdingsmiddelen,,,,CONFORM
4618,olijven voor oliewinning,99412216,AH olijfolie mild 1L,17‐7‐2024,Landcode onbekend,ALBERT HEIJN MARCEL BERGHUIS,Overige bestrijdingsmiddelen,,,,CONFORM
4619,olijven voor oliewinning,99427515,Extra Virgin olive oil,31‐7‐2024,Italië,ALBERT HEIJN,Overige bestrijdingsmiddelen,,,,CONFORM
4620,olijven voor oliewinning,99430109,olijfolie extra verge,2‐7‐2024,Landcode onbekend,JUMBO SITTARD STADION,Overige bestrijdingsmiddelen,,,,CONFORM
4621,olijven voor oliewinning,99430397,olijfolie extra verge,16‐7‐2024,Spanje,DAGWINKEL MELDERSLO,Overige bestrijdingsmiddelen,,,,CONFORM
4622,olijven voor oliewinning,99430648,olijfolie extra vierge,23‐7‐2024,Spanje,PLUS BOUDA POSTMA,Overige bestrijdingsmiddelen,,,,CONFORM
4623,olijven voor oliewinning,99435542,Olio Extra Vergine di Oliva,10‐7‐2024,Italië,JUMBO SUPERMARKT,Overige bestrijdingsmiddelen,,,,CONFORM
4624,olijven voor oliewinning,99435712,"Olijfolie van de eerste persing, extra vierge, koud gebruik",3‐7‐2024,Landcode onbekend,ALBERT HEIJN,Overige bestrijdingsmiddelen,,,,CONFORM
4625,olijven voor oliewinning,99435909,Olie Extra vierge,7‐8‐2024,Italië,LIDL,deltamethrin,0.028,0.6,,CONFORM
4626,olijven voor oliewinning,99435909,Olie Extra vierge,7‐8‐2024,Italië,LIDL,difenoconazool,0.011,2.0,,CONFORM
4627,olijven voor oliewinning,99435909,Olie Extra vierge,7‐8‐2024,Italië,LIDL,Overige bestrijdingsmiddelen,,,,CONFORM
4628,olijven voor oliewinning,99436115,Extra Virgin olijfolie,12‐8‐2024,Spanje,ALDI MARKT,Overige bestrijdingsmiddelen,,,,CONFORM
4629,olijven voor oliewinning,99436204,Extra Olfijolie van de eerste persion BIO,13‐8‐2024,Italië,POIESZ SUPERMARKTEN,Overige bestrijdingsmiddelen,,,,CONFORM
4630,olijven voor oliewinning,99440228,Epikouros olijfolie extra vergine,30‐7‐2024,Griekenland,EKOPLAZA (HENGELO),Overige bestrijdingsmiddelen,,,,CONFORM
4631,olijven voor oliewinning,99440848,Carbonell olijfolie,6‐8‐2024,Spanje,JUMBO SUPERMARKT,deltamethrin,0.013,0.6,,CONFORM
4632,olijven voor oliewinning,99440848,Carbonell olijfolie,6‐8‐2024,Spanje,JUMBO SUPERMARKT,Overige bestrijdingsmiddelen,,,,CONFORM
4633,olijven voor oliewinning,99441291,AH Classico olijfolie,13‐8‐2024,Landcode onbekend,ALBERT HEIJN,Overige bestrijdingsmiddelen,,,,CONFORM
4634,opvolgzuigelingenvoeding,86844737,Nutrilon Volledige zuigelingenvoeding,14‐11‐2024,Nederland,HOOGVLIET (HOOFDKANTOOR EN DC),Overige bestrijdingsmiddelen,,,,CONFORM
4635,opvolgzuigelingenvoeding,86844745,Nutrilon Volledige zuigelingenvoeding,14‐11‐2024,Nederland,HOOGVLIET (HOOFDKANTOOR EN DC),Overige bestrijdingsmiddelen,,,,CONFORM
4636,opvolgzuigelingenvoeding,86845083,Bonbebe Opvolgmelk standaard 2,14‐11‐2024,Nederland,HOOGVLIET (HOOFDKANTOOR EN DC),Overige bestrijdingsmiddelen,,,,CONFORM
4637,opvolgzuigelingenvoeding,86845091,Bonbebe Opvolgmelk standaard 2,14‐11‐2024,Nederland,HOOGVLIET (HOOFDKANTOOR EN DC),Overige bestrijdingsmiddelen,,,,CONFORM
4638,opvolgzuigelingenvoeding,86845288,Nutrilon opvolgmelk 3,14‐11‐2024,Nederland,HOOGVLIET (HOOFDKANTOOR EN DC),Overige bestrijdingsmiddelen,,,,CONFORM
4639,opvolgzuigelingenvoeding,86845296,Nutrilon opvolgmelk 3,14‐11‐2024,Nederland,HOOGVLIET (HOOFDKANTOOR EN DC),Overige bestrijdingsmiddelen,,,,CONFORM
4640,opvolgzuigelingenvoeding,86845326,Nutrilon DuoBalans 2 opvolgmelk,14‐11‐2024,Nederland,HOOGVLIET (HOOFDKANTOOR EN DC),Overige bestrijdingsmiddelen,,,,CONFORM
4641,opvolgzuigelingenvoeding,86845334,Nutrilon DuoBalans 2 opvolgmelk,14‐11‐2024,Nederland,HOOGVLIET (HOOFDKANTOOR EN DC),Overige bestrijdingsmiddelen,,,,CONFORM
4642,opvolgzuigelingenvoeding,86846446,Pure goat biologisch opvolgmelk 3,13‐11‐2024,Nederland,ETOS DROGISTERIJEN,Overige bestrijdingsmiddelen,,,,CONFORM
4643,opvolgzuigelingenvoeding,86846543,Pure goat biologisch opvolgmelk 3,13‐11‐2024,Nederland,ETOS DROGISTERIJEN,Overige bestrijdingsmiddelen,,,,CONFORM
4644,opvolgzuigelingenvoeding,86846616,Pure goat biologisch opvolgmelk 2,13‐11‐2024,Nederland,ETOS DROGISTERIJEN,Overige bestrijdingsmiddelen,,,,CONFORM
4645,opvolgzuigelingenvoeding,86846624,Pure goat biologisch opvolgmelk 2,13‐11‐2024,Nederland,ETOS DROGISTERIJEN,Overige bestrijdingsmiddelen,,,,CONFORM
4646,opvolgzuigelingenvoeding,86846691,Kabrita opvolgmelk 3,13‐11‐2024,Nederland,ETOS DROGISTERIJEN,Overige bestrijdingsmiddelen,,,,CONFORM
4647,opvolgzuigelingenvoeding,86846705,Kabrita opvolgmelk 3,13‐11‐2024,Nederland,ETOS DROGISTERIJEN,Overige bestrijdingsmiddelen,,,,CONFORM
4648,opvolgzuigelingenvoeding,86846861,opvolgmelk op basis van geitenmelk. standaard 2. 6‐12 maanden,13‐11‐2024,Landcode onbekend,ETOS DROGISTERIJEN,Overige bestrijdingsmiddelen,,,,CONFORM
4649,opvolgzuigelingenvoeding,86846888,opvolgmelk op basis van geitenmelk. standaard 2. 6‐12 maanden,13‐11‐2024,Landcode onbekend,ETOS DROGISTERIJEN,Overige bestrijdingsmiddelen,,,,CONFORM
4650,opvolgzuigelingenvoeding,86846969,Dreumesmelk op basis van geitenmelk. standaard 3. vanaf 1 jaar,13‐11‐2024,Landcode onbekend,ETOS DROGISTERIJEN,Overige bestrijdingsmiddelen,,,,CONFORM
4651,opvolgzuigelingenvoeding,86846977,Dreumesmelk op basis van geitenmelk. standaard 3. vanaf 1 jaar,13‐11‐2024,Landcode onbekend,ETOS DROGISTERIJEN,Overige bestrijdingsmiddelen,,,,CONFORM
4652,opvolgzuigelingenvoeding,86847043,Opvolgmelk. standaard 2. 6‐10 maanden,13‐11‐2024,Zwitserland,ETOS DROGISTERIJEN,Overige bestrijdingsmiddelen,,,,CONFORM
4653,opvolgzuigelingenvoeding,86847051,Opvolgmelk. standaard 2. 6‐10 maanden,13‐11‐2024,Zwitserland,ETOS DROGISTERIJEN,BACs (som),0.002,0.07,7,CONFORM
4654,opvolgzuigelingenvoeding,86847051,Opvolgmelk. standaard 2. 6‐10 maanden,13‐11‐2024,Zwitserland,ETOS DROGISTERIJEN,Overige bestrijdingsmiddelen,,,7,CONFORM
4655,opvolgzuigelingenvoeding,86897083,Biobim Ekobaby 2,6‐11‐2024,Nederland,HOLLAND PHARMA,Overige bestrijdingsmiddelen,,,,CONFORM
4656,opvolgzuigelingenvoeding,86897091,Biobim Ekobaby 2,6‐11‐2024,Nederland,HOLLAND PHARMA,Overige bestrijdingsmiddelen,,,,CONFORM
4657,opvolgzuigelingenvoeding,86897253,Hero Nutrasense Sensisoft 2,6‐11‐2024,Nederland,HOLLAND PHARMA,Overige bestrijdingsmiddelen,,,,CONFORM
4658,opvolgzuigelingenvoeding,86897261,Hero Nutrasense Sensisoft 2,6‐11‐2024,Nederland,HOLLAND PHARMA,Overige bestrijdingsmiddelen,,,,CONFORM
4659,opvolgzuigelingenvoeding,86984024,Hipp 2 Combiotik,6‐11‐2024,Nederland,HOLLAND PHARMA,Overige bestrijdingsmiddelen,,,,CONFORM
4660,opvolgzuigelingenvoeding,86984032,Hipp 2 Combiotik,6‐11‐2024,Nederland,HOLLAND PHARMA,Overige bestrijdingsmiddelen,,,,CONFORM
4661,opvolgzuigelingenvoeding,86984385,Jumbo opvolgmelk 2,12‐11‐2024,Nederland,JUMBO DISTRIBUTIECENTRUM B.V.,Overige bestrijdingsmiddelen,,,,CONFORM
4662,opvolgzuigelingenvoeding,86984393,Jumbo opvolgmelk 2,12‐11‐2024,Nederland,JUMBO DISTRIBUTIECENTRUM B.V.,Overige bestrijdingsmiddelen,,,,CONFORM
4663,opvolgzuigelingenvoeding,86984466,Hipp 2 opvolgmelk op basis van geitenmelk,12‐11‐2024,Nederland,JUMBO DISTRIBUTIECENTRUM B.V.,Overige bestrijdingsmiddelen,,,,CONFORM
4664,opvolgzuigelingenvoeding,86984474,Hipp 2 opvolgmelk op basis van geitenmelk,12‐11‐2024,Nederland,JUMBO DISTRIBUTIECENTRUM B.V.,Overige bestrijdingsmiddelen,,,,CONFORM
4665,oroblancos/sweeties,86832666,sweetie,28‐10‐2024,Israël,EOSTA B.V.,Overige bestrijdingsmiddelen,,,,CONFORM
4666,oroblancos/sweeties,86984334,Sweeties,11‐11‐2024,Israël,FRESH SOLUTIONS NETHERLANDS B.V.,imazalil,2.1,4.0,,CONFORM
4667,oroblancos/sweeties,86984334,Sweeties,11‐11‐2024,Israël,FRESH SOLUTIONS NETHERLANDS B.V.,imidacloprid,0.11,0.9,,CONFORM
4668,oroblancos/sweeties,86984334,Sweeties,11‐11‐2024,Israël,FRESH SOLUTIONS NETHERLANDS B.V.,thiabendazool,0.19,7.0,,CONFORM
4669,oroblancos/sweeties,86984334,Sweeties,11‐11‐2024,Israël,FRESH SOLUTIONS NETHERLANDS B.V.,Overige bestrijdingsmiddelen,,,,CONFORM
4670,overige spinazie en dergelijke bladgroente,86804042,wilde spinazie,6‐3‐2024,Spanje,CRISP B.V.,deltamethrin,0.05,0.01,,NIET CONFORM
4671,overige spinazie en dergelijke bladgroente,86804042,wilde spinazie,6‐3‐2024,Spanje,CRISP B.V.,lenacil,0.029,0.1,,CONFORM
4672,overige spinazie en dergelijke bladgroente,86804042,wilde spinazie,6‐3‐2024,Spanje,CRISP B.V.,metalaxyl,0.17,1.5,,CONFORM
4673,overige spinazie en dergelijke bladgroente,86804042,wilde spinazie,6‐3‐2024,Spanje,CRISP B.V.,propamocarb,0.13,40.0,,CONFORM
4674,overige spinazie en dergelijke bladgroente,86804042,wilde spinazie,6‐3‐2024,Spanje,CRISP B.V.,propyzamid,0.015,0.01,,NIET CONFORM*
4675,overige spinazie en dergelijke bladgroente,86804042,wilde spinazie,6‐3‐2024,Spanje,CRISP B.V.,spinosad,0.063,4.0,,CONFORM
4676,overige spinazie en dergelijke bladgroente,86804042,wilde spinazie,6‐3‐2024,Spanje,CRISP B.V.,Overige bestrijdingsmiddelen,,,,CONFORM
4677,paksoi,86796538,Paksoi Shanghai,4‐3‐2024,Nederland,FRESH CHOI,boscalid,0.2,9.0,,CONFORM
4678,paksoi,86796538,Paksoi Shanghai,4‐3‐2024,Nederland,FRESH CHOI,propamocarb,0.54,20.0,,CONFORM
4679,paksoi,86796538,Paksoi Shanghai,4‐3‐2024,Nederland,FRESH CHOI,pyraclostrobin,0.032,1.5,,CONFORM
4680,paksoi,86796538,Paksoi Shanghai,4‐3‐2024,Nederland,FRESH CHOI,spinosad,0.0055,2.0,,CONFORM
4681,paksoi,86796538,Paksoi Shanghai,4‐3‐2024,Nederland,FRESH CHOI,Overige bestrijdingsmiddelen,,,,CONFORM
4682,paksoi,86796546,Mini Paksoi,4‐3‐2024,Nederland,FRESH CHOI,boscalid,0.079,9.0,,CONFORM
4683,paksoi,86796546,Mini Paksoi,4‐3‐2024,Nederland,FRESH CHOI,propamocarb,0.18,20.0,,CONFORM
4684,paksoi,86796546,Mini Paksoi,4‐3‐2024,Nederland,FRESH CHOI,pyraclostrobin,0.016,1.5,,CONFORM
4685,paksoi,86796546,Mini Paksoi,4‐3‐2024,Nederland,FRESH CHOI,Overige bestrijdingsmiddelen,,,,CONFORM
4686,paksoi,86796554,Kai Choi,4‐3‐2024,Spanje,FRESH CHOI,deltamethrin,0.22,0.2,,NIET CONFORM*
4687,paksoi,86796554,Kai Choi,4‐3‐2024,Spanje,FRESH CHOI,Overige bestrijdingsmiddelen,,,,CONFORM
4688,paksoi,86796562,Choy Sum,4‐3‐2024,Spanje,FRESH CHOI,fluopyram,0.023,2.0,,CONFORM
4689,paksoi,86796562,Choy Sum,4‐3‐2024,Spanje,FRESH CHOI,Overige bestrijdingsmiddelen,,,,CONFORM
4690,paksoi,86804026,mini pakchoi,6‐3‐2024,Nederland,CRISP B.V.,boscalid,0.41,9.0,,CONFORM
4691,paksoi,86804026,mini pakchoi,6‐3‐2024,Nederland,CRISP B.V.,pyraclostrobin,0.062,1.5,,CONFORM
4692,paksoi,86804026,mini pakchoi,6‐3‐2024,Nederland,CRISP B.V.,thiabendazool,0.005,0.01,,CONFORM
4693,paksoi,86804026,mini pakchoi,6‐3‐2024,Nederland,CRISP B.V.,Overige bestrijdingsmiddelen,,,,CONFORM
4694,paksoi,86807645,Paksoi,12‐8‐2024,Nederland,PICNIC FULFILLMENTCENTRUM,spirotetramat (som),0.047,7.0,,CONFORM
4695,paksoi,86807645,Paksoi,12‐8‐2024,Nederland,PICNIC FULFILLMENTCENTRUM,Overige bestrijdingsmiddelen,,,,CONFORM
4696,paksoi,86809397,paksoi,27‐5‐2024,België,UDEA B.V. (HOOFDKANTOOR),Overige bestrijdingsmiddelen,,,,CONFORM
4697,paksoi,86832534,paksoy,24‐10‐2024,Nederland,STAAY‐VAN RIJN,boscalid,0.97,9.0,,CONFORM
4698,paksoi,86832534,paksoy,24‐10‐2024,Nederland,STAAY‐VAN RIJN,clothianidin,0.0065,0.3,,CONFORM
4699,paksoi,86832534,paksoy,24‐10‐2024,Nederland,STAAY‐VAN RIJN,propyzamid,0.018,0.01,,NIET CONFORM*
4700,paksoi,86832534,paksoy,24‐10‐2024,Nederland,STAAY‐VAN RIJN,pyraclostrobin,0.21,1.5,,CONFORM
4701,paksoi,86832534,paksoy,24‐10‐2024,Nederland,STAAY‐VAN RIJN,spinosad,0.89,2.0,,CONFORM
4702,paksoi,86832534,paksoy,24‐10‐2024,Nederland,STAAY‐VAN RIJN,spirotetramat (som),0.06,7.0,,CONFORM
4703,paksoi,86832534,paksoy,24‐10‐2024,Nederland,STAAY‐VAN RIJN,thiamethoxam,0.022,0.02,,NIET CONFORM*
4704,paksoi,86832534,paksoy,24‐10‐2024,Nederland,STAAY‐VAN RIJN,Overige bestrijdingsmiddelen,,,,CONFORM
4705,paksoi,86846381,paksoi,12‐11‐2024,Nederland,GREENS & SALADS B.V.,deltamethrin,0.01,0.2,,CONFORM
4706,paksoi,86846381,paksoi,12‐11‐2024,Nederland,GREENS & SALADS B.V.,flupyradifurone,0.005,0.01,,CONFORM
4707,paksoi,86846381,paksoi,12‐11‐2024,Nederland,GREENS & SALADS B.V.,propyzamid,0.0055,0.01,,CONFORM
4708,paksoi,86846381,paksoi,12‐11‐2024,Nederland,GREENS & SALADS B.V.,spirotetramat (som),0.017,7.0,,CONFORM
4709,paksoi,86846381,paksoi,12‐11‐2024,Nederland,GREENS & SALADS B.V.,Overige bestrijdingsmiddelen,,,,CONFORM
4710,paksoi,86894823,Paksoi,3‐9‐2024,Nederland,HESSING GREENPOORT,cyhalothrin‐lambda,0.022,0.3,,CONFORM
4711,paksoi,86894823,Paksoi,3‐9‐2024,Nederland,HESSING GREENPOORT,fluopyram,0.016,2.0,,CONFORM
4712,paksoi,86894823,Paksoi,3‐9‐2024,Nederland,HESSING GREENPOORT,spinosad,0.0088,2.0,,CONFORM
4713,paksoi,86894823,Paksoi,3‐9‐2024,Nederland,HESSING GREENPOORT,spirotetramat (som),0.039,7.0,,CONFORM
4714,paksoi,86894823,Paksoi,3‐9‐2024,Nederland,HESSING GREENPOORT,Overige bestrijdingsmiddelen,,,,CONFORM
4715,paksoi,86996111,paksoi,13‐3‐2024,Landcode onbekend,HESSING ZWAAGDIJK B.V.,flupyradifurone,0.0059,0.01,,CONFORM
4716,paksoi,86996111,paksoi,13‐3‐2024,Landcode onbekend,HESSING ZWAAGDIJK B.V.,Overige bestrijdingsmiddelen,,,,CONFORM
4717,palmpitten,86798964,Palmpit olie,30‐4‐2024,Landcode onbekend,CARGILL REFINED OILS EUROPE,Overige bestrijdingsmiddelen,,,,CONFORM
4718,palmpitten,86799049,cPK (ruwe palmpit),1‐5‐2024,Landcode onbekend,SD GUTHRIE INTERNATIONAL ZWIJNDRECHT REFINERY,Overige bestrijdingsmiddelen,,,,CONFORM
4719,palmpitten,86815389,palmpit olie,2‐5‐2024,Landcode onbekend,AAK NETHERLANDS B.V.,Overige bestrijdingsmiddelen,,,,CONFORM
4720,palmpitten,86815443,palm kernel olie PF 299R,2‐5‐2024,Landcode onbekend,BUNGE LODERS CROKLAAN B.V.,Overige bestrijdingsmiddelen,,,,CONFORM
4721,palmvruchten,86798972,Palmolie,30‐4‐2024,Landcode onbekend,CARGILL REFINED OILS EUROPE,Overige bestrijdingsmiddelen,,,,CONFORM
4722,palmvruchten,86815397,palm oliene,2‐5‐2024,Landcode onbekend,AAK NETHERLANDS B.V.,cypermethrin,0.018,0.05,,CONFORM
4723,palmvruchten,86815397,palm oliene,2‐5‐2024,Landcode onbekend,AAK NETHERLANDS B.V.,Overige bestrijdingsmiddelen,,,,CONFORM
4724,palmvruchten,86815419,palmolie ipom,2‐5‐2024,Landcode onbekend,BUNGE LODERS CROKLAAN B.V.,Overige bestrijdingsmiddelen,,,,CONFORM
4725,palmvruchten,86815427,palm oliene HH50 pof iv47,2‐5‐2024,Landcode onbekend,BUNGE LODERS CROKLAAN B.V.,Overige bestrijdingsmiddelen,,,,CONFORM
4726,palmvruchten,86815435,palm oliene HG068 D pof 55,2‐5‐2024,Landcode onbekend,BUNGE LODERS CROKLAAN B.V.,Overige bestrijdingsmiddelen,,,,CONFORM
4727,pangasius,99181613,Pangasius Steaks,29‐8‐2024,Frankrijk,HALAL SLAGERIJ IZZET,Overige bestrijdingsmiddelen,,,,CONFORM
4728,pangasius,99437693,"Bevroren Pangasius Filet (Rauw, geglaceerd, zonder vel)",5‐9‐2024,Vietnam,AMAZING ORIENTAL GRONINGEN B.V.,chloraat,2.6,0.7,,NIET CONFORM
4729,pangasius,99437693,"Bevroren Pangasius Filet (Rauw, geglaceerd, zonder vel)",5‐9‐2024,Vietnam,AMAZING ORIENTAL GRONINGEN B.V.,Overige bestrijdingsmiddelen,,,,CONFORM
4730,pangasius,99441542,Jumbo pangasius filet,20‐8‐2024,Vietnam,JUMBO SUPERMARKT,chloraat,0.16,0.7,,CONFORM
4731,pangasius,99441542,Jumbo pangasius filet,20‐8‐2024,Vietnam,JUMBO SUPERMARKT,Overige bestrijdingsmiddelen,,,,CONFORM
4732,pangasius,99447419,Green Table pangasius steaks,27‐8‐2024,Vietnam,OZ BAKTAT,chloraat,0.011,0.7,,CONFORM
4733,pangasius,99447419,Green Table pangasius steaks,27‐8‐2024,Vietnam,OZ BAKTAT,Overige bestrijdingsmiddelen,,,,CONFORM
4734,pangasius,99447818,Green Table pangasius filet,3‐9‐2024,Vietnam,WELKOM SUPERMARKT,chloraat,0.042,0.7,,CONFORM
4735,pangasius,99447818,Green Table pangasius filet,3‐9‐2024,Vietnam,WELKOM SUPERMARKT,Overige bestrijdingsmiddelen,,,,CONFORM
4736,pangasius,99451998,PANGASIUS,11‐9‐2024,Vietnam,AMAZING ORIENTAL ROTTERDAM ZUIDPLEIN B.V.,chloraat,2.5,0.7,,NIET CONFORM
4737,pangasius,99451998,PANGASIUS,11‐9‐2024,Vietnam,AMAZING ORIENTAL ROTTERDAM ZUIDPLEIN B.V.,Overige bestrijdingsmiddelen,,,,CONFORM
4738,papajas,85347039,"Papaya, Variety: Sunrize, Lot: STZ47.009012024",11‐1‐2024,Brazilië,KUEHNE + NAGEL N.V.,azoxystrobin,0.11,0.3,,CONFORM
4739,papajas,85347039,"Papaya, Variety: Sunrize, Lot: STZ47.009012024",11‐1‐2024,Brazilië,KUEHNE + NAGEL N.V.,bifenthrin,0.049,0.4,,CONFORM
4740,papajas,85347039,"Papaya, Variety: Sunrize, Lot: STZ47.009012024",11‐1‐2024,Brazilië,KUEHNE + NAGEL N.V.,difenoconazool,0.0053,0.2,,CONFORM
4741,papajas,85347039,"Papaya, Variety: Sunrize, Lot: STZ47.009012024",11‐1‐2024,Brazilië,KUEHNE + NAGEL N.V.,Overige bestrijdingsmiddelen,,,,CONFORM
4742,papajas,86759462,Papaya,23‐4‐2024,Brazilië,KRAAIJEVELD,difenoconazool,0.011,0.2,,CONFORM
4743,papajas,86759462,Papaya,23‐4‐2024,Brazilië,KRAAIJEVELD,thiabendazool,0.98,10.0,,CONFORM
4744,papajas,86759462,Papaya,23‐4‐2024,Brazilië,KRAAIJEVELD,Overige bestrijdingsmiddelen,,,,CONFORM
4745,papajas,86782561,Papaya,30‐9‐2024,Brazilië,HARVA INTERNATIONAL,azoxystrobin,0.019,0.3,,CONFORM
4746,papajas,86782561,Papaya,30‐9‐2024,Brazilië,HARVA INTERNATIONAL,carbendazim,0.017,0.2,,CONFORM
4747,papajas,86782561,Papaya,30‐9‐2024,Brazilië,HARVA INTERNATIONAL,difenoconazool,0.022,0.2,,CONFORM
4748,papajas,86782561,Papaya,30‐9‐2024,Brazilië,HARVA INTERNATIONAL,thiofanaat‐methyl,0.058,1.0,,CONFORM
4749,papajas,86782561,Papaya,30‐9‐2024,Brazilië,HARVA INTERNATIONAL,Overige bestrijdingsmiddelen,,,,CONFORM
4750,papajas,86788322,Papaja,19‐2‐2024,Brazilië,TFC HOLLAND,bifenthrin,0.063,0.4,,CONFORM
4751,papajas,86788322,Papaja,19‐2‐2024,Brazilië,TFC HOLLAND,difenoconazool,0.0051,0.2,,CONFORM
4752,papajas,86788322,Papaja,19‐2‐2024,Brazilië,TFC HOLLAND,dimethomorf,0.0051,0.7,,CONFORM
4753,papajas,86788322,Papaja,19‐2‐2024,Brazilië,TFC HOLLAND,Overige bestrijdingsmiddelen,,,,CONFORM
4754,papajas,86812185,Papaya,29‐4‐2024,Spanje,G.H. LUKASSEN EN ZOON B.V.,thiabendazool,0.25,10.0,,CONFORM
4755,papajas,86812185,Papaya,29‐4‐2024,Spanje,G.H. LUKASSEN EN ZOON B.V.,Overige bestrijdingsmiddelen,,,,CONFORM
4756,papajas,86833123,Papajas,5‐11‐2024,Spanje,SOUS FRESH B.V.,Overige bestrijdingsmiddelen,,,,CONFORM
4757,papajas,86837056,papaya,6‐11‐2024,Brazilië,JAN DE GEUS EN ZN B.V.,Overige bestrijdingsmiddelen,,,,CONFORM
4758,papajas,86837625,papaya,27‐11‐2024,Brazilië,GEBROEDERS DE MOOIJ AMSTERDAM,chloorfenapyr,0.0088,0.01,,CONFORM
4759,papajas,86837625,papaya,27‐11‐2024,Brazilië,GEBROEDERS DE MOOIJ AMSTERDAM,Overige bestrijdingsmiddelen,,,,CONFORM
4760,papajas,86844184,Papaya,4‐11‐2024,Spanje,JUNIOR FRUIT B.V.,Overige bestrijdingsmiddelen,,,,CONFORM
4761,papajas,86847345,green papaya,20‐11‐2024,Mexico,HERMAN KUIJPER B.V.,thiabendazool,0.0058,10.0,,CONFORM
4762,papajas,86847345,green papaya,20‐11‐2024,Mexico,HERMAN KUIJPER B.V.,Overige bestrijdingsmiddelen,,,,CONFORM
4763,papajas,86984377,papajas,11‐11‐2024,Brazilië,FRESH SOLUTIONS NETHERLANDS B.V.,spiromesifen,0.0054,1.0,,CONFORM
4764,papajas,86984377,papajas,11‐11‐2024,Brazilië,FRESH SOLUTIONS NETHERLANDS B.V.,Overige bestrijdingsmiddelen,,,,CONFORM
4765,papajas,86984784,Papajas,13‐11‐2024,Spanje,HENK VAN WALDERVEEN EN ZONEN B.V.,thiabendazool,0.051,10.0,,CONFORM
4766,papajas,86984784,Papajas,13‐11‐2024,Spanje,HENK VAN WALDERVEEN EN ZONEN B.V.,Overige bestrijdingsmiddelen,,,,CONFORM
4767,papajas,99441658,papaja,20‐8‐2024,Brazilië,ÖZEN FOOD MARKET,azoxystrobin,0.078,0.3,,CONFORM
4768,papajas,99441658,papaja,20‐8‐2024,Brazilië,ÖZEN FOOD MARKET,Overige bestrijdingsmiddelen,,,,CONFORM
4769,papajas,99447524,papaja,27‐8‐2024,Spanje,OZ BAKTAT,thiabendazool,0.033,10.0,,CONFORM
4770,papajas,99447524,papaja,27‐8‐2024,Spanje,OZ BAKTAT,Overige bestrijdingsmiddelen,,,,CONFORM
4771,papajas,99447761,papaja,3‐9‐2024,Brazilië,ANS KROS GROENTEN EN FRUIT,thiofanaat‐methyl,0.014,1.0,,CONFORM
4772,papajas,99447761,papaja,3‐9‐2024,Brazilië,ANS KROS GROENTEN EN FRUIT,Overige bestrijdingsmiddelen,,,,CONFORM
4773,paprikapoeder,86813637,zoete paprika poeder,30‐1‐2024,Landcode onbekend,BIBERIM B.V.,"2,4‐D",0.1,0.25,5,CONFORM
4774,paprikapoeder,86813637,zoete paprika poeder,30‐1‐2024,Landcode onbekend,BIBERIM B.V.,acetamiprid,0.015,1.5,5,CONFORM
4775,paprikapoeder,86813637,zoete paprika poeder,30‐1‐2024,Landcode onbekend,BIBERIM B.V.,azoxystrobin,0.046,15.0,5,CONFORM
4776,paprikapoeder,86813637,zoete paprika poeder,30‐1‐2024,Landcode onbekend,BIBERIM B.V.,chloorantraniliprole,0.15,5.0,5,CONFORM
4777,paprikapoeder,86813637,zoete paprika poeder,30‐1‐2024,Landcode onbekend,BIBERIM B.V.,chloorpyrifos‐ethyl,0.018,0.05,5,CONFORM
4778,paprikapoeder,86813637,zoete paprika poeder,30‐1‐2024,Landcode onbekend,BIBERIM B.V.,clothianidin,0.056,0.2,5,CONFORM
4779,paprikapoeder,86813637,zoete paprika poeder,30‐1‐2024,Landcode onbekend,BIBERIM B.V.,cyhalothrin‐lambda,0.094,0.5,5,CONFORM
4780,paprikapoeder,86813637,zoete paprika poeder,30‐1‐2024,Landcode onbekend,BIBERIM B.V.,deltamethrin,0.065,1.0,5,CONFORM
4781,paprikapoeder,86813637,zoete paprika poeder,30‐1‐2024,Landcode onbekend,BIBERIM B.V.,difenoconazool,0.019,4.5,5,CONFORM
4782,paprikapoeder,86813637,zoete paprika poeder,30‐1‐2024,Landcode onbekend,BIBERIM B.V.,imidacloprid,0.017,4.5,5,CONFORM
4783,paprikapoeder,86813637,zoete paprika poeder,30‐1‐2024,Landcode onbekend,BIBERIM B.V.,lufenuron,0.027,4.0,5,CONFORM
4784,paprikapoeder,86813637,zoete paprika poeder,30‐1‐2024,Landcode onbekend,BIBERIM B.V.,methoxyfenozide,0.048,10.0,5,CONFORM
4785,paprikapoeder,86813637,zoete paprika poeder,30‐1‐2024,Landcode onbekend,BIBERIM B.V.,pendimethalin,0.051,0.25,5,CONFORM
4786,paprikapoeder,86813637,zoete paprika poeder,30‐1‐2024,Landcode onbekend,BIBERIM B.V.,pyraclostrobin,0.032,2.5,5,CONFORM
4787,paprikapoeder,86813637,zoete paprika poeder,30‐1‐2024,Landcode onbekend,BIBERIM B.V.,tebuconazool,0.011,3.0,5,CONFORM
4788,paprikapoeder,86813637,zoete paprika poeder,30‐1‐2024,Landcode onbekend,BIBERIM B.V.,thiamethoxam,0.051,3.5,5,CONFORM
4789,paprikapoeder,86813637,zoete paprika poeder,30‐1‐2024,Landcode onbekend,BIBERIM B.V.,Overige bestrijdingsmiddelen,,,5,CONFORM
4790,paprikapoeder,86822768,Paprikapoeder Edelsuss,3‐5‐2024,Landcode onbekend,BROEKHUYZEN HORECAGROOTHANDEL BV,MCPA en MCPB (som),0.09,0.25,5,CONFORM
4791,paprikapoeder,86822768,Paprikapoeder Edelsuss,3‐5‐2024,Landcode onbekend,BROEKHUYZEN HORECAGROOTHANDEL BV,chloorantraniliprole,0.17,5.0,5,CONFORM
4792,paprikapoeder,86822768,Paprikapoeder Edelsuss,3‐5‐2024,Landcode onbekend,BROEKHUYZEN HORECAGROOTHANDEL BV,chloorfenapyr,0.083,0.05,5,NIET CONFORM*
4793,paprikapoeder,86822768,Paprikapoeder Edelsuss,3‐5‐2024,Landcode onbekend,BROEKHUYZEN HORECAGROOTHANDEL BV,clothianidin,0.025,0.2,5,CONFORM
4794,paprikapoeder,86822768,Paprikapoeder Edelsuss,3‐5‐2024,Landcode onbekend,BROEKHUYZEN HORECAGROOTHANDEL BV,lufenuron,0.056,4.0,5,CONFORM
4795,paprikapoeder,86822768,Paprikapoeder Edelsuss,3‐5‐2024,Landcode onbekend,BROEKHUYZEN HORECAGROOTHANDEL BV,spirotetramat (som),0.044,5.0,5,CONFORM
4796,paprikapoeder,86822768,Paprikapoeder Edelsuss,3‐5‐2024,Landcode onbekend,BROEKHUYZEN HORECAGROOTHANDEL BV,thiamethoxam,0.024,3.5,5,CONFORM
4797,paprikapoeder,86822768,Paprikapoeder Edelsuss,3‐5‐2024,Landcode onbekend,BROEKHUYZEN HORECAGROOTHANDEL BV,Overige bestrijdingsmiddelen,,,5,CONFORM
4798,paprikapoeder,86822776,Paprikapoeder Edelsuss,3‐5‐2024,Landcode onbekend,BROEKHUYZEN HORECAGROOTHANDEL BV,Overige bestrijdingsmiddelen,,,,CONFORM
4799,paprikapoeder,86910004,paprika poeder. zoet.,30‐1‐2024,Landcode onbekend,ALL4TRADE B.V.,acetamiprid,0.014,3.0,10,CONFORM
4800,paprikapoeder,86910004,paprika poeder. zoet.,30‐1‐2024,Landcode onbekend,ALL4TRADE B.V.,azoxystrobin,0.039,30.0,10,CONFORM
4801,paprikapoeder,86910004,paprika poeder. zoet.,30‐1‐2024,Landcode onbekend,ALL4TRADE B.V.,broompropylaat,0.027,0.1,10,CONFORM
4802,paprikapoeder,86910004,paprika poeder. zoet.,30‐1‐2024,Landcode onbekend,ALL4TRADE B.V.,carbendazim,0.056,1.0,10,CONFORM
4803,paprikapoeder,86910004,paprika poeder. zoet.,30‐1‐2024,Landcode onbekend,ALL4TRADE B.V.,chloorthalonil,0.2,0.1,10,NIET CONFORM*
4804,paprikapoeder,86910004,paprika poeder. zoet.,30‐1‐2024,Landcode onbekend,ALL4TRADE B.V.,clothianidin,0.014,0.4,10,CONFORM
4805,paprikapoeder,86910004,paprika poeder. zoet.,30‐1‐2024,Landcode onbekend,ALL4TRADE B.V.,cypermethrin,1.0,5.0,10,CONFORM
4806,paprikapoeder,86910004,paprika poeder. zoet.,30‐1‐2024,Landcode onbekend,ALL4TRADE B.V.,dimethomorf,0.45,10.0,10,CONFORM
4807,paprikapoeder,86910004,paprika poeder. zoet.,30‐1‐2024,Landcode onbekend,ALL4TRADE B.V.,fluopicolide,0.036,10.0,10,CONFORM
4808,paprikapoeder,86910004,paprika poeder. zoet.,30‐1‐2024,Landcode onbekend,ALL4TRADE B.V.,haloxyfop (som),0.031,0.1,10,CONFORM
4809,paprikapoeder,86910004,paprika poeder. zoet.,30‐1‐2024,Landcode onbekend,ALL4TRADE B.V.,imidacloprid,0.86,9.0,10,CONFORM
4810,paprikapoeder,86910004,paprika poeder. zoet.,30‐1‐2024,Landcode onbekend,ALL4TRADE B.V.,indoxacarb,0.025,3.0,10,CONFORM
4811,paprikapoeder,86910004,paprika poeder. zoet.,30‐1‐2024,Landcode onbekend,ALL4TRADE B.V.,kresoxim‐methyl,0.021,8.0,10,CONFORM
4812,paprikapoeder,86910004,paprika poeder. zoet.,30‐1‐2024,Landcode onbekend,ALL4TRADE B.V.,lufenuron,0.076,8.0,10,CONFORM
4813,paprikapoeder,86910004,paprika poeder. zoet.,30‐1‐2024,Landcode onbekend,ALL4TRADE B.V.,metalaxyl,0.012,5.0,10,CONFORM
4814,paprikapoeder,86910004,paprika poeder. zoet.,30‐1‐2024,Landcode onbekend,ALL4TRADE B.V.,penconazool,0.018,2.0,10,CONFORM
4815,paprikapoeder,86910004,paprika poeder. zoet.,30‐1‐2024,Landcode onbekend,ALL4TRADE B.V.,tebuconazool,0.57,6.0,10,CONFORM
4816,paprikapoeder,86910004,paprika poeder. zoet.,30‐1‐2024,Landcode onbekend,ALL4TRADE B.V.,thiamethoxam,0.019,7.0,10,CONFORM
4817,paprikapoeder,86910004,paprika poeder. zoet.,30‐1‐2024,Landcode onbekend,ALL4TRADE B.V.,trifloxystrobin,0.17,4.0,10,CONFORM
4818,paprikapoeder,86910004,paprika poeder. zoet.,30‐1‐2024,Landcode onbekend,ALL4TRADE B.V.,Overige bestrijdingsmiddelen,,,10,CONFORM
4819,paprikapoeder,86984903,Paprikapoeder,19‐11‐2024,Landcode onbekend,ILG,acetamiprid,0.012,1.5,5,CONFORM
4820,paprikapoeder,86984903,Paprikapoeder,19‐11‐2024,Landcode onbekend,ILG,chloorantraniliprole,0.12,5.0,5,CONFORM
4821,paprikapoeder,86984903,Paprikapoeder,19‐11‐2024,Landcode onbekend,ILG,chloorfenapyr,0.093,0.05,5,NIET CONFORM*
4822,paprikapoeder,86984903,Paprikapoeder,19‐11‐2024,Landcode onbekend,ILG,clothianidin,0.052,0.2,5,CONFORM
4823,paprikapoeder,86984903,Paprikapoeder,19‐11‐2024,Landcode onbekend,ILG,dimethomorf,0.015,5.0,5,CONFORM
4824,paprikapoeder,86984903,Paprikapoeder,19‐11‐2024,Landcode onbekend,ILG,flubendiamide,0.03,3.5,5,CONFORM
4825,paprikapoeder,86984903,Paprikapoeder,19‐11‐2024,Landcode onbekend,ILG,imidacloprid,0.021,4.5,5,CONFORM
4826,paprikapoeder,86984903,Paprikapoeder,19‐11‐2024,Landcode onbekend,ILG,lufenuron,0.042,4.0,5,CONFORM
4827,paprikapoeder,86984903,Paprikapoeder,19‐11‐2024,Landcode onbekend,ILG,pyraclostrobin,0.027,2.5,5,CONFORM
4828,paprikapoeder,86984903,Paprikapoeder,19‐11‐2024,Landcode onbekend,ILG,spirotetramat (som),0.03,5.0,5,CONFORM
4829,paprikapoeder,86984903,Paprikapoeder,19‐11‐2024,Landcode onbekend,ILG,thiamethoxam,0.017,3.5,5,CONFORM
4830,paprikapoeder,86984903,Paprikapoeder,19‐11‐2024,Landcode onbekend,ILG,Overige bestrijdingsmiddelen,,,5,CONFORM
4831,paranoten,86787393,Paranoten,22‐1‐2024,Landcode onbekend,KOPPEJAN NOTEN B.V.,Overige bestrijdingsmiddelen,,,,CONFORM
4832,paranoten,86798034,Paranoten,11‐4‐2024,Landcode onbekend,BAS BOER,Overige bestrijdingsmiddelen,,,,CONFORM
4833,passievruchten/maracujas,86769662,passie fruit,26‐2‐2024,Vietnam,ROVEG FRUIT B.V.,Overige bestrijdingsmiddelen,,,,CONFORM
4834,passievruchten/maracujas,86769689,passie fruit,26‐2‐2024,Colombia,ROVEG FRUIT B.V.,azoxystrobin,0.32,4.0,,CONFORM
4835,passievruchten/maracujas,86769689,passie fruit,26‐2‐2024,Colombia,ROVEG FRUIT B.V.,spinetoram,0.011,0.4,,CONFORM
4836,passievruchten/maracujas,86769689,passie fruit,26‐2‐2024,Colombia,ROVEG FRUIT B.V.,tebuconazool,0.18,1.0,,CONFORM
4837,passievruchten/maracujas,86769689,passie fruit,26‐2‐2024,Colombia,ROVEG FRUIT B.V.,trifloxystrobin,0.035,4.0,,CONFORM
4838,passievruchten/maracujas,86769689,passie fruit,26‐2‐2024,Colombia,ROVEG FRUIT B.V.,Overige bestrijdingsmiddelen,,,,CONFORM
4839,passievruchten/maracujas,86781999,Passion Fruit,5‐9‐2024,Colombia,BROEKHOF GROENTEN EN FRUIT B.V.,azoxystrobin,0.13,4.0,,CONFORM
4840,passievruchten/maracujas,86781999,Passion Fruit,5‐9‐2024,Colombia,BROEKHOF GROENTEN EN FRUIT B.V.,prochloraz (som),0.0075,0.03,,CONFORM
4841,passievruchten/maracujas,86781999,Passion Fruit,5‐9‐2024,Colombia,BROEKHOF GROENTEN EN FRUIT B.V.,tebuconazool,0.082,1.0,,CONFORM
4842,passievruchten/maracujas,86781999,Passion Fruit,5‐9‐2024,Colombia,BROEKHOF GROENTEN EN FRUIT B.V.,trifloxystrobin,0.017,4.0,,CONFORM
4843,passievruchten/maracujas,86781999,Passion Fruit,5‐9‐2024,Colombia,BROEKHOF GROENTEN EN FRUIT B.V.,Overige bestrijdingsmiddelen,,,,CONFORM
4844,passievruchten/maracujas,86782588,Pasion Fruit,30‐9‐2024,Colombia,HARVA INTERNATIONAL,azoxystrobin,0.012,4.0,,CONFORM
4845,passievruchten/maracujas,86782588,Pasion Fruit,30‐9‐2024,Colombia,HARVA INTERNATIONAL,Overige bestrijdingsmiddelen,,,,CONFORM
4846,passievruchten/maracujas,86788365,Fruit de La Passion,19‐2‐2024,Colombia,TFC HOLLAND,azoxystrobin,0.26,4.0,,CONFORM
4847,passievruchten/maracujas,86788365,Fruit de La Passion,19‐2‐2024,Colombia,TFC HOLLAND,tebuconazool,0.1,1.0,,CONFORM
4848,passievruchten/maracujas,86788365,Fruit de La Passion,19‐2‐2024,Colombia,TFC HOLLAND,trifloxystrobin,0.076,4.0,,CONFORM
4849,passievruchten/maracujas,86788365,Fruit de La Passion,19‐2‐2024,Colombia,TFC HOLLAND,Overige bestrijdingsmiddelen,,,,CONFORM
4850,passievruchten/maracujas,86798905,Passie fruit,29‐4‐2024,Colombia,MITROFRESH,azoxystrobin,0.063,4.0,,CONFORM
4851,passievruchten/maracujas,86798905,Passie fruit,29‐4‐2024,Colombia,MITROFRESH,tebuconazool,0.026,1.0,,CONFORM
4852,passievruchten/maracujas,86798905,Passie fruit,29‐4‐2024,Colombia,MITROFRESH,trifloxystrobin,0.014,4.0,,CONFORM
4853,passievruchten/maracujas,86798905,Passie fruit,29‐4‐2024,Colombia,MITROFRESH,Overige bestrijdingsmiddelen,,,,CONFORM
4854,passievruchten/maracujas,86801442,Passion Fruit Organic,19‐8‐2024,Colombia,BIOTROPIC B.V.,Overige bestrijdingsmiddelen,,,,CONFORM
4855,passievruchten/maracujas,86812169,Passion Fruit,29‐4‐2024,Colombia,G.H. LUKASSEN EN ZOON B.V.,azoxystrobin,0.055,4.0,,CONFORM
4856,passievruchten/maracujas,86812169,Passion Fruit,29‐4‐2024,Colombia,G.H. LUKASSEN EN ZOON B.V.,malathion (som),0.0081,0.02,,CONFORM
4857,passievruchten/maracujas,86812169,Passion Fruit,29‐4‐2024,Colombia,G.H. LUKASSEN EN ZOON B.V.,pyrimethanil,0.0052,0.01,,CONFORM
4858,passievruchten/maracujas,86812169,Passion Fruit,29‐4‐2024,Colombia,G.H. LUKASSEN EN ZOON B.V.,Overige bestrijdingsmiddelen,,,,CONFORM
4859,passievruchten/maracujas,86812274,maracua,29‐4‐2024,Colombia,HENK VAN WALDERVEEN EN ZONEN B.V.,Overige bestrijdingsmiddelen,,,,CONFORM
4860,passievruchten/maracujas,86823497,Passievrucht,3‐6‐2024,Colombia,BOON FOOD GROUP BV,azoxystrobin,0.035,4.0,,CONFORM
4861,passievruchten/maracujas,86823497,Passievrucht,3‐6‐2024,Colombia,BOON FOOD GROUP BV,tebuconazool,0.05,1.0,,CONFORM
4862,passievruchten/maracujas,86823497,Passievrucht,3‐6‐2024,Colombia,BOON FOOD GROUP BV,trifloxystrobin,0.027,4.0,,CONFORM
4863,passievruchten/maracujas,86823497,Passievrucht,3‐6‐2024,Colombia,BOON FOOD GROUP BV,Overige bestrijdingsmiddelen,,,,CONFORM
4864,passievruchten/maracujas,86832674,passiefruit,28‐10‐2024,Colombia,EOSTA B.V.,Overige bestrijdingsmiddelen,,,,CONFORM
4865,passievruchten/maracujas,86833107,passiefruit,5‐11‐2024,Colombia,SOUS FRESH B.V.,azoxystrobin,0.19,4.0,,CONFORM
4866,passievruchten/maracujas,86833107,passiefruit,5‐11‐2024,Colombia,SOUS FRESH B.V.,fenylfenol‐2,0.006,0.01,,CONFORM
4867,passievruchten/maracujas,86833107,passiefruit,5‐11‐2024,Colombia,SOUS FRESH B.V.,tebuconazool,0.062,1.0,,CONFORM
4868,passievruchten/maracujas,86833107,passiefruit,5‐11‐2024,Colombia,SOUS FRESH B.V.,Overige bestrijdingsmiddelen,,,,CONFORM
4869,passievruchten/maracujas,86846144,passiefruit,23‐10‐2024,Colombia,LIDL,azoxystrobin,0.094,4.0,,CONFORM
4870,passievruchten/maracujas,86846144,passiefruit,23‐10‐2024,Colombia,LIDL,tebuconazool,0.049,1.0,,CONFORM
4871,passievruchten/maracujas,86846144,passiefruit,23‐10‐2024,Colombia,LIDL,Overige bestrijdingsmiddelen,,,,CONFORM
4872,passievruchten/maracujas,86869187,passiefruit,17‐6‐2024,Colombia,JUMBO DISTRIBUTIECENTRUM,azoxystrobin,0.16,4.0,,CONFORM
4873,passievruchten/maracujas,86869187,passiefruit,17‐6‐2024,Colombia,JUMBO DISTRIBUTIECENTRUM,difenoconazool,0.0054,0.1,,CONFORM
4874,passievruchten/maracujas,86869187,passiefruit,17‐6‐2024,Colombia,JUMBO DISTRIBUTIECENTRUM,prochloraz (som),0.42,7.0,,CONFORM
4875,passievruchten/maracujas,86869187,passiefruit,17‐6‐2024,Colombia,JUMBO DISTRIBUTIECENTRUM,tebuconazool,0.016,1.0,,CONFORM
4876,passievruchten/maracujas,86869187,passiefruit,17‐6‐2024,Colombia,JUMBO DISTRIBUTIECENTRUM,trifloxystrobin,0.021,4.0,,CONFORM
4877,passievruchten/maracujas,86869187,passiefruit,17‐6‐2024,Colombia,JUMBO DISTRIBUTIECENTRUM,Overige bestrijdingsmiddelen,,,,CONFORM
4878,passievruchten/maracujas,86895013,Passievrucht,5‐9‐2024,Colombia,EUROFRESH,azoxystrobin,0.061,4.0,,CONFORM
4879,passievruchten/maracujas,86895013,Passievrucht,5‐9‐2024,Colombia,EUROFRESH,difenoconazool,0.018,0.1,,CONFORM
4880,passievruchten/maracujas,86895013,Passievrucht,5‐9‐2024,Colombia,EUROFRESH,pyrimethanil,0.0075,0.01,,CONFORM
4881,passievruchten/maracujas,86895013,Passievrucht,5‐9‐2024,Colombia,EUROFRESH,Overige bestrijdingsmiddelen,,,,CONFORM
4882,passievruchten/maracujas,86924528,Maracuya,24‐4‐2024,Equador,BRIMA FRUIT BV,Overige bestrijdingsmiddelen,,,,CONFORM
4883,passievruchten/maracujas,86924544,Passionfruit,24‐4‐2024,Spanje,BRIMA FRUIT BV,Overige bestrijdingsmiddelen,,,,CONFORM
4884,passievruchten/maracujas,86924803,Passion Fruit,22‐5‐2024,Colombia,COOP SUPERMARKTEN,azoxystrobin,0.046,4.0,,CONFORM
4885,passievruchten/maracujas,86924803,Passion Fruit,22‐5‐2024,Colombia,COOP SUPERMARKTEN,difenoconazool,0.0082,0.1,,CONFORM
4886,passievruchten/maracujas,86924803,Passion Fruit,22‐5‐2024,Colombia,COOP SUPERMARKTEN,imidacloprid,0.019,0.01,,NIET CONFORM*
4887,passievruchten/maracujas,86924803,Passion Fruit,22‐5‐2024,Colombia,COOP SUPERMARKTEN,Overige bestrijdingsmiddelen,,,,CONFORM
4888,pastinaken,86833069,Pastinaken,5‐11‐2024,België,IMPEX‐HEEMSKERK B.V. H7,aldrin en dieldrin (som),0.0078,0.02,,CONFORM
4889,pastinaken,86833069,Pastinaken,5‐11‐2024,België,IMPEX‐HEEMSKERK B.V. H7,fluopicolide,0.0078,0.2,,CONFORM
4890,pastinaken,86833069,Pastinaken,5‐11‐2024,België,IMPEX‐HEEMSKERK B.V. H7,Overige bestrijdingsmiddelen,,,,CONFORM
4891,pecannoten,86787954,pecannoten,22‐1‐2024,Landcode onbekend,KOPPEJAN NOTEN B.V.,Overige bestrijdingsmiddelen,,,,CONFORM
4892,pecannoten,86797151,Pecannoten,21‐3‐2024,Verenigde Staten,MULTI FOOD MARKET B.V.,Overige bestrijdingsmiddelen,,,,CONFORM
4893,pecannoten,86798085,Pecannoten stukjes,11‐4‐2024,Landcode onbekend,BAS BOER,Overige bestrijdingsmiddelen,,,,CONFORM
4894,pecannoten,86802465,Pecannoten JMH,30‐1‐2024,Verenigde Staten,TOVANO,Overige bestrijdingsmiddelen,,,,CONFORM
4895,pecannoten,86803607,pecannoten ongebrand,12‐2‐2024,Landcode onbekend,DISTRIBUTIECENTRUM ALBERT HEIJN,Overige bestrijdingsmiddelen,,,,CONFORM
4896,pecannoten,86804417,ongebrande pecannoten. ongezouten,26‐3‐2024,Landcode onbekend,DC COOP,Overige bestrijdingsmiddelen,,,,CONFORM
4897,"peperkorrel (groen, wit en zwart)",85162195,"Dried peppers, Lot: 121292",14‐11‐2024,Zuid Afrika,C.STEINWEG‐HANDELSVEEM B.V.,Overige bestrijdingsmiddelen,,,,CONFORM
4898,peren,86770245,Conference,13‐3‐2024,Nederland,HANDELSMAATSCHAPPIJ JAN OSKAM B.V.,boscalid,0.32,1.5,,CONFORM
4899,peren,86770245,Conference,13‐3‐2024,Nederland,HANDELSMAATSCHAPPIJ JAN OSKAM B.V.,captan (som),0.38,10.0,,CONFORM
4900,peren,86770245,Conference,13‐3‐2024,Nederland,HANDELSMAATSCHAPPIJ JAN OSKAM B.V.,difenoconazool,0.0093,0.8,,CONFORM
4901,peren,86770245,Conference,13‐3‐2024,Nederland,HANDELSMAATSCHAPPIJ JAN OSKAM B.V.,fluopyram,0.011,0.8,,CONFORM
4902,peren,86770245,Conference,13‐3‐2024,Nederland,HANDELSMAATSCHAPPIJ JAN OSKAM B.V.,pyraclostrobin,0.17,0.5,,CONFORM
4903,peren,86770245,Conference,13‐3‐2024,Nederland,HANDELSMAATSCHAPPIJ JAN OSKAM B.V.,Overige bestrijdingsmiddelen,,,,CONFORM
4904,peren,86770253,Conference,13‐3‐2024,Nederland,HANDELSMAATSCHAPPIJ JAN OSKAM B.V.,boscalid,0.045,1.5,,CONFORM
4905,peren,86770253,Conference,13‐3‐2024,Nederland,HANDELSMAATSCHAPPIJ JAN OSKAM B.V.,captan (som),0.55,10.0,,CONFORM
4906,peren,86770253,Conference,13‐3‐2024,Nederland,HANDELSMAATSCHAPPIJ JAN OSKAM B.V.,cyprodinil,0.044,2.0,,CONFORM
4907,peren,86770253,Conference,13‐3‐2024,Nederland,HANDELSMAATSCHAPPIJ JAN OSKAM B.V.,fludioxonil,0.026,5.0,,CONFORM
4908,peren,86770253,Conference,13‐3‐2024,Nederland,HANDELSMAATSCHAPPIJ JAN OSKAM B.V.,pyraclostrobin,0.022,0.5,,CONFORM
4909,peren,86770253,Conference,13‐3‐2024,Nederland,HANDELSMAATSCHAPPIJ JAN OSKAM B.V.,Overige bestrijdingsmiddelen,,,,CONFORM
4910,peren,86770261,conference,13‐3‐2024,Nederland,FRUPAKS VERNOOIJ B.V.,captan (som),0.13,10.0,,CONFORM
4911,peren,86770261,conference,13‐3‐2024,Nederland,FRUPAKS VERNOOIJ B.V.,cyprodinil,0.057,2.0,,CONFORM
4912,peren,86770261,conference,13‐3‐2024,Nederland,FRUPAKS VERNOOIJ B.V.,fludioxonil,0.19,5.0,,CONFORM
4913,peren,86770261,conference,13‐3‐2024,Nederland,FRUPAKS VERNOOIJ B.V.,Overige bestrijdingsmiddelen,,,,CONFORM
4914,peren,86770288,conference,13‐3‐2024,Nederland,FRUPAKS VERNOOIJ B.V.,boscalid,0.046,1.5,,CONFORM
4915,peren,86770288,conference,13‐3‐2024,Nederland,FRUPAKS VERNOOIJ B.V.,captan (som),0.034,10.0,,CONFORM
4916,peren,86770288,conference,13‐3‐2024,Nederland,FRUPAKS VERNOOIJ B.V.,cyprodinil,0.16,2.0,,CONFORM
4917,peren,86770288,conference,13‐3‐2024,Nederland,FRUPAKS VERNOOIJ B.V.,fludioxonil,0.16,5.0,,CONFORM
4918,peren,86770288,conference,13‐3‐2024,Nederland,FRUPAKS VERNOOIJ B.V.,pyraclostrobin,0.022,0.5,,CONFORM
4919,peren,86770288,conference,13‐3‐2024,Nederland,FRUPAKS VERNOOIJ B.V.,pyrimethanil,0.0053,15.0,,CONFORM
4920,peren,86770288,conference,13‐3‐2024,Nederland,FRUPAKS VERNOOIJ B.V.,Overige bestrijdingsmiddelen,,,,CONFORM
4921,peren,86770296,conference rood,13‐3‐2024,Nederland,FRUPAKS VERNOOIJ B.V.,boscalid,0.026,1.5,,CONFORM
4922,peren,86770296,conference rood,13‐3‐2024,Nederland,FRUPAKS VERNOOIJ B.V.,captan (som),3.8,10.0,,CONFORM
4923,peren,86770296,conference rood,13‐3‐2024,Nederland,FRUPAKS VERNOOIJ B.V.,cyprodinil,1.4,2.0,,CONFORM
4924,peren,86770296,conference rood,13‐3‐2024,Nederland,FRUPAKS VERNOOIJ B.V.,difenoconazool,0.0067,0.8,,CONFORM
4925,peren,86770296,conference rood,13‐3‐2024,Nederland,FRUPAKS VERNOOIJ B.V.,fludioxonil,0.84,5.0,,CONFORM
4926,peren,86770296,conference rood,13‐3‐2024,Nederland,FRUPAKS VERNOOIJ B.V.,fluopyram,0.0065,0.8,,CONFORM
4927,peren,86770296,conference rood,13‐3‐2024,Nederland,FRUPAKS VERNOOIJ B.V.,pyraclostrobin,0.012,0.5,,CONFORM
4928,peren,86770296,conference rood,13‐3‐2024,Nederland,FRUPAKS VERNOOIJ B.V.,pyrimethanil,1.6,15.0,,CONFORM
4929,peren,86770296,conference rood,13‐3‐2024,Nederland,FRUPAKS VERNOOIJ B.V.,Overige bestrijdingsmiddelen,,,,CONFORM
4930,peren,86782839,Conference Peren,8‐10‐2024,Nederland,ALDI ZOETERMEER B.V.,captan (som),0.38,10.0,,CONFORM
4931,peren,86782839,Conference Peren,8‐10‐2024,Nederland,ALDI ZOETERMEER B.V.,cyprodinil,0.062,2.0,,CONFORM
4932,peren,86782839,Conference Peren,8‐10‐2024,Nederland,ALDI ZOETERMEER B.V.,difenoconazool,0.0058,0.8,,CONFORM
4933,peren,86782839,Conference Peren,8‐10‐2024,Nederland,ALDI ZOETERMEER B.V.,fludioxonil,0.033,5.0,,CONFORM
4934,peren,86782839,Conference Peren,8‐10‐2024,Nederland,ALDI ZOETERMEER B.V.,Overige bestrijdingsmiddelen,,,,CONFORM
4935,peren,86788152,peren,14‐2‐2024,Nederland,PICNIC FULFILLMENTCENTRUM,captan (som),0.22,10.0,,CONFORM
4936,peren,86788152,peren,14‐2‐2024,Nederland,PICNIC FULFILLMENTCENTRUM,cyprodinil,0.089,2.0,,CONFORM
4937,peren,86788152,peren,14‐2‐2024,Nederland,PICNIC FULFILLMENTCENTRUM,fludioxonil,0.033,5.0,,CONFORM
4938,peren,86788152,peren,14‐2‐2024,Nederland,PICNIC FULFILLMENTCENTRUM,fluopyram,0.0072,0.8,,CONFORM
4939,peren,86788152,peren,14‐2‐2024,Nederland,PICNIC FULFILLMENTCENTRUM,Overige bestrijdingsmiddelen,,,,CONFORM
4940,peren,86796988,Fresh Pear,15‐3‐2024,China,EURO ASIA FRUIT DUTCH B.V.,buprofezin,0.02,0.01,,NIET CONFORM*
4941,peren,86796988,Fresh Pear,15‐3‐2024,China,EURO ASIA FRUIT DUTCH B.V.,captan (som),0.012,10.0,,CONFORM
4942,peren,86796988,Fresh Pear,15‐3‐2024,China,EURO ASIA FRUIT DUTCH B.V.,carbendazim,0.085,0.2,,CONFORM
4943,peren,86796988,Fresh Pear,15‐3‐2024,China,EURO ASIA FRUIT DUTCH B.V.,chloorpyrifos‐ethyl,0.0059,0.01,,CONFORM
4944,peren,86796988,Fresh Pear,15‐3‐2024,China,EURO ASIA FRUIT DUTCH B.V.,cyhalothrin‐lambda,0.006,0.08,,CONFORM
4945,peren,86796988,Fresh Pear,15‐3‐2024,China,EURO ASIA FRUIT DUTCH B.V.,difenoconazool,0.0084,0.8,,CONFORM
4946,peren,86796988,Fresh Pear,15‐3‐2024,China,EURO ASIA FRUIT DUTCH B.V.,Overige bestrijdingsmiddelen,,,,CONFORM
4947,peren,86797429,Conference,26‐3‐2024,Nederland,VAN GELDER RIDDERKERK B.V.,boscalid,0.0077,1.5,,CONFORM
4948,peren,86797429,Conference,26‐3‐2024,Nederland,VAN GELDER RIDDERKERK B.V.,captan (som),0.16,10.0,,CONFORM
4949,peren,86797429,Conference,26‐3‐2024,Nederland,VAN GELDER RIDDERKERK B.V.,fludioxonil,0.025,5.0,,CONFORM
4950,peren,86797429,Conference,26‐3‐2024,Nederland,VAN GELDER RIDDERKERK B.V.,trifloxystrobin,0.012,0.7,,CONFORM
4951,peren,86797429,Conference,26‐3‐2024,Nederland,VAN GELDER RIDDERKERK B.V.,Overige bestrijdingsmiddelen,,,,CONFORM
4952,peren,86804689,conference,8‐4‐2024,Nederland,O. SMEDING EN ZOON B.V.,captan (som),0.45,10.0,,CONFORM
4953,peren,86804689,conference,8‐4‐2024,Nederland,O. SMEDING EN ZOON B.V.,cyprodinil,0.09,2.0,,CONFORM
4954,peren,86804689,conference,8‐4‐2024,Nederland,O. SMEDING EN ZOON B.V.,fludioxonil,0.029,5.0,,CONFORM
4955,peren,86804689,conference,8‐4‐2024,Nederland,O. SMEDING EN ZOON B.V.,fluopyram,0.01,0.8,,CONFORM
4956,peren,86804689,conference,8‐4‐2024,Nederland,O. SMEDING EN ZOON B.V.,Overige bestrijdingsmiddelen,,,,CONFORM
4957,peren,86808684,conference peren,25‐9‐2024,Nederland,PLUS,boscalid,0.065,1.5,,CONFORM
4958,peren,86808684,conference peren,25‐9‐2024,Nederland,PLUS,captan (som),0.22,10.0,,CONFORM
4959,peren,86808684,conference peren,25‐9‐2024,Nederland,PLUS,chloorantraniliprole,0.0065,0.4,,CONFORM
4960,peren,86808684,conference peren,25‐9‐2024,Nederland,PLUS,cyprodinil,0.075,2.0,,CONFORM
4961,peren,86808684,conference peren,25‐9‐2024,Nederland,PLUS,fludioxonil,0.11,5.0,,CONFORM
4962,peren,86808684,conference peren,25‐9‐2024,Nederland,PLUS,pyraclostrobin,0.029,0.5,,CONFORM
4963,peren,86808684,conference peren,25‐9‐2024,Nederland,PLUS,pyrimethanil,0.015,15.0,,CONFORM
4964,peren,86808684,conference peren,25‐9‐2024,Nederland,PLUS,Overige bestrijdingsmiddelen,,,,CONFORM
4965,peren,86812118,peren,24‐4‐2024,Nederland,COÖPERATIE KONINKLIJKE FRUITMASTERS U.A.,captan (som),1.3,10.0,,CONFORM
4966,peren,86812118,peren,24‐4‐2024,Nederland,COÖPERATIE KONINKLIJKE FRUITMASTERS U.A.,fludioxonil,0.099,5.0,,CONFORM
4967,peren,86812118,peren,24‐4‐2024,Nederland,COÖPERATIE KONINKLIJKE FRUITMASTERS U.A.,Overige bestrijdingsmiddelen,,,,CONFORM
4968,peren,86812126,peren,24‐4‐2024,Nederland,COÖPERATIE KONINKLIJKE FRUITMASTERS U.A.,captan (som),0.32,10.0,,CONFORM
4969,peren,86812126,peren,24‐4‐2024,Nederland,COÖPERATIE KONINKLIJKE FRUITMASTERS U.A.,cyprodinil,0.15,2.0,,CONFORM
4970,peren,86812126,peren,24‐4‐2024,Nederland,COÖPERATIE KONINKLIJKE FRUITMASTERS U.A.,fludioxonil,0.055,5.0,,CONFORM
4971,peren,86812126,peren,24‐4‐2024,Nederland,COÖPERATIE KONINKLIJKE FRUITMASTERS U.A.,Overige bestrijdingsmiddelen,,,,CONFORM
4972,peren,86822423,Pears Organic,29‐4‐2024,Argentinië,VAN DEN BOS FRESHPARTNERS,spinosad,0.0061,0.3,,CONFORM
4973,peren,86822423,Pears Organic,29‐4‐2024,Argentinië,VAN DEN BOS FRESHPARTNERS,Overige bestrijdingsmiddelen,,,,CONFORM
4974,peren,86867346,peren,3‐4‐2024,Nederland,FRUITY LINE B.V.,anthrachinon,0.0071,0.01,,CONFORM
4975,peren,86867346,peren,3‐4‐2024,Nederland,FRUITY LINE B.V.,boscalid,0.054,1.5,,CONFORM
4976,peren,86867346,peren,3‐4‐2024,Nederland,FRUITY LINE B.V.,captan (som),0.62,10.0,,CONFORM
4977,peren,86867346,peren,3‐4‐2024,Nederland,FRUITY LINE B.V.,cyprodinil,0.023,2.0,,CONFORM
4978,peren,86867346,peren,3‐4‐2024,Nederland,FRUITY LINE B.V.,fludioxonil,0.22,5.0,,CONFORM
4979,peren,86867346,peren,3‐4‐2024,Nederland,FRUITY LINE B.V.,pyraclostrobin,0.032,0.5,,CONFORM
4980,peren,86867346,peren,3‐4‐2024,Nederland,FRUITY LINE B.V.,pyrimethanil,0.22,15.0,,CONFORM
4981,peren,86867346,peren,3‐4‐2024,Nederland,FRUITY LINE B.V.,Overige bestrijdingsmiddelen,,,,CONFORM
4982,peren,86961083,Gieser Wildeman,7‐10‐2024,Nederland,JUMBO DISTRIBUTIECENTRUM,difenoconazool,0.0057,0.8,,CONFORM
4983,peren,86961083,Gieser Wildeman,7‐10‐2024,Nederland,JUMBO DISTRIBUTIECENTRUM,fludioxonil,0.017,5.0,,CONFORM
4984,peren,86961083,Gieser Wildeman,7‐10‐2024,Nederland,JUMBO DISTRIBUTIECENTRUM,Overige bestrijdingsmiddelen,,,,CONFORM
4985,peren,99181729,Conference peer,19‐9‐2024,Nederland,GROENTE & FRUUIT VAN DEN VEN,boscalid,0.24,1.5,,CONFORM
4986,peren,99181729,Conference peer,19‐9‐2024,Nederland,GROENTE & FRUUIT VAN DEN VEN,captan (som),1.2,10.0,,CONFORM
4987,peren,99181729,Conference peer,19‐9‐2024,Nederland,GROENTE & FRUUIT VAN DEN VEN,chloorantraniliprole,0.0059,0.4,,CONFORM
4988,peren,99181729,Conference peer,19‐9‐2024,Nederland,GROENTE & FRUUIT VAN DEN VEN,difenoconazool,0.0085,0.8,,CONFORM
4989,peren,99181729,Conference peer,19‐9‐2024,Nederland,GROENTE & FRUUIT VAN DEN VEN,fludioxonil,0.29,5.0,,CONFORM
4990,peren,99181729,Conference peer,19‐9‐2024,Nederland,GROENTE & FRUUIT VAN DEN VEN,fluopyram,0.0063,0.8,,CONFORM
4991,peren,99181729,Conference peer,19‐9‐2024,Nederland,GROENTE & FRUUIT VAN DEN VEN,pyraclostrobin,0.1,0.5,,CONFORM
4992,peren,99181729,Conference peer,19‐9‐2024,Nederland,GROENTE & FRUUIT VAN DEN VEN,Overige bestrijdingsmiddelen,,,,CONFORM
4993,peren,99368616,peren conference 1kg,24‐7‐2024,Nederland,POIESZ SUPERMARKTEN,boscalid,0.031,1.5,,CONFORM
4994,peren,99368616,peren conference 1kg,24‐7‐2024,Nederland,POIESZ SUPERMARKTEN,captan (som),0.37,10.0,,CONFORM
4995,peren,99368616,peren conference 1kg,24‐7‐2024,Nederland,POIESZ SUPERMARKTEN,cyprodinil,0.013,2.0,,CONFORM
4996,peren,99368616,peren conference 1kg,24‐7‐2024,Nederland,POIESZ SUPERMARKTEN,fludioxonil,0.032,5.0,,CONFORM
4997,peren,99368616,peren conference 1kg,24‐7‐2024,Nederland,POIESZ SUPERMARKTEN,pyraclostrobin,0.014,0.5,,CONFORM
4998,peren,99368616,peren conference 1kg,24‐7‐2024,Nederland,POIESZ SUPERMARKTEN,pyrimethanil,1.3,15.0,,CONFORM
4999,peren,99368616,peren conference 1kg,24‐7‐2024,Nederland,POIESZ SUPERMARKTEN,Overige bestrijdingsmiddelen,,,,CONFORM
5000,peren,99368896,peren conference 1KG,30‐7‐2024,Nederland,LIDL,captan (som),0.2,10.0,,CONFORM
5001,peren,99368896,peren conference 1KG,30‐7‐2024,Nederland,LIDL,cyprodinil,0.13,2.0,,CONFORM
5002,peren,99368896,peren conference 1KG,30‐7‐2024,Nederland,LIDL,fludioxonil,0.069,5.0,,CONFORM
5003,peren,99368896,peren conference 1KG,30‐7‐2024,Nederland,LIDL,fluxapyroxad,0.007,0.9,,CONFORM
5004,peren,99368896,peren conference 1KG,30‐7‐2024,Nederland,LIDL,pyrimethanil,0.012,15.0,,CONFORM
5005,peren,99368896,peren conference 1KG,30‐7‐2024,Nederland,LIDL,Overige bestrijdingsmiddelen,,,,CONFORM
5006,peren,99370351,peer Gieser Wildeman,26‐11‐2024,Nederland,BOERDERIJWINKEL OVERESCH,Overige bestrijdingsmiddelen,,,,CONFORM
5007,peren,99382732,peren packham,24‐9‐2024,Nederland,BIOL. BOERDERIJWINKEL,Overige bestrijdingsmiddelen,,,,CONFORM
5008,peren,99393726,Conference Peren,8‐8‐2024,Nederland,ALDI,boscalid,0.051,1.5,,CONFORM
5009,peren,99393726,Conference Peren,8‐8‐2024,Nederland,ALDI,captan (som),0.22,10.0,,CONFORM
5010,peren,99393726,Conference Peren,8‐8‐2024,Nederland,ALDI,cyprodinil,0.2,2.0,,CONFORM
5011,peren,99393726,Conference Peren,8‐8‐2024,Nederland,ALDI,fludioxonil,0.15,5.0,,CONFORM
5012,peren,99393726,Conference Peren,8‐8‐2024,Nederland,ALDI,pyraclostrobin,0.025,0.5,,CONFORM
5013,peren,99393726,Conference Peren,8‐8‐2024,Nederland,ALDI,Overige bestrijdingsmiddelen,,,,CONFORM
5014,peren,99394021,Conference Peren,15‐8‐2024,Nederland,PUUR BRABANT,boscalid,0.015,1.5,,CONFORM
5015,peren,99394021,Conference Peren,15‐8‐2024,Nederland,PUUR BRABANT,captan (som),0.16,10.0,,CONFORM
5016,peren,99394021,Conference Peren,15‐8‐2024,Nederland,PUUR BRABANT,cyprodinil,0.0078,2.0,,CONFORM
5017,peren,99394021,Conference Peren,15‐8‐2024,Nederland,PUUR BRABANT,fludioxonil,0.2,5.0,,CONFORM
5018,peren,99394021,Conference Peren,15‐8‐2024,Nederland,PUUR BRABANT,pyraclostrobin,0.0099,0.5,,CONFORM
5019,peren,99394021,Conference Peren,15‐8‐2024,Nederland,PUUR BRABANT,pyrimethanil,0.91,15.0,,CONFORM
5020,peren,99394021,Conference Peren,15‐8‐2024,Nederland,PUUR BRABANT,Overige bestrijdingsmiddelen,,,,CONFORM
5021,peren,99396172,Conference los,11‐7‐2024,Nederland,MCD AARLE‐RIXTEL,boscalid,0.15,1.5,,CONFORM
5022,peren,99396172,Conference los,11‐7‐2024,Nederland,MCD AARLE‐RIXTEL,captan (som),0.32,10.0,,CONFORM
5023,peren,99396172,Conference los,11‐7‐2024,Nederland,MCD AARLE‐RIXTEL,fludioxonil,0.076,5.0,,CONFORM
5024,peren,99396172,Conference los,11‐7‐2024,Nederland,MCD AARLE‐RIXTEL,pyraclostrobin,0.096,0.5,,CONFORM
5025,peren,99396172,Conference los,11‐7‐2024,Nederland,MCD AARLE‐RIXTEL,Overige bestrijdingsmiddelen,,,,CONFORM
5026,peren,99411066,Packham peren,10‐7‐2024,Argentinië,EKOPLAZA (ENSCHEDE),Overige bestrijdingsmiddelen,,,,CONFORM
5027,peren,99411422,Peren conference,16‐7‐2024,Nederland,ALDI ENSCHEDE,boscalid,0.037,1.5,,CONFORM
5028,peren,99411422,Peren conference,16‐7‐2024,Nederland,ALDI ENSCHEDE,captan (som),0.2,10.0,,CONFORM
5029,peren,99411422,Peren conference,16‐7‐2024,Nederland,ALDI ENSCHEDE,cyprodinil,0.17,2.0,,CONFORM
5030,peren,99411422,Peren conference,16‐7‐2024,Nederland,ALDI ENSCHEDE,fludioxonil,0.097,5.0,,CONFORM
5031,peren,99411422,Peren conference,16‐7‐2024,Nederland,ALDI ENSCHEDE,pyraclostrobin,0.02,0.5,,CONFORM
5032,peren,99411422,Peren conference,16‐7‐2024,Nederland,ALDI ENSCHEDE,pyrimethanil,0.0081,15.0,,CONFORM
5033,peren,99411422,Peren conference,16‐7‐2024,Nederland,ALDI ENSCHEDE,Overige bestrijdingsmiddelen,,,,CONFORM
5034,peren,99411864,1 de Beste handperen,23‐7‐2024,Nederland,DIRK,boscalid,0.066,1.5,,CONFORM
5035,peren,99411864,1 de Beste handperen,23‐7‐2024,Nederland,DIRK,captan (som),0.48,10.0,,CONFORM
5036,peren,99411864,1 de Beste handperen,23‐7‐2024,Nederland,DIRK,cyprodinil,0.029,2.0,,CONFORM
5037,peren,99411864,1 de Beste handperen,23‐7‐2024,Nederland,DIRK,fludioxonil,0.042,5.0,,CONFORM
5038,peren,99411864,1 de Beste handperen,23‐7‐2024,Nederland,DIRK,pyraclostrobin,0.038,0.5,,CONFORM
5039,peren,99411864,1 de Beste handperen,23‐7‐2024,Nederland,DIRK,pyrimethanil,1.1,15.0,,CONFORM
5040,peren,99411864,1 de Beste handperen,23‐7‐2024,Nederland,DIRK,Overige bestrijdingsmiddelen,,,,CONFORM
5041,peren,99412194,AH peren Conference 1kg,17‐7‐2024,Nederland,ALBERT HEIJN MARCEL BERGHUIS,captan (som),0.65,10.0,,CONFORM
5042,peren,99412194,AH peren Conference 1kg,17‐7‐2024,Nederland,ALBERT HEIJN MARCEL BERGHUIS,chloorantraniliprole,0.0098,0.4,,CONFORM
5043,peren,99412194,AH peren Conference 1kg,17‐7‐2024,Nederland,ALBERT HEIJN MARCEL BERGHUIS,cyprodinil,0.18,2.0,,CONFORM
5044,peren,99412194,AH peren Conference 1kg,17‐7‐2024,Nederland,ALBERT HEIJN MARCEL BERGHUIS,fludioxonil,1.6,5.0,,CONFORM
5045,peren,99412194,AH peren Conference 1kg,17‐7‐2024,Nederland,ALBERT HEIJN MARCEL BERGHUIS,fluopyram,0.016,0.8,,CONFORM
5046,peren,99412194,AH peren Conference 1kg,17‐7‐2024,Nederland,ALBERT HEIJN MARCEL BERGHUIS,pyrimethanil,1.5,15.0,,CONFORM
5047,peren,99412194,AH peren Conference 1kg,17‐7‐2024,Nederland,ALBERT HEIJN MARCEL BERGHUIS,Overige bestrijdingsmiddelen,,,,CONFORM
5048,peren,99427426,conference peren,31‐7‐2024,Nederland,ALBERT HEIJN,captan (som),0.77,10.0,,CONFORM
5049,peren,99427426,conference peren,31‐7‐2024,Nederland,ALBERT HEIJN,chloorantraniliprole,0.005,0.4,,CONFORM
5050,peren,99427426,conference peren,31‐7‐2024,Nederland,ALBERT HEIJN,cyprodinil,0.13,2.0,,CONFORM
5051,peren,99427426,conference peren,31‐7‐2024,Nederland,ALBERT HEIJN,fludioxonil,0.75,5.0,,CONFORM
5052,peren,99427426,conference peren,31‐7‐2024,Nederland,ALBERT HEIJN,fluopyram,0.0086,0.8,,CONFORM
5053,peren,99427426,conference peren,31‐7‐2024,Nederland,ALBERT HEIJN,pyrimethanil,1.4,15.0,,CONFORM
5054,peren,99427426,conference peren,31‐7‐2024,Nederland,ALBERT HEIJN,Overige bestrijdingsmiddelen,,,,CONFORM
5055,peren,99427965,peren,14‐8‐2024,Nederland,BOERDERIJWINKEL SCHAEPKENS,captan (som),0.76,10.0,,CONFORM
5056,peren,99427965,peren,14‐8‐2024,Nederland,BOERDERIJWINKEL SCHAEPKENS,cyprodinil,0.18,2.0,,CONFORM
5057,peren,99427965,peren,14‐8‐2024,Nederland,BOERDERIJWINKEL SCHAEPKENS,fludioxonil,0.11,5.0,,CONFORM
5058,peren,99427965,peren,14‐8‐2024,Nederland,BOERDERIJWINKEL SCHAEPKENS,pyrimethanil,0.45,15.0,,CONFORM
5059,peren,99427965,peren,14‐8‐2024,Nederland,BOERDERIJWINKEL SCHAEPKENS,Overige bestrijdingsmiddelen,,,,CONFORM
5060,peren,99428686,Peren Doyenne du comice,25‐9‐2024,Nederland,EET‐IDEE QUAEDVLIEG,captan (som),0.41,10.0,,CONFORM
5061,peren,99428686,Peren Doyenne du comice,25‐9‐2024,Nederland,EET‐IDEE QUAEDVLIEG,chloorantraniliprole,0.0054,0.4,,CONFORM
5062,peren,99428686,Peren Doyenne du comice,25‐9‐2024,Nederland,EET‐IDEE QUAEDVLIEG,cyprodinil,0.043,2.0,,CONFORM
5063,peren,99428686,Peren Doyenne du comice,25‐9‐2024,Nederland,EET‐IDEE QUAEDVLIEG,fludioxonil,0.015,5.0,,CONFORM
5064,peren,99428686,Peren Doyenne du comice,25‐9‐2024,Nederland,EET‐IDEE QUAEDVLIEG,Overige bestrijdingsmiddelen,,,,CONFORM
5065,peren,99430001,conference peren,2‐7‐2024,Nederland,JUMBO SITTARD STADION,captan (som),1.3,10.0,,CONFORM
5066,peren,99430001,conference peren,2‐7‐2024,Nederland,JUMBO SITTARD STADION,cyprodinil,0.35,2.0,,CONFORM
5067,peren,99430001,conference peren,2‐7‐2024,Nederland,JUMBO SITTARD STADION,fludioxonil,1.2,5.0,,CONFORM
5068,peren,99430001,conference peren,2‐7‐2024,Nederland,JUMBO SITTARD STADION,pyrimethanil,2.8,15.0,,CONFORM
5069,peren,99430001,conference peren,2‐7‐2024,Nederland,JUMBO SITTARD STADION,Overige bestrijdingsmiddelen,,,,CONFORM
5070,peren,99430249,conference peren,16‐7‐2024,België,DAGWINKEL MELDERSLO,captan (som),0.23,10.0,,CONFORM
5071,peren,99430249,conference peren,16‐7‐2024,België,DAGWINKEL MELDERSLO,cyprodinil,0.066,2.0,,CONFORM
5072,peren,99430249,conference peren,16‐7‐2024,België,DAGWINKEL MELDERSLO,difenoconazool,0.0058,0.8,,CONFORM
5073,peren,99430249,conference peren,16‐7‐2024,België,DAGWINKEL MELDERSLO,fludioxonil,0.11,5.0,,CONFORM
5074,peren,99430249,conference peren,16‐7‐2024,België,DAGWINKEL MELDERSLO,Overige bestrijdingsmiddelen,,,,CONFORM
5075,peren,99430567,conference peren,23‐7‐2024,Nederland,PLUS BOUDA POSTMA,boscalid,0.032,1.5,,CONFORM
5076,peren,99430567,conference peren,23‐7‐2024,Nederland,PLUS BOUDA POSTMA,captan (som),0.47,10.0,,CONFORM
5077,peren,99430567,conference peren,23‐7‐2024,Nederland,PLUS BOUDA POSTMA,cyprodinil,0.02,2.0,,CONFORM
5078,peren,99430567,conference peren,23‐7‐2024,Nederland,PLUS BOUDA POSTMA,fludioxonil,0.041,5.0,,CONFORM
5079,peren,99430567,conference peren,23‐7‐2024,Nederland,PLUS BOUDA POSTMA,pyraclostrobin,0.021,0.5,,CONFORM
5080,peren,99430567,conference peren,23‐7‐2024,Nederland,PLUS BOUDA POSTMA,pyrimethanil,1.4,15.0,,CONFORM
5081,peren,99430567,conference peren,23‐7‐2024,Nederland,PLUS BOUDA POSTMA,Overige bestrijdingsmiddelen,,,,CONFORM
5082,peren,99434597,"Conference peren, 4 stuks",3‐7‐2024,Nederland,ALBERT HEIJN,captan (som),0.82,10.0,,CONFORM
5083,peren,99434597,"Conference peren, 4 stuks",3‐7‐2024,Nederland,ALBERT HEIJN,cyprodinil,0.064,2.0,,CONFORM
5084,peren,99434597,"Conference peren, 4 stuks",3‐7‐2024,Nederland,ALBERT HEIJN,difenoconazool,0.0066,0.8,,CONFORM
5085,peren,99434597,"Conference peren, 4 stuks",3‐7‐2024,Nederland,ALBERT HEIJN,fludioxonil,0.079,5.0,,CONFORM
5086,peren,99434597,"Conference peren, 4 stuks",3‐7‐2024,Nederland,ALBERT HEIJN,pyrimethanil,1.6,15.0,,CONFORM
5087,peren,99434597,"Conference peren, 4 stuks",3‐7‐2024,Nederland,ALBERT HEIJN,Overige bestrijdingsmiddelen,,,,CONFORM
5088,peren,99434813,Conference pren,10‐7‐2024,Nederland,JUMBO SUPERMARKT,boscalid,0.23,1.5,,CONFORM
5089,peren,99434813,Conference pren,10‐7‐2024,Nederland,JUMBO SUPERMARKT,captan (som),0.71,10.0,,CONFORM
5090,peren,99434813,Conference pren,10‐7‐2024,Nederland,JUMBO SUPERMARKT,fludioxonil,0.19,5.0,,CONFORM
5091,peren,99434813,Conference pren,10‐7‐2024,Nederland,JUMBO SUPERMARKT,pyraclostrobin,0.17,0.5,,CONFORM
5092,peren,99434813,Conference pren,10‐7‐2024,Nederland,JUMBO SUPERMARKT,Overige bestrijdingsmiddelen,,,,CONFORM
5093,peren,99435259,Conference peren,7‐8‐2024,Nederland,LIDL,captan (som),0.25,10.0,,CONFORM
5094,peren,99435259,Conference peren,7‐8‐2024,Nederland,LIDL,cyprodinil,0.078,2.0,,CONFORM
5095,peren,99435259,Conference peren,7‐8‐2024,Nederland,LIDL,fludioxonil,0.03,5.0,,CONFORM
5096,peren,99435259,Conference peren,7‐8‐2024,Nederland,LIDL,Overige bestrijdingsmiddelen,,,,CONFORM
5097,peren,99435496,"Cenference peren, maat 55‐65",12‐8‐2024,Nederland,ALDI MARKT,captan (som),0.52,10.0,,CONFORM
5098,peren,99435496,"Cenference peren, maat 55‐65",12‐8‐2024,Nederland,ALDI MARKT,cyprodinil,0.05,2.0,,CONFORM
5099,peren,99435496,"Cenference peren, maat 55‐65",12‐8‐2024,Nederland,ALDI MARKT,fludioxonil,0.94,5.0,,CONFORM
5100,peren,99435496,"Cenference peren, maat 55‐65",12‐8‐2024,Nederland,ALDI MARKT,fluopyram,0.0093,0.8,,CONFORM
5101,peren,99435496,"Cenference peren, maat 55‐65",12‐8‐2024,Nederland,ALDI MARKT,pyrimethanil,1.1,15.0,,CONFORM
5102,peren,99435496,"Cenference peren, maat 55‐65",12‐8‐2024,Nederland,ALDI MARKT,Overige bestrijdingsmiddelen,,,,CONFORM
5103,peren,99435895,"Peren Conference, maat 70‐75 mm",13‐8‐2024,Nederland,POIESZ SUPERMARKTEN,captan (som),0.44,10.0,,CONFORM
5104,peren,99435895,"Peren Conference, maat 70‐75 mm",13‐8‐2024,Nederland,POIESZ SUPERMARKTEN,cyprodinil,0.0078,2.0,,CONFORM
5105,peren,99435895,"Peren Conference, maat 70‐75 mm",13‐8‐2024,Nederland,POIESZ SUPERMARKTEN,fludioxonil,0.31,5.0,,CONFORM
5106,peren,99435895,"Peren Conference, maat 70‐75 mm",13‐8‐2024,Nederland,POIESZ SUPERMARKTEN,fluopyram,0.079,0.8,,CONFORM
5107,peren,99435895,"Peren Conference, maat 70‐75 mm",13‐8‐2024,Nederland,POIESZ SUPERMARKTEN,pyrimethanil,1.4,15.0,,CONFORM
5108,peren,99435895,"Peren Conference, maat 70‐75 mm",13‐8‐2024,Nederland,POIESZ SUPERMARKTEN,tebuconazool,0.054,0.3,,CONFORM
5109,peren,99435895,"Peren Conference, maat 70‐75 mm",13‐8‐2024,Nederland,POIESZ SUPERMARKTEN,Overige bestrijdingsmiddelen,,,,CONFORM
5110,peren,99440236,Peckham peren,30‐7‐2024,Argentinië,EKOPLAZA (ENSCHEDE),Overige bestrijdingsmiddelen,,,,CONFORM
5111,peren,99440813,Conference,6‐8‐2024,Nederland,JUMBO SUPERMARKT,captan (som),0.88,10.0,,CONFORM
5112,peren,99440813,Conference,6‐8‐2024,Nederland,JUMBO SUPERMARKT,fludioxonil,0.82,5.0,,CONFORM
5113,peren,99440813,Conference,6‐8‐2024,Nederland,JUMBO SUPERMARKT,pyrimethanil,2.2,15.0,,CONFORM
5114,peren,99440813,Conference,6‐8‐2024,Nederland,JUMBO SUPERMARKT,Overige bestrijdingsmiddelen,,,,CONFORM
5115,peren,99441224,AH conference,13‐8‐2024,Nederland,ALBERT HEIJN,captan (som),0.33,10.0,,CONFORM
5116,peren,99441224,AH conference,13‐8‐2024,Nederland,ALBERT HEIJN,cyprodinil,0.036,2.0,,CONFORM
5117,peren,99441224,AH conference,13‐8‐2024,Nederland,ALBERT HEIJN,fludioxonil,0.4,5.0,,CONFORM
5118,peren,99441224,AH conference,13‐8‐2024,Nederland,ALBERT HEIJN,pyrimethanil,2.0,15.0,,CONFORM
5119,peren,99441224,AH conference,13‐8‐2024,Nederland,ALBERT HEIJN,Overige bestrijdingsmiddelen,,,,CONFORM
5120,peren,99500573,Gieser Wildeman peren,26‐11‐2024,Nederland,BURGERBOERDERIJ DE PATRIJS,Overige bestrijdingsmiddelen,,,,CONFORM
5121,peren,99595388,Conference peren 1kg,9‐7‐2024,Nederland,PLUS STAM,boscalid,0.051,1.5,,CONFORM
5122,peren,99595388,Conference peren 1kg,9‐7‐2024,Nederland,PLUS STAM,captan (som),0.54,10.0,,CONFORM
5123,peren,99595388,Conference peren 1kg,9‐7‐2024,Nederland,PLUS STAM,cyprodinil,0.041,2.0,,CONFORM
5124,peren,99595388,Conference peren 1kg,9‐7‐2024,Nederland,PLUS STAM,fludioxonil,0.057,5.0,,CONFORM
5125,peren,99595388,Conference peren 1kg,9‐7‐2024,Nederland,PLUS STAM,pyraclostrobin,0.032,0.5,,CONFORM
5126,peren,99595388,Conference peren 1kg,9‐7‐2024,Nederland,PLUS STAM,pyrimethanil,1.3,15.0,,CONFORM
5127,peren,99595388,Conference peren 1kg,9‐7‐2024,Nederland,PLUS STAM,Overige bestrijdingsmiddelen,,,,CONFORM
5128,perziken,99393734,Wilde perzikken witvlezig,8‐8‐2024,Spanje,ALDI,deltamethrin,0.091,0.15,,CONFORM
5129,perziken,99393734,Wilde perzikken witvlezig,8‐8‐2024,Spanje,ALDI,difenoconazool,0.006,0.5,,CONFORM
5130,perziken,99393734,Wilde perzikken witvlezig,8‐8‐2024,Spanje,ALDI,fludioxonil,2.5,10.0,,CONFORM
5131,perziken,99393734,Wilde perzikken witvlezig,8‐8‐2024,Spanje,ALDI,Overige bestrijdingsmiddelen,,,,CONFORM
5132,perziken,99411074,perziken,10‐7‐2024,Spanje,EKOPLAZA (ENSCHEDE),cyhalothrin‐lambda,0.016,0.15,,CONFORM
5133,perziken,99411074,perziken,10‐7‐2024,Spanje,EKOPLAZA (ENSCHEDE),spinosad,0.0087,0.6,,CONFORM
5134,perziken,99411074,perziken,10‐7‐2024,Spanje,EKOPLAZA (ENSCHEDE),Overige bestrijdingsmiddelen,,,,CONFORM
5135,perziken,99411872,wilde perziken,23‐7‐2024,Nederland,DIRK,deltamethrin,0.023,0.15,,CONFORM
5136,perziken,99411872,wilde perziken,23‐7‐2024,Nederland,DIRK,Overige bestrijdingsmiddelen,,,,CONFORM
5137,perziken,99427442,perziken,31‐7‐2024,Spanje,ALBERT HEIJN,acetamiprid,0.01,0.2,,CONFORM
5138,perziken,99427442,perziken,31‐7‐2024,Spanje,ALBERT HEIJN,deltamethrin,0.025,0.15,,CONFORM
5139,perziken,99427442,perziken,31‐7‐2024,Spanje,ALBERT HEIJN,fluvalinaat,0.0074,0.3,,CONFORM
5140,perziken,99427442,perziken,31‐7‐2024,Spanje,ALBERT HEIJN,pyrimethanil,0.0085,10.0,,CONFORM
5141,perziken,99427442,perziken,31‐7‐2024,Spanje,ALBERT HEIJN,spirotetramat (som),0.0064,3.0,,CONFORM
5142,perziken,99427442,perziken,31‐7‐2024,Spanje,ALBERT HEIJN,tebuconazool,0.027,0.6,,CONFORM
5143,perziken,99427442,perziken,31‐7‐2024,Spanje,ALBERT HEIJN,Overige bestrijdingsmiddelen,,,,CONFORM
5144,perziken,99430583,Perziken,23‐7‐2024,Spanje,PLUS BOUDA POSTMA,fludioxonil,1.1,10.0,,CONFORM
5145,perziken,99430583,Perziken,23‐7‐2024,Spanje,PLUS BOUDA POSTMA,tebuconazool,0.0069,0.6,,CONFORM
5146,perziken,99430583,Perziken,23‐7‐2024,Spanje,PLUS BOUDA POSTMA,Overige bestrijdingsmiddelen,,,,CONFORM
5147,perziken,99434937,"Perzik Geelvlezig, Klasse I, Maat B (61/67 mm)",10‐7‐2024,Spanje,JUMBO SUPERMARKT,chloorantraniliprole,0.0065,1.0,,CONFORM
5148,perziken,99434937,"Perzik Geelvlezig, Klasse I, Maat B (61/67 mm)",10‐7‐2024,Spanje,JUMBO SUPERMARKT,fludioxonil,1.2,10.0,,CONFORM
5149,perziken,99434937,"Perzik Geelvlezig, Klasse I, Maat B (61/67 mm)",10‐7‐2024,Spanje,JUMBO SUPERMARKT,fluopyram,0.021,1.5,,CONFORM
5150,perziken,99434937,"Perzik Geelvlezig, Klasse I, Maat B (61/67 mm)",10‐7‐2024,Spanje,JUMBO SUPERMARKT,spirotetramat (som),0.011,3.0,,CONFORM
5151,perziken,99434937,"Perzik Geelvlezig, Klasse I, Maat B (61/67 mm)",10‐7‐2024,Spanje,JUMBO SUPERMARKT,tebuconazool,0.0084,0.6,,CONFORM
5152,perziken,99434937,"Perzik Geelvlezig, Klasse I, Maat B (61/67 mm)",10‐7‐2024,Spanje,JUMBO SUPERMARKT,Overige bestrijdingsmiddelen,,,,CONFORM
5153,perziken,99435305,"Perziken, verscheidenheid Melox 32",7‐8‐2024,Frankrijk,LIDL,boscalid,0.13,5.0,,CONFORM
5154,perziken,99435305,"Perziken, verscheidenheid Melox 32",7‐8‐2024,Frankrijk,LIDL,deltamethrin,0.02,0.15,,CONFORM
5155,perziken,99435305,"Perziken, verscheidenheid Melox 32",7‐8‐2024,Frankrijk,LIDL,dodine,0.02,0.1,,CONFORM
5156,perziken,99435305,"Perziken, verscheidenheid Melox 32",7‐8‐2024,Frankrijk,LIDL,fenpyrazamine,0.029,5.0,,CONFORM
5157,perziken,99435305,"Perziken, verscheidenheid Melox 32",7‐8‐2024,Frankrijk,LIDL,pyraclostrobin,0.026,0.3,,CONFORM
5158,perziken,99435305,"Perziken, verscheidenheid Melox 32",7‐8‐2024,Frankrijk,LIDL,Overige bestrijdingsmiddelen,,,,CONFORM
5159,perziken,99435992,"Periken geelvlezig, B (81‐87 mm)",13‐8‐2024,Italië,POIESZ SUPERMARKTEN,boscalid,0.032,5.0,,CONFORM
5160,perziken,99435992,"Periken geelvlezig, B (81‐87 mm)",13‐8‐2024,Italië,POIESZ SUPERMARKTEN,etofenprox,0.52,0.6,,CONFORM
5161,perziken,99435992,"Periken geelvlezig, B (81‐87 mm)",13‐8‐2024,Italië,POIESZ SUPERMARKTEN,pyraclostrobin,0.0066,0.3,,CONFORM
5162,perziken,99435992,"Periken geelvlezig, B (81‐87 mm)",13‐8‐2024,Italië,POIESZ SUPERMARKTEN,thiabendazool,0.0069,0.01,,CONFORM
5163,perziken,99435992,"Periken geelvlezig, B (81‐87 mm)",13‐8‐2024,Italië,POIESZ SUPERMARKTEN,Overige bestrijdingsmiddelen,,,,CONFORM
5164,perziken,99440155,perziken,30‐7‐2024,Spanje,EKOPLAZA (HENGELO),cyhalothrin‐lambda,0.026,0.15,,CONFORM
5165,perziken,99440155,perziken,30‐7‐2024,Spanje,EKOPLAZA (HENGELO),Overige bestrijdingsmiddelen,,,,CONFORM
5166,perziken,99440821,wilde perzik witvlezig,6‐8‐2024,Spanje,JUMBO SUPERMARKT,boscalid,0.17,5.0,,CONFORM
5167,perziken,99440821,wilde perzik witvlezig,6‐8‐2024,Spanje,JUMBO SUPERMARKT,deltamethrin,0.056,0.15,,CONFORM
5168,perziken,99440821,wilde perzik witvlezig,6‐8‐2024,Spanje,JUMBO SUPERMARKT,fludioxonil,0.63,10.0,,CONFORM
5169,perziken,99440821,wilde perzik witvlezig,6‐8‐2024,Spanje,JUMBO SUPERMARKT,pyraclostrobin,0.064,0.3,,CONFORM
5170,perziken,99440821,wilde perzik witvlezig,6‐8‐2024,Spanje,JUMBO SUPERMARKT,Overige bestrijdingsmiddelen,,,,CONFORM
5171,perziken,99441232,wilde perziken,13‐8‐2024,Spanje,ALBERT HEIJN,cyhalothrin‐lambda,0.014,0.15,,CONFORM
5172,perziken,99441232,wilde perziken,13‐8‐2024,Spanje,ALBERT HEIJN,cyprodinil,0.25,2.0,,CONFORM
5173,perziken,99441232,wilde perziken,13‐8‐2024,Spanje,ALBERT HEIJN,fenpyroximaat,0.015,0.3,,CONFORM
5174,perziken,99441232,wilde perziken,13‐8‐2024,Spanje,ALBERT HEIJN,fludioxonil,0.17,10.0,,CONFORM
5175,perziken,99441232,wilde perziken,13‐8‐2024,Spanje,ALBERT HEIJN,fluopyram,0.029,1.5,,CONFORM
5176,perziken,99441232,wilde perziken,13‐8‐2024,Spanje,ALBERT HEIJN,pyrimethanil,1.5,10.0,,CONFORM
5177,perziken,99441232,wilde perziken,13‐8‐2024,Spanje,ALBERT HEIJN,spinosad,0.0069,0.6,,CONFORM
5178,perziken,99441232,wilde perziken,13‐8‐2024,Spanje,ALBERT HEIJN,Overige bestrijdingsmiddelen,,,,CONFORM
5179,peterselie,86779676,Gedroogde Petersille,13‐6‐2024,Egypte,BIBERIM B.V.,anthrachinon,0.037,0.1,5,CONFORM
5180,peterselie,86779676,Gedroogde Petersille,13‐6‐2024,Egypte,BIBERIM B.V.,bifenyl,0.062,0.5,5,CONFORM
5181,peterselie,86779676,Gedroogde Petersille,13‐6‐2024,Egypte,BIBERIM B.V.,chloorfenapyr,0.027,0.1,5,CONFORM
5182,peterselie,86779676,Gedroogde Petersille,13‐6‐2024,Egypte,BIBERIM B.V.,chloorpyrifos‐ethyl,0.037,0.05,5,CONFORM
5183,peterselie,86779676,Gedroogde Petersille,13‐6‐2024,Egypte,BIBERIM B.V.,dimethomorf,0.022,50.0,5,CONFORM
5184,peterselie,86779676,Gedroogde Petersille,13‐6‐2024,Egypte,BIBERIM B.V.,oxyfluorfen,0.017,0.1,5,CONFORM
5185,peterselie,86779676,Gedroogde Petersille,13‐6‐2024,Egypte,BIBERIM B.V.,pendimethalin,0.27,10.0,5,CONFORM
5186,peterselie,86779676,Gedroogde Petersille,13‐6‐2024,Egypte,BIBERIM B.V.,pyraclostrobin,0.012,10.0,5,CONFORM
5187,peterselie,86779676,Gedroogde Petersille,13‐6‐2024,Egypte,BIBERIM B.V.,Overige bestrijdingsmiddelen,,,5,CONFORM
5188,peterselie,86779684,Peterselie,13‐6‐2024,Turkije,BIBERIM B.V.,acetamiprid,0.055,15.0,5,CONFORM
5189,peterselie,86779684,Peterselie,13‐6‐2024,Turkije,BIBERIM B.V.,anthrachinon,0.069,0.1,5,CONFORM
5190,peterselie,86779684,Peterselie,13‐6‐2024,Turkije,BIBERIM B.V.,azoxystrobin,1.1,350.0,5,CONFORM
5191,peterselie,86779684,Peterselie,13‐6‐2024,Turkije,BIBERIM B.V.,bifenyl,0.039,0.5,5,CONFORM
5192,peterselie,86779684,Peterselie,13‐6‐2024,Turkije,BIBERIM B.V.,carbendazim,0.42,0.5,5,CONFORM
5193,peterselie,86779684,Peterselie,13‐6‐2024,Turkije,BIBERIM B.V.,chloorfenapyr,0.011,0.1,5,CONFORM
5194,peterselie,86779684,Peterselie,13‐6‐2024,Turkije,BIBERIM B.V.,chloorpyrifos‐ethyl,0.34,0.05,5,NIET CONFORM
5195,peterselie,86779684,Peterselie,13‐6‐2024,Turkije,BIBERIM B.V.,cyhalothrin‐lambda,0.18,3.5,5,CONFORM
5196,peterselie,86779684,Peterselie,13‐6‐2024,Turkije,BIBERIM B.V.,cypermethrin,0.45,10.0,5,CONFORM
5197,peterselie,86779684,Peterselie,13‐6‐2024,Turkije,BIBERIM B.V.,difenoconazool,2.8,50.0,5,CONFORM
5198,peterselie,86779684,Peterselie,13‐6‐2024,Turkije,BIBERIM B.V.,dimethomorf,0.086,50.0,5,CONFORM
5199,peterselie,86779684,Peterselie,13‐6‐2024,Turkije,BIBERIM B.V.,emamectin B1a,0.017,1.0,5,CONFORM
5200,peterselie,86779684,Peterselie,13‐6‐2024,Turkije,BIBERIM B.V.,malathion (som),0.056,0.1,5,CONFORM
5201,peterselie,86779684,Peterselie,13‐6‐2024,Turkije,BIBERIM B.V.,penconazool,0.085,0.1,5,CONFORM
5202,peterselie,86779684,Peterselie,13‐6‐2024,Turkije,BIBERIM B.V.,pendimethalin,0.069,10.0,5,CONFORM
5203,peterselie,86779684,Peterselie,13‐6‐2024,Turkije,BIBERIM B.V.,profenofos,0.014,0.15,5,CONFORM
5204,peterselie,86779684,Peterselie,13‐6‐2024,Turkije,BIBERIM B.V.,propamocarb,0.071,150.0,5,CONFORM
5205,peterselie,86779684,Peterselie,13‐6‐2024,Turkije,BIBERIM B.V.,propiconazool,2.3,0.1,5,NIET CONFORM
5206,peterselie,86779684,Peterselie,13‐6‐2024,Turkije,BIBERIM B.V.,pyraclostrobin,0.087,10.0,5,CONFORM
5207,peterselie,86779684,Peterselie,13‐6‐2024,Turkije,BIBERIM B.V.,tebuconazool,0.68,10.0,5,CONFORM
5208,peterselie,86779684,Peterselie,13‐6‐2024,Turkije,BIBERIM B.V.,thiofanaat‐methyl,0.27,0.5,5,CONFORM
5209,peterselie,86779684,Peterselie,13‐6‐2024,Turkije,BIBERIM B.V.,trifloxystrobin,0.053,75.0,5,CONFORM
5210,peterselie,86779684,Peterselie,13‐6‐2024,Turkije,BIBERIM B.V.,Overige bestrijdingsmiddelen,,,5,CONFORM
5211,peterselie,86807491,Peterselie,16‐5‐2024,Turkije,ARBE HANDEL BV,azoxystrobin,0.85,350.0,5,CONFORM
5212,peterselie,86807491,Peterselie,16‐5‐2024,Turkije,ARBE HANDEL BV,chloorpyrifos‐ethyl,0.03,0.05,5,CONFORM
5213,peterselie,86807491,Peterselie,16‐5‐2024,Turkije,ARBE HANDEL BV,pendimethalin,0.013,10.0,5,CONFORM
5214,peterselie,86807491,Peterselie,16‐5‐2024,Turkije,ARBE HANDEL BV,Overige bestrijdingsmiddelen,,,5,CONFORM
5215,peterselie,86812002,Peterselie BANA,23‐4‐2024,Landcode onbekend,FADIE FOOD,boscalid,0.009,250.0,5,CONFORM
5216,peterselie,86812002,Peterselie BANA,23‐4‐2024,Landcode onbekend,FADIE FOOD,chloorpyrifos‐ethyl,0.017,0.05,5,CONFORM
5217,peterselie,86812002,Peterselie BANA,23‐4‐2024,Landcode onbekend,FADIE FOOD,ethofumesaat,0.009,7.5,5,CONFORM
5218,peterselie,86812002,Peterselie BANA,23‐4‐2024,Landcode onbekend,FADIE FOOD,fluopyram,0.0071,30.0,5,CONFORM
5219,peterselie,86812002,Peterselie BANA,23‐4‐2024,Landcode onbekend,FADIE FOOD,linuron,0.033,0.1,5,CONFORM
5220,peterselie,86812002,Peterselie BANA,23‐4‐2024,Landcode onbekend,FADIE FOOD,mepanipyrim,0.047,0.1,5,CONFORM
5221,peterselie,86812002,Peterselie BANA,23‐4‐2024,Landcode onbekend,FADIE FOOD,pendimethalin,0.015,10.0,5,CONFORM
5222,peterselie,86812002,Peterselie BANA,23‐4‐2024,Landcode onbekend,FADIE FOOD,Overige bestrijdingsmiddelen,,,5,CONFORM
5223,peterselie,86822784,Peterselie,3‐5‐2024,Landcode onbekend,BROEKHUYZEN HORECAGROOTHANDEL BV,aclonifen,0.11,4.0,5,CONFORM
5224,peterselie,86822784,Peterselie,3‐5‐2024,Landcode onbekend,BROEKHUYZEN HORECAGROOTHANDEL BV,azoxystrobin,1.5,350.0,5,CONFORM
5225,peterselie,86822784,Peterselie,3‐5‐2024,Landcode onbekend,BROEKHUYZEN HORECAGROOTHANDEL BV,difenoconazool,2.7,50.0,5,CONFORM
5226,peterselie,86822784,Peterselie,3‐5‐2024,Landcode onbekend,BROEKHUYZEN HORECAGROOTHANDEL BV,ethofumesaat,0.033,7.5,5,CONFORM
5227,peterselie,86822784,Peterselie,3‐5‐2024,Landcode onbekend,BROEKHUYZEN HORECAGROOTHANDEL BV,fenmedifam,0.068,35.0,5,CONFORM
5228,peterselie,86822784,Peterselie,3‐5‐2024,Landcode onbekend,BROEKHUYZEN HORECAGROOTHANDEL BV,fluxapyroxad,0.013,15.0,5,CONFORM
5229,peterselie,86822784,Peterselie,3‐5‐2024,Landcode onbekend,BROEKHUYZEN HORECAGROOTHANDEL BV,mandipropamid,1.4,150.0,5,CONFORM
5230,peterselie,86822784,Peterselie,3‐5‐2024,Landcode onbekend,BROEKHUYZEN HORECAGROOTHANDEL BV,mepanipyrim,0.043,0.1,5,CONFORM
5231,peterselie,86822784,Peterselie,3‐5‐2024,Landcode onbekend,BROEKHUYZEN HORECAGROOTHANDEL BV,pendimethalin,0.13,10.0,5,CONFORM
5232,peterselie,86822784,Peterselie,3‐5‐2024,Landcode onbekend,BROEKHUYZEN HORECAGROOTHANDEL BV,propamocarb,0.058,150.0,5,CONFORM
5233,peterselie,86822784,Peterselie,3‐5‐2024,Landcode onbekend,BROEKHUYZEN HORECAGROOTHANDEL BV,prosulfocarb,0.019,100.0,5,CONFORM
5234,peterselie,86822784,Peterselie,3‐5‐2024,Landcode onbekend,BROEKHUYZEN HORECAGROOTHANDEL BV,tebuconazool,0.029,10.0,5,CONFORM
5235,peterselie,86822784,Peterselie,3‐5‐2024,Landcode onbekend,BROEKHUYZEN HORECAGROOTHANDEL BV,Overige bestrijdingsmiddelen,,,5,CONFORM
5236,peterselie,86924404,Peterselie,22‐4‐2024,Landcode onbekend,SERHAT IMPEX VELP B.V.,anthrachinon,0.09,0.1,5,CONFORM
5237,peterselie,86924404,Peterselie,22‐4‐2024,Landcode onbekend,SERHAT IMPEX VELP B.V.,bifenyl,0.046,0.5,5,CONFORM
5238,peterselie,86924404,Peterselie,22‐4‐2024,Landcode onbekend,SERHAT IMPEX VELP B.V.,carbendazim,0.012,0.5,5,CONFORM
5239,peterselie,86924404,Peterselie,22‐4‐2024,Landcode onbekend,SERHAT IMPEX VELP B.V.,chloorpyrifos‐ethyl,0.047,0.05,5,CONFORM
5240,peterselie,86924404,Peterselie,22‐4‐2024,Landcode onbekend,SERHAT IMPEX VELP B.V.,diazinon,0.014,0.1,5,CONFORM
5241,peterselie,86924404,Peterselie,22‐4‐2024,Landcode onbekend,SERHAT IMPEX VELP B.V.,difenoconazool,0.2,50.0,5,CONFORM
5242,peterselie,86924404,Peterselie,22‐4‐2024,Landcode onbekend,SERHAT IMPEX VELP B.V.,linuron,0.006,0.1,5,CONFORM
5243,peterselie,86924404,Peterselie,22‐4‐2024,Landcode onbekend,SERHAT IMPEX VELP B.V.,metalaxyl,0.092,15.0,5,CONFORM
5244,peterselie,86924404,Peterselie,22‐4‐2024,Landcode onbekend,SERHAT IMPEX VELP B.V.,oxyfluorfen,0.027,0.1,5,CONFORM
5245,peterselie,86924404,Peterselie,22‐4‐2024,Landcode onbekend,SERHAT IMPEX VELP B.V.,penconazool,0.039,0.1,5,CONFORM
5246,peterselie,86924404,Peterselie,22‐4‐2024,Landcode onbekend,SERHAT IMPEX VELP B.V.,pendimethalin,0.15,10.0,5,CONFORM
5247,peterselie,86924404,Peterselie,22‐4‐2024,Landcode onbekend,SERHAT IMPEX VELP B.V.,profenofos,0.0097,0.15,5,CONFORM
5248,peterselie,86924404,Peterselie,22‐4‐2024,Landcode onbekend,SERHAT IMPEX VELP B.V.,propiconazool,4.5,0.1,5,NIET CONFORM
5249,peterselie,86924404,Peterselie,22‐4‐2024,Landcode onbekend,SERHAT IMPEX VELP B.V.,thiofanaat‐methyl,0.007,0.5,5,CONFORM
5250,peterselie,86924404,Peterselie,22‐4‐2024,Landcode onbekend,SERHAT IMPEX VELP B.V.,Overige bestrijdingsmiddelen,,,5,CONFORM
5251,peterselie,86924412,Peterselie,22‐4‐2024,Landcode onbekend,SERHAT IMPEX VELP B.V.,Overige bestrijdingsmiddelen,,,,CONFORM
5252,pijnboompitten,99390301,pijnboom pitten,6‐2‐2024,China,COOP MAASBREE,Overige bestrijdingsmiddelen,,,,CONFORM
5253,pijnboompitten,99401788,Pijnboompitten,24‐1‐2024,China,PLUS STURING,Overige bestrijdingsmiddelen,,,,CONFORM
5254,pijnboompitten,99402393,pijnboompitten,6‐2‐2024,Landcode onbekend,JUMBO SUPERMARKT,Overige bestrijdingsmiddelen,,,,CONFORM
5255,pijnboompitten,99635908,Biologische pijnboompitten,24‐1‐2024,Landcode onbekend,LIDL,Overige bestrijdingsmiddelen,,,,CONFORM
5256,pijnboompitten,99648651,Pijnboompitten ongeroosterd,4‐1‐2024,Landcode onbekend,JUMBO SUPERMARKT,Overige bestrijdingsmiddelen,,,,CONFORM
5257,pindas/aardnoten,86984946,pinda s,19‐11‐2024,China,ILG,Overige bestrijdingsmiddelen,,,,CONFORM
5258,pindas/aardnoten,99389427,pinda's extra groot ongezouten,9‐1‐2024,Landcode onbekend,ALBERT HEIJN XL,Overige bestrijdingsmiddelen,,,,CONFORM
5259,pindas/aardnoten,99390271,pinda's ongezouten,6‐2‐2024,Landcode onbekend,COOP MAASBREE,Overige bestrijdingsmiddelen,,,,CONFORM
5260,pindas/aardnoten,99399775,PINDA'S,17‐1‐2024,Landcode onbekend,ALDI MARKT,Overige bestrijdingsmiddelen,,,,CONFORM
5261,pindas/aardnoten,99401745,Ongezouten Pinda's PLUS,24‐1‐2024,Landcode onbekend,PLUS STURING,Overige bestrijdingsmiddelen,,,,CONFORM
5262,pindas/aardnoten,99402008,Peanuts geroosterd Unsalted,30‐1‐2024,Landcode onbekend,LIDL,Overige bestrijdingsmiddelen,,,,CONFORM
5263,pindas/aardnoten,99402377,Kingsize pinda's ongezouten,6‐2‐2024,Landcode onbekend,JUMBO SUPERMARKT,Overige bestrijdingsmiddelen,,,,CONFORM
5264,pindas/aardnoten,99414545,Alesto pinda's,16‐1‐2024,Landcode onbekend,LIDL,Overige bestrijdingsmiddelen,,,,CONFORM
5265,pindas/aardnoten,99414928,Plus pinda's,24‐1‐2024,Landcode onbekend,COOP ALMELO,Overige bestrijdingsmiddelen,,,,CONFORM
5266,pindas/aardnoten,99415363,1 de beste pinda's,30‐1‐2024,Landcode onbekend,DIRK,Overige bestrijdingsmiddelen,,,,CONFORM
5267,pindas/aardnoten,99415924,AH ongezouten pinda's extra groot,7‐2‐2024,Landcode onbekend,"ALBERT HEIJN, TJ VOSSELMAN SUPERMARKT T.H.O.D.N.",Overige bestrijdingsmiddelen,,,,CONFORM
5268,pindas/aardnoten,99420634,Trade Joe's pinda's 500gr geroosterd en gezouten,6‐2‐2024,Landcode onbekend,ALDI MARKT,Overige bestrijdingsmiddelen,,,,CONFORM
5269,pindas/aardnoten,99634529,"Pinda's extra groo,t ongezouten, gebrand",17‐1‐2024,Landcode onbekend,PLUS DE WEERD,Overige bestrijdingsmiddelen,,,,CONFORM
5270,pindas/aardnoten,99634944,Ongezouten Kingsize pinda's,31‐1‐2024,Landcode onbekend,JUMBO SUPERMARKT,Overige bestrijdingsmiddelen,,,,CONFORM
5271,pindas/aardnoten,99635711,Pinda's kingsize ongezouten,24‐1‐2024,Landcode onbekend,LIDL,Overige bestrijdingsmiddelen,,,,CONFORM
5272,pindas/aardnoten,99636149,Pinda's Gezouten,7‐2‐2024,Landcode onbekend,DIRK VAN DER BROEK,Overige bestrijdingsmiddelen,,,,CONFORM
5273,pindas/aardnoten,99642777,"Pinda's extra groot, ongezouten",3‐1‐2024,Landcode onbekend,ALBERT HEIJN,Overige bestrijdingsmiddelen,,,,CONFORM
5274,pindas/aardnoten,99643102,Peanuts roasted,11‐1‐2024,Landcode onbekend,LIDL,Overige bestrijdingsmiddelen,,,,CONFORM
5275,pindas/aardnoten,99643404,Pinda's geroosterd & ongezouten,10‐1‐2024,Landcode onbekend,ALDI MARKT,Overige bestrijdingsmiddelen,,,,CONFORM
5276,pindas/aardnoten,99648643,Ongezouten Kingsize Pinda's,4‐1‐2024,Landcode onbekend,JUMBO SUPERMARKT,Overige bestrijdingsmiddelen,,,,CONFORM
5277,pindas/aardnoten,99658916,Trader Joe's pinda's,2‐1‐2024,België,ALDI MARKT,Overige bestrijdingsmiddelen,,,,CONFORM
5278,pindas/aardnoten,99659319,Plus ongezouten pinda's 250gr,11‐1‐2024,Landcode onbekend,PLUS BRUGHUIS,Overige bestrijdingsmiddelen,,,,CONFORM
5279,pindas/aardnoten,99659858,AH gezouten pinda's 500gr,17‐1‐2024,Landcode onbekend,ALBERT HEIJN,Overige bestrijdingsmiddelen,,,,CONFORM
5280,pindas/aardnoten,99660074,Jumbo ongezouten pinda's 250gr,23‐1‐2024,Landcode onbekend,JUMBO SUPERMARKT,Overige bestrijdingsmiddelen,,,,CONFORM
5281,pistaches,86787377,Pistaches rauw,22‐1‐2024,Landcode onbekend,KOPPEJAN NOTEN B.V.,acetamiprid,0.021,0.07,,CONFORM
5282,pistaches,86787377,Pistaches rauw,22‐1‐2024,Landcode onbekend,KOPPEJAN NOTEN B.V.,buprofezin,0.02,0.01,,NIET CONFORM*
5283,pistaches,86787377,Pistaches rauw,22‐1‐2024,Landcode onbekend,KOPPEJAN NOTEN B.V.,methoxyfenozide,0.019,0.1,,CONFORM
5284,pistaches,86787377,Pistaches rauw,22‐1‐2024,Landcode onbekend,KOPPEJAN NOTEN B.V.,spirotetramat (som),0.02,0.5,,CONFORM
5285,pistaches,86787377,Pistaches rauw,22‐1‐2024,Landcode onbekend,KOPPEJAN NOTEN B.V.,Overige bestrijdingsmiddelen,,,,CONFORM
5286,pistaches,86802422,Pistachio Kernel,30‐1‐2024,Iran,TOVANO,acetamiprid,0.024,0.07,,CONFORM
5287,pistaches,86802422,Pistachio Kernel,30‐1‐2024,Iran,TOVANO,chloorpyrifos‐ethyl,0.013,0.01,,NIET CONFORM*
5288,pistaches,86802422,Pistachio Kernel,30‐1‐2024,Iran,TOVANO,clothianidin,0.065,0.01,,NIET CONFORM
5289,pistaches,86802422,Pistachio Kernel,30‐1‐2024,Iran,TOVANO,thiamethoxam,0.01,0.01,,CONFORM
5290,pistaches,86802422,Pistachio Kernel,30‐1‐2024,Iran,TOVANO,Overige bestrijdingsmiddelen,,,,CONFORM
5291,pistaches,86803585,pistachenoten ongezouten,12‐2‐2024,Landcode onbekend,DISTRIBUTIECENTRUM ALBERT HEIJN,acetamiprid,0.016,0.07,,CONFORM
5292,pistaches,86803585,pistachenoten ongezouten,12‐2‐2024,Landcode onbekend,DISTRIBUTIECENTRUM ALBERT HEIJN,methoxyfenozide,0.02,0.1,,CONFORM
5293,pistaches,86803585,pistachenoten ongezouten,12‐2‐2024,Landcode onbekend,DISTRIBUTIECENTRUM ALBERT HEIJN,Overige bestrijdingsmiddelen,,,,CONFORM
5294,pistaches,86804484,gezouten pistache noten,26‐3‐2024,Landcode onbekend,DC COOP,methoxyfenozide,0.055,0.1,,CONFORM
5295,pistaches,86804484,gezouten pistache noten,26‐3‐2024,Landcode onbekend,DC COOP,spirotetramat (som),0.021,0.5,,CONFORM
5296,pistaches,86804484,gezouten pistache noten,26‐3‐2024,Landcode onbekend,DC COOP,Overige bestrijdingsmiddelen,,,,CONFORM
5297,pistaches,86804832,pistachenoten gezouten,9‐4‐2024,Spanje,POIESZ SUPERMARKTEN SNEEK B.V.,acetamiprid,0.055,0.07,,CONFORM
5298,pistaches,86804832,pistachenoten gezouten,9‐4‐2024,Spanje,POIESZ SUPERMARKTEN SNEEK B.V.,chloorantraniliprole,0.011,0.03,,CONFORM
5299,pistaches,86804832,pistachenoten gezouten,9‐4‐2024,Spanje,POIESZ SUPERMARKTEN SNEEK B.V.,methoxyfenozide,0.041,0.1,,CONFORM
5300,pistaches,86804832,pistachenoten gezouten,9‐4‐2024,Spanje,POIESZ SUPERMARKTEN SNEEK B.V.,Overige bestrijdingsmiddelen,,,,CONFORM
5301,pistaches,86866668,pistaches,19‐3‐2024,Iran,VERHOEF PACKAGING B.V.,acetamiprid,0.038,0.07,,CONFORM
5302,pistaches,86866668,pistaches,19‐3‐2024,Iran,VERHOEF PACKAGING B.V.,clothianidin,0.075,0.01,,NIET CONFORM
5303,pistaches,86866668,pistaches,19‐3‐2024,Iran,VERHOEF PACKAGING B.V.,thiamethoxam,0.012,0.01,,NIET CONFORM*
5304,pistaches,86866668,pistaches,19‐3‐2024,Iran,VERHOEF PACKAGING B.V.,Overige bestrijdingsmiddelen,,,,CONFORM
5305,pitayas/drakenvruchten,85318683,"Pitahaya / Yossi, Count 18",12‐3‐2024,Peru,KUEHNE + NAGEL N.V.,Overige bestrijdingsmiddelen,,,,CONFORM
5306,pitayas/drakenvruchten,85347004,"Dragon Fruit, L‐0107",9‐1‐2024,Brazilië,KUEHNE + NAGEL N.V.,Overige bestrijdingsmiddelen,,,,CONFORM
5307,pitayas/drakenvruchten,86769654,Pitahaya,26‐2‐2024,Brazilië,ROVEG FRUIT B.V.,Overige bestrijdingsmiddelen,,,,CONFORM
5308,pitayas/drakenvruchten,86798891,Pitahaya RED‐RED,29‐4‐2024,Vietnam,MITROFRESH,chloorfenapyr,0.081,0.01,,NIET CONFORM
5309,pitayas/drakenvruchten,86798891,Pitahaya RED‐RED,29‐4‐2024,Vietnam,MITROFRESH,Overige bestrijdingsmiddelen,,,,CONFORM
5310,pitayas/drakenvruchten,86800691,Drachenfrucht,1‐7‐2024,Turkije,WELFRUIT ROTTERDAM,acetamiprid,0.043,0.01,,NIET CONFORM
5311,pitayas/drakenvruchten,86800691,Drachenfrucht,1‐7‐2024,Turkije,WELFRUIT ROTTERDAM,cyflumetofen,0.013,0.01,,NIET CONFORM*
5312,pitayas/drakenvruchten,86800691,Drachenfrucht,1‐7‐2024,Turkije,WELFRUIT ROTTERDAM,spirotetramat (som),0.041,0.02,,NIET CONFORM
5313,pitayas/drakenvruchten,86800691,Drachenfrucht,1‐7‐2024,Turkije,WELFRUIT ROTTERDAM,Overige bestrijdingsmiddelen,,,,CONFORM
5314,pitayas/drakenvruchten,86804778,dragon fruit. white flesh,8‐4‐2024,Vietnam,O. SMEDING EN ZOON B.V.,Overige bestrijdingsmiddelen,,,,CONFORM
5315,pitayas/drakenvruchten,86812231,Dragon fruit,29‐4‐2024,Vietnam,HENK VAN WALDERVEEN EN ZONEN B.V.,difenoconazool,0.018,0.15,,CONFORM
5316,pitayas/drakenvruchten,86812231,Dragon fruit,29‐4‐2024,Vietnam,HENK VAN WALDERVEEN EN ZONEN B.V.,Overige bestrijdingsmiddelen,,,,CONFORM
5317,pitayas/drakenvruchten,86832585,Pitayas,24‐10‐2024,Thailand,STAAY‐VAN RIJN,carbendazim,0.06,0.1,,CONFORM
5318,pitayas/drakenvruchten,86832585,Pitayas,24‐10‐2024,Thailand,STAAY‐VAN RIJN,cyhalothrin‐lambda,0.0082,0.01,,CONFORM
5319,pitayas/drakenvruchten,86832585,Pitayas,24‐10‐2024,Thailand,STAAY‐VAN RIJN,cypermethrin,0.057,0.05,,NIET CONFORM*
5320,pitayas/drakenvruchten,86832585,Pitayas,24‐10‐2024,Thailand,STAAY‐VAN RIJN,difenoconazool,0.014,0.15,,CONFORM
5321,pitayas/drakenvruchten,86832585,Pitayas,24‐10‐2024,Thailand,STAAY‐VAN RIJN,metalaxyl,0.0055,0.01,,CONFORM
5322,pitayas/drakenvruchten,86832585,Pitayas,24‐10‐2024,Thailand,STAAY‐VAN RIJN,permethrin,0.053,0.05,,NIET CONFORM*
5323,pitayas/drakenvruchten,86832585,Pitayas,24‐10‐2024,Thailand,STAAY‐VAN RIJN,pyraclostrobin,0.036,0.02,,NIET CONFORM*
5324,pitayas/drakenvruchten,86832585,Pitayas,24‐10‐2024,Thailand,STAAY‐VAN RIJN,Overige bestrijdingsmiddelen,,,,CONFORM
5325,plantaardige olie (ongeraffin),86812592,raapzaadolie tank 802,8‐5‐2024,Landcode onbekend,PIETER BON HOLDING B.V.,captan (som),0.053,0.07,,CONFORM
5326,plantaardige olie (ongeraffin),86812592,raapzaadolie tank 802,8‐5‐2024,Landcode onbekend,PIETER BON HOLDING B.V.,Overige bestrijdingsmiddelen,,,,CONFORM
5327,plantaardige olie (ongeraffin),86812606,avocadoolie tank 805,8‐5‐2024,Landcode onbekend,PIETER BON HOLDING B.V.,Overige bestrijdingsmiddelen,,,,CONFORM
5328,plantaardige olie (ongeraffin),86812614,zonnebloemolie tank 804,8‐5‐2024,Landcode onbekend,PIETER BON HOLDING B.V.,Overige bestrijdingsmiddelen,,,,CONFORM
5329,plantaardige olie (ongeraffin),86812622,zonnebloemolie tank 807,8‐5‐2024,Landcode onbekend,PIETER BON HOLDING B.V.,Overige bestrijdingsmiddelen,,,,CONFORM
5330,plantaardige olie (ongeraffin),86812649,zonnebloemolie tank 820,8‐5‐2024,Landcode onbekend,PIETER BON HOLDING B.V.,Overige bestrijdingsmiddelen,,,,CONFORM
5331,plantaardige olie (ongeraffin),86812657,zonnebloem olie bio CO‐101,8‐5‐2024,Landcode onbekend,SPECIAL REFINING COMPANY B.V.,Overige bestrijdingsmiddelen,,,,CONFORM
5332,plantaardige olie (ongeraffin),86812665,Raapzaad olie crude bio CO‐11,8‐5‐2024,Landcode onbekend,SPECIAL REFINING COMPANY B.V.,captan (som),0.046,0.07,,CONFORM
5333,plantaardige olie (ongeraffin),86812665,Raapzaad olie crude bio CO‐11,8‐5‐2024,Landcode onbekend,SPECIAL REFINING COMPANY B.V.,Overige bestrijdingsmiddelen,,,,CONFORM
5334,plantaardige olie (ongeraffin),86812673,Raapzaad olie crude bio CO‐133,8‐5‐2024,Landcode onbekend,SPECIAL REFINING COMPANY B.V.,captan (som),0.062,0.07,,CONFORM
5335,plantaardige olie (ongeraffin),86812673,Raapzaad olie crude bio CO‐133,8‐5‐2024,Landcode onbekend,SPECIAL REFINING COMPANY B.V.,Overige bestrijdingsmiddelen,,,,CONFORM
5336,plantaardige olie (ongeraffin),86812681,Palmolie CO‐103,8‐5‐2024,Landcode onbekend,SPECIAL REFINING COMPANY B.V.,Overige bestrijdingsmiddelen,,,,CONFORM
5337,plantaardige olie (ongeraffin),86812703,zonnebloem olie bio CO‐132,8‐5‐2024,Landcode onbekend,SPECIAL REFINING COMPANY B.V.,Overige bestrijdingsmiddelen,,,,CONFORM
5338,platte perziken/paraguayos,86812487,platte perziken,7‐5‐2024,Spanje,AARTSEN VENLO B.V.,cyprodinil,0.17,2.0,,CONFORM
5339,platte perziken/paraguayos,86812487,platte perziken,7‐5‐2024,Spanje,AARTSEN VENLO B.V.,fluopyram,0.0085,1.5,,CONFORM
5340,platte perziken/paraguayos,86812487,platte perziken,7‐5‐2024,Spanje,AARTSEN VENLO B.V.,trifloxystrobin,0.0093,3.0,,CONFORM
5341,platte perziken/paraguayos,86812487,platte perziken,7‐5‐2024,Spanje,AARTSEN VENLO B.V.,Overige bestrijdingsmiddelen,,,,CONFORM
5342,platte perziken/paraguayos,86823837,Flat Peach,14‐6‐2024,Spanje,AGF SIERE B.V.,spinosad,0.0061,0.6,,CONFORM
5343,platte perziken/paraguayos,86823837,Flat Peach,14‐6‐2024,Spanje,AGF SIERE B.V.,trifloxystrobin,0.0071,3.0,,CONFORM
5344,platte perziken/paraguayos,86823837,Flat Peach,14‐6‐2024,Spanje,AGF SIERE B.V.,Overige bestrijdingsmiddelen,,,,CONFORM
5345,platte perziken/paraguayos,86963094,perziken,19‐8‐2024,Spanje,FIRMA POSTUMA‐KAMPEN,acetamiprid,0.041,0.2,,CONFORM
5346,platte perziken/paraguayos,86963094,perziken,19‐8‐2024,Spanje,FIRMA POSTUMA‐KAMPEN,cyhalothrin‐lambda,0.015,0.15,,CONFORM
5347,platte perziken/paraguayos,86963094,perziken,19‐8‐2024,Spanje,FIRMA POSTUMA‐KAMPEN,deltamethrin,0.0089,0.15,,CONFORM
5348,platte perziken/paraguayos,86963094,perziken,19‐8‐2024,Spanje,FIRMA POSTUMA‐KAMPEN,difenoconazool,0.012,0.5,,CONFORM
5349,platte perziken/paraguayos,86963094,perziken,19‐8‐2024,Spanje,FIRMA POSTUMA‐KAMPEN,fludioxonil,0.17,10.0,,CONFORM
5350,platte perziken/paraguayos,86963094,perziken,19‐8‐2024,Spanje,FIRMA POSTUMA‐KAMPEN,fluopyram,0.0062,1.5,,CONFORM
5351,platte perziken/paraguayos,86963094,perziken,19‐8‐2024,Spanje,FIRMA POSTUMA‐KAMPEN,tebuconazool,0.01,0.6,,CONFORM
5352,platte perziken/paraguayos,86963094,perziken,19‐8‐2024,Spanje,FIRMA POSTUMA‐KAMPEN,Overige bestrijdingsmiddelen,,,,CONFORM
5353,platte perziken/paraguayos,99368853,Wilde perzik Flatstar 1KG,30‐7‐2024,Spanje,LIDL,deltamethrin,0.064,0.15,,CONFORM
5354,platte perziken/paraguayos,99368853,Wilde perzik Flatstar 1KG,30‐7‐2024,Spanje,LIDL,tebuconazool,0.1,0.6,,CONFORM
5355,platte perziken/paraguayos,99368853,Wilde perzik Flatstar 1KG,30‐7‐2024,Spanje,LIDL,trifloxystrobin,0.0053,3.0,,CONFORM
5356,platte perziken/paraguayos,99368853,Wilde perzik Flatstar 1KG,30‐7‐2024,Spanje,LIDL,Overige bestrijdingsmiddelen,,,,CONFORM
5357,platte perziken/paraguayos,99396075,Wilde perziken,9‐7‐2024,Spanje,MCD OCHTEN,deltamethrin,0.0086,0.15,,CONFORM
5358,platte perziken/paraguayos,99396075,Wilde perziken,9‐7‐2024,Spanje,MCD OCHTEN,tebuconazool,0.01,0.6,,CONFORM
5359,platte perziken/paraguayos,99396075,Wilde perziken,9‐7‐2024,Spanje,MCD OCHTEN,Overige bestrijdingsmiddelen,,,,CONFORM
5360,platte perziken/paraguayos,99434791,"Wilde perziken, Klasse I, Sort 67‐73 mm",3‐7‐2024,Spanje,ALBERT HEIJN,acetamiprid,0.024,0.2,,CONFORM
5361,platte perziken/paraguayos,99434791,"Wilde perziken, Klasse I, Sort 67‐73 mm",3‐7‐2024,Spanje,ALBERT HEIJN,captan (som),0.065,6.0,,CONFORM
5362,platte perziken/paraguayos,99434791,"Wilde perziken, Klasse I, Sort 67‐73 mm",3‐7‐2024,Spanje,ALBERT HEIJN,deltamethrin,0.011,0.15,,CONFORM
5363,platte perziken/paraguayos,99434791,"Wilde perziken, Klasse I, Sort 67‐73 mm",3‐7‐2024,Spanje,ALBERT HEIJN,pyrimethanil,0.02,10.0,,CONFORM
5364,platte perziken/paraguayos,99434791,"Wilde perziken, Klasse I, Sort 67‐73 mm",3‐7‐2024,Spanje,ALBERT HEIJN,Overige bestrijdingsmiddelen,,,,CONFORM
5365,platte perziken/paraguayos,99435674,"Wilde perziken, Maat AA",12‐8‐2024,Spanje,ALDI MARKT,deltamethrin,0.044,0.15,,CONFORM
5366,platte perziken/paraguayos,99435674,"Wilde perziken, Maat AA",12‐8‐2024,Spanje,ALDI MARKT,Overige bestrijdingsmiddelen,,,,CONFORM
5367,platte perziken/paraguayos,99439343,"Perziken Wild, Variëteit: Samantha",18‐6‐2024,Spanje,O. SMEDING EN ZOON B.V.,deltamethrin,0.012,0.15,,CONFORM
5368,platte perziken/paraguayos,99439343,"Perziken Wild, Variëteit: Samantha",18‐6‐2024,Spanje,O. SMEDING EN ZOON B.V.,fludioxonil,2.4,10.0,,CONFORM
5369,platte perziken/paraguayos,99439343,"Perziken Wild, Variëteit: Samantha",18‐6‐2024,Spanje,O. SMEDING EN ZOON B.V.,fluxapyroxad,0.0056,1.5,,CONFORM
5370,platte perziken/paraguayos,99439343,"Perziken Wild, Variëteit: Samantha",18‐6‐2024,Spanje,O. SMEDING EN ZOON B.V.,Overige bestrijdingsmiddelen,,,,CONFORM
5371,pompoenen,86758849,Fles pompoen,8‐4‐2024,Brazilië,QUALITY PRODUCE INTERNATIONAL (QPI),Overige bestrijdingsmiddelen,,,,CONFORM
5372,pompoenen,86801477,Buttemut organic,19‐8‐2024,Argentinië,BIOTROPIC B.V.,Overige bestrijdingsmiddelen,,,,CONFORM
5373,pompoenen,86804069,BIO. Flespompoenen.,6‐3‐2024,Nederland,CRISP B.V.,Overige bestrijdingsmiddelen,,,,CONFORM
5374,pompoenen,86809222,flespompoen,21‐5‐2024,Brazilië,GROOTHANDEL GROENTE EN FRUIT S.C. VAN RAVENSWAAIJ,cyhalothrin‐lambda,0.011,0.06,,CONFORM
5375,pompoenen,86809222,flespompoen,21‐5‐2024,Brazilië,GROOTHANDEL GROENTE EN FRUIT S.C. VAN RAVENSWAAIJ,Overige bestrijdingsmiddelen,,,,CONFORM
5376,pompoenen,86822229,Butternut pompoen,24‐4‐2024,Landcode onbekend,THE GREENERY B.V.,Overige bestrijdingsmiddelen,,,,CONFORM
5377,pompoenen,86831899,flespompoen,16‐10‐2024,Portugal,NAKI GROOTHANDEL B.V,fluopyram,0.0091,0.4,,CONFORM
5378,pompoenen,86831899,flespompoen,16‐10‐2024,Portugal,NAKI GROOTHANDEL B.V,Overige bestrijdingsmiddelen,,,,CONFORM
5379,pompoenen,86849712,Butternut Squash,26‐8‐2024,Spanje,THE GREENERY B.V.,Overige bestrijdingsmiddelen,,,,CONFORM
5380,pompoenen,86867419,flespompoenen,8‐4‐2024,Zuid Afrika,HESSING GREENPOORT,Overige bestrijdingsmiddelen,,,,CONFORM
5381,pompoenen,86894882,Flespompoen,3‐9‐2024,Nederland,HESSING GREENPOORT,azoxystrobin,0.016,1.0,,CONFORM
5382,pompoenen,86894882,Flespompoen,3‐9‐2024,Nederland,HESSING GREENPOORT,boscalid,0.0099,3.0,,CONFORM
5383,pompoenen,86894882,Flespompoen,3‐9‐2024,Nederland,HESSING GREENPOORT,Overige bestrijdingsmiddelen,,,,CONFORM
5384,pompoenen,99470968,Hokkaido pompoen,28‐11‐2024,Nederland,LANDWINKEL OL DIEK,Overige bestrijdingsmiddelen,,,,CONFORM
5385,pompoenpit,99634936,Pompoenpitten,31‐1‐2024,Landcode onbekend,JUMBO SUPERMARKT,Overige bestrijdingsmiddelen,,,,CONFORM
5386,pompoenpit,99643552,Pompoenpitten,10‐1‐2024,Landcode onbekend,ALDI MARKT,pyraclostrobin,0.023,0.02,,NIET CONFORM*
5387,pompoenpit,99643552,Pompoenpitten,10‐1‐2024,Landcode onbekend,ALDI MARKT,Overige bestrijdingsmiddelen,,,,CONFORM
5388,pompoenpit,99645393,POMPOEN PITTEN,16‐1‐2024,Landcode onbekend,ALDI MARKT,pyraclostrobin,0.026,0.02,,NIET CONFORM*
5389,pompoenpit,99645393,POMPOEN PITTEN,16‐1‐2024,Landcode onbekend,ALDI MARKT,Overige bestrijdingsmiddelen,,,,CONFORM
5390,prachtframbozen,86924099,frambozen,25‐3‐2024,Marokko,DIEPVRIES ZEVENAAR B.V.,difenoconazool,0.028,0.1,,CONFORM
5391,prachtframbozen,86924099,frambozen,25‐3‐2024,Marokko,DIEPVRIES ZEVENAAR B.V.,fenhexamid,0.04,15.0,,CONFORM
5392,prachtframbozen,86924099,frambozen,25‐3‐2024,Marokko,DIEPVRIES ZEVENAAR B.V.,Overige bestrijdingsmiddelen,,,,CONFORM
5393,preien,86797364,Prei,26‐3‐2024,Nederland,VAN GELDER RIDDERKERK B.V.,Overige bestrijdingsmiddelen,,,,CONFORM
5394,preien,86804719,prei,8‐4‐2024,Nederland,O. SMEDING EN ZOON B.V.,ametoctradin,0.0079,5.0,,CONFORM
5395,preien,86804719,prei,8‐4‐2024,Nederland,O. SMEDING EN ZOON B.V.,fluopicolide,0.0088,1.5,,CONFORM
5396,preien,86804719,prei,8‐4‐2024,Nederland,O. SMEDING EN ZOON B.V.,fluopyram,0.013,0.8,,CONFORM
5397,preien,86804719,prei,8‐4‐2024,Nederland,O. SMEDING EN ZOON B.V.,Overige bestrijdingsmiddelen,,,,CONFORM
5398,preien,86805103,Prei. planet proof,22‐4‐2024,Landcode onbekend,PLUKON CONVENIENCE DRONTEN B.V.,Overige bestrijdingsmiddelen,,,,CONFORM
5399,preien,86909677,Prei,16‐1‐2024,Nederland,FIRMA POSTUMA‐KAMPEN,Overige bestrijdingsmiddelen,,,,CONFORM
5400,preien,86985349,prei,26‐11‐2024,Nederland,P. SEELEN GRUBBENVORST B.V.,ametoctradin,0.023,5.0,,CONFORM
5401,preien,86985349,prei,26‐11‐2024,Nederland,P. SEELEN GRUBBENVORST B.V.,deltamethrin,0.0086,0.3,,CONFORM
5402,preien,86985349,prei,26‐11‐2024,Nederland,P. SEELEN GRUBBENVORST B.V.,fluopicolide,0.036,1.5,,CONFORM
5403,preien,86985349,prei,26‐11‐2024,Nederland,P. SEELEN GRUBBENVORST B.V.,fluopyram,0.012,0.8,,CONFORM
5404,preien,86985349,prei,26‐11‐2024,Nederland,P. SEELEN GRUBBENVORST B.V.,propamocarb,0.42,20.0,,CONFORM
5405,preien,86985349,prei,26‐11‐2024,Nederland,P. SEELEN GRUBBENVORST B.V.,tebuconazool,0.0061,0.6,,CONFORM
5406,preien,86985349,prei,26‐11‐2024,Nederland,P. SEELEN GRUBBENVORST B.V.,Overige bestrijdingsmiddelen,,,,CONFORM
5407,preien,86997541,prei,30‐9‐2024,Nederland,O. SMEDING EN ZOON B.V.,ametoctradin,0.095,5.0,,CONFORM
5408,preien,86997541,prei,30‐9‐2024,Nederland,O. SMEDING EN ZOON B.V.,difenoconazool,0.0093,0.6,,CONFORM
5409,preien,86997541,prei,30‐9‐2024,Nederland,O. SMEDING EN ZOON B.V.,dimethomorf,0.01,1.5,,CONFORM
5410,preien,86997541,prei,30‐9‐2024,Nederland,O. SMEDING EN ZOON B.V.,fluopyram,0.0091,0.8,,CONFORM
5411,preien,86997541,prei,30‐9‐2024,Nederland,O. SMEDING EN ZOON B.V.,fluxapyroxad,0.0075,0.7,,CONFORM
5412,preien,86997541,prei,30‐9‐2024,Nederland,O. SMEDING EN ZOON B.V.,pendimethalin,0.0065,0.3,,CONFORM
5413,preien,86997541,prei,30‐9‐2024,Nederland,O. SMEDING EN ZOON B.V.,propamocarb,0.0053,20.0,,CONFORM
5414,preien,86997541,prei,30‐9‐2024,Nederland,O. SMEDING EN ZOON B.V.,pyridaat (som),0.031,1.0,,CONFORM
5415,preien,86997541,prei,30‐9‐2024,Nederland,O. SMEDING EN ZOON B.V.,spinosad,0.076,0.2,,CONFORM
5416,preien,86997541,prei,30‐9‐2024,Nederland,O. SMEDING EN ZOON B.V.,tebuconazool,0.022,0.6,,CONFORM
5417,preien,86997541,prei,30‐9‐2024,Nederland,O. SMEDING EN ZOON B.V.,trifloxystrobin,0.072,0.7,,CONFORM
5418,preien,86997541,prei,30‐9‐2024,Nederland,O. SMEDING EN ZOON B.V.,Overige bestrijdingsmiddelen,,,,CONFORM
5419,preien,99181664,Prei,19‐9‐2024,Nederland,GROENTE & FRUUIT VAN DEN VEN,fluopicolide,0.015,1.5,,CONFORM
5420,preien,99181664,Prei,19‐9‐2024,Nederland,GROENTE & FRUUIT VAN DEN VEN,fluopyram,0.0077,0.8,,CONFORM
5421,preien,99181664,Prei,19‐9‐2024,Nederland,GROENTE & FRUUIT VAN DEN VEN,propamocarb,0.13,20.0,,CONFORM
5422,preien,99181664,Prei,19‐9‐2024,Nederland,GROENTE & FRUUIT VAN DEN VEN,trifloxystrobin,0.0072,0.7,,CONFORM
5423,preien,99181664,Prei,19‐9‐2024,Nederland,GROENTE & FRUUIT VAN DEN VEN,Overige bestrijdingsmiddelen,,,,CONFORM
5424,preien,99437138,"Prei, Class I",3‐9‐2024,Nederland,DE FRAMBOZENBOERDERIJ,chloorfenvinfos,0.0054,0.01,,CONFORM
5425,preien,99437138,"Prei, Class I",3‐9‐2024,Nederland,DE FRAMBOZENBOERDERIJ,Overige bestrijdingsmiddelen,,,,CONFORM
5426,preien,99437804,Prei,9‐9‐2024,Nederland,GROENTE‐EN FRUITSHOP JAN FIDDER,Overige bestrijdingsmiddelen,,,,CONFORM
5427,preien,99441666,prei,20‐8‐2024,Nederland,ÖZEN FOOD MARKET,fluopyram,0.008,0.8,,CONFORM
5428,preien,99441666,prei,20‐8‐2024,Nederland,ÖZEN FOOD MARKET,spinosad,0.0062,0.2,,CONFORM
5429,preien,99441666,prei,20‐8‐2024,Nederland,ÖZEN FOOD MARKET,Overige bestrijdingsmiddelen,,,,CONFORM
5430,preien,99447443,prei,27‐8‐2024,Nederland,OZ BAKTAT,spinosad,0.0076,0.2,,CONFORM
5431,preien,99447443,prei,27‐8‐2024,Nederland,OZ BAKTAT,Overige bestrijdingsmiddelen,,,,CONFORM
5432,preien,99447834,prei,3‐9‐2024,Nederland,WELKOM SUPERMARKT,fluopyram,0.0052,0.8,,CONFORM
5433,preien,99447834,prei,3‐9‐2024,Nederland,WELKOM SUPERMARKT,Overige bestrijdingsmiddelen,,,,CONFORM
5434,preien,99451777,PREI,9‐9‐2024,Nederland,DE GOUDREINET,azoxystrobin,0.01,10.0,,CONFORM
5435,preien,99451777,PREI,9‐9‐2024,Nederland,DE GOUDREINET,difenoconazool,0.014,0.6,,CONFORM
5436,preien,99451777,PREI,9‐9‐2024,Nederland,DE GOUDREINET,fluopicolide,0.011,1.5,,CONFORM
5437,preien,99451777,PREI,9‐9‐2024,Nederland,DE GOUDREINET,fluopyram,0.01,0.8,,CONFORM
5438,preien,99451777,PREI,9‐9‐2024,Nederland,DE GOUDREINET,propamocarb,0.07,20.0,,CONFORM
5439,preien,99451777,PREI,9‐9‐2024,Nederland,DE GOUDREINET,Overige bestrijdingsmiddelen,,,,CONFORM
5440,pruimen,86800713,Plum,1‐7‐2024,Spanje,WELFRUIT ROTTERDAM,Overige bestrijdingsmiddelen,,,,CONFORM
5441,pruimen,86808803,Pruimen,30‐9‐2024,Spanje,IBRAHIM GROENTE GROOTHANDEL B.V.,boscalid,0.0095,3.0,,CONFORM
5442,pruimen,86808803,Pruimen,30‐9‐2024,Spanje,IBRAHIM GROENTE GROOTHANDEL B.V.,tebuconazool,0.016,1.0,,CONFORM
5443,pruimen,86808803,Pruimen,30‐9‐2024,Spanje,IBRAHIM GROENTE GROOTHANDEL B.V.,trifloxystrobin,0.0063,3.0,,CONFORM
5444,pruimen,86808803,Pruimen,30‐9‐2024,Spanje,IBRAHIM GROENTE GROOTHANDEL B.V.,Overige bestrijdingsmiddelen,,,,CONFORM
5445,pruimen,86814439,pruimen,19‐2‐2024,Zuid Afrika,DEKAMARKT LOGISTIEK B.V. (VERSCENTRALE),fludioxonil,1.2,5.0,,CONFORM
5446,pruimen,86814439,pruimen,19‐2‐2024,Zuid Afrika,DEKAMARKT LOGISTIEK B.V. (VERSCENTRALE),Overige bestrijdingsmiddelen,,,,CONFORM
5447,pruimen,86831872,pruimen,16‐10‐2024,Spanje,NAKI GROOTHANDEL B.V,tebuconazool,0.019,1.0,,CONFORM
5448,pruimen,86831872,pruimen,16‐10‐2024,Spanje,NAKI GROOTHANDEL B.V,Overige bestrijdingsmiddelen,,,,CONFORM
5449,pruimen,86894645,Pruimen,27‐8‐2024,Italië,AARTSEN VENLO B.V.,chloorantraniliprole,0.0054,1.0,,CONFORM
5450,pruimen,86894645,Pruimen,27‐8‐2024,Italië,AARTSEN VENLO B.V.,fludioxonil,0.05,5.0,,CONFORM
5451,pruimen,86894645,Pruimen,27‐8‐2024,Italië,AARTSEN VENLO B.V.,tebuconazool,0.0051,1.0,,CONFORM
5452,pruimen,86894645,Pruimen,27‐8‐2024,Italië,AARTSEN VENLO B.V.,Overige bestrijdingsmiddelen,,,,CONFORM
5453,pruimen,86961806,pruimen,16‐10‐2024,Frankrijk,K. V.D. SPIJK EN ZN IJSSELMUIDEN B.V.,boscalid,0.005,3.0,,CONFORM
5454,pruimen,86961806,pruimen,16‐10‐2024,Frankrijk,K. V.D. SPIJK EN ZN IJSSELMUIDEN B.V.,cyprodinil,0.0072,2.0,,CONFORM
5455,pruimen,86961806,pruimen,16‐10‐2024,Frankrijk,K. V.D. SPIJK EN ZN IJSSELMUIDEN B.V.,fludioxonil,0.0086,5.0,,CONFORM
5456,pruimen,86961806,pruimen,16‐10‐2024,Frankrijk,K. V.D. SPIJK EN ZN IJSSELMUIDEN B.V.,Overige bestrijdingsmiddelen,,,,CONFORM
5457,pruimen,86985365,pruimen,26‐11‐2024,Turkije,FRESH EN CASH GROENTE‐EN FRUITMARKTEN B.V.,boscalid,0.0081,3.0,,CONFORM
5458,pruimen,86985365,pruimen,26‐11‐2024,Turkije,FRESH EN CASH GROENTE‐EN FRUITMARKTEN B.V.,cyprodinil,0.016,2.0,,CONFORM
5459,pruimen,86985365,pruimen,26‐11‐2024,Turkije,FRESH EN CASH GROENTE‐EN FRUITMARKTEN B.V.,fluopyram,0.0094,0.6,,CONFORM
5460,pruimen,86985365,pruimen,26‐11‐2024,Turkije,FRESH EN CASH GROENTE‐EN FRUITMARKTEN B.V.,pyrimethanil,0.11,2.0,,CONFORM
5461,pruimen,86985365,pruimen,26‐11‐2024,Turkije,FRESH EN CASH GROENTE‐EN FRUITMARKTEN B.V.,Overige bestrijdingsmiddelen,,,,CONFORM
5462,pruimen,99415193,1 de Beste pruimen,30‐1‐2024,Landcode onbekend,DIRK,azoxystrobin,0.011,7.0,"3,5",CONFORM
5463,pruimen,99415193,1 de Beste pruimen,30‐1‐2024,Landcode onbekend,DIRK,spirodiclofen,0.0068,7.0,"3,5",CONFORM
5464,pruimen,99415193,1 de Beste pruimen,30‐1‐2024,Landcode onbekend,DIRK,tebuconazool,0.018,3.5,"3,5",CONFORM
5465,pruimen,99415193,1 de Beste pruimen,30‐1‐2024,Landcode onbekend,DIRK,Overige bestrijdingsmiddelen,,,"3,5",CONFORM
5466,pruimen,99427973,jubileum pruimen,14‐8‐2024,Nederland,BOERDERIJWINKEL SCHAEPKENS,boscalid,0.032,3.0,,CONFORM
5467,pruimen,99427973,jubileum pruimen,14‐8‐2024,Nederland,BOERDERIJWINKEL SCHAEPKENS,chloorantraniliprole,0.0095,1.0,,CONFORM
5468,pruimen,99427973,jubileum pruimen,14‐8‐2024,Nederland,BOERDERIJWINKEL SCHAEPKENS,Overige bestrijdingsmiddelen,,,,CONFORM
5469,pruimen,99636173,Gedroogde Pruimen,7‐2‐2024,Landcode onbekend,DIRK VAN DER BROEK,azoxystrobin,0.012,7.0,"3,5",CONFORM
5470,pruimen,99636173,Gedroogde Pruimen,7‐2‐2024,Landcode onbekend,DIRK VAN DER BROEK,spirodiclofen,0.012,7.0,"3,5",CONFORM
5471,pruimen,99636173,Gedroogde Pruimen,7‐2‐2024,Landcode onbekend,DIRK VAN DER BROEK,tebuconazool,0.036,3.5,"3,5",CONFORM
5472,pruimen,99636173,Gedroogde Pruimen,7‐2‐2024,Landcode onbekend,DIRK VAN DER BROEK,Overige bestrijdingsmiddelen,,,"3,5",CONFORM
5473,pruimen,99659211,Plus pruimen zonder pit 250gr,10‐1‐2024,Landcode onbekend,PLUS LEUSINK,tebuconazool,0.11,3.5,"3,5",CONFORM
5474,pruimen,99659211,Plus pruimen zonder pit 250gr,10‐1‐2024,Landcode onbekend,PLUS LEUSINK,Overige bestrijdingsmiddelen,,,"3,5",CONFORM
5475,raapzaad,86798956,Crude Rapeseed Oil,30‐4‐2024,Landcode onbekend,AAK MAAS REFINERY BV,fluopyram,0.015,1.0,,CONFORM
5476,raapzaad,86798956,Crude Rapeseed Oil,30‐4‐2024,Landcode onbekend,AAK MAAS REFINERY BV,pirimifos‐methyl,0.033,0.5,,CONFORM
5477,raapzaad,86798956,Crude Rapeseed Oil,30‐4‐2024,Landcode onbekend,AAK MAAS REFINERY BV,Overige bestrijdingsmiddelen,,,,CONFORM
5478,rabarber,86794322,Rabarber,4‐6‐2024,Nederland,POIESZ SUPERMARKTEN SNEEK B.V.,thiabendazool,0.0073,0.01,,CONFORM
5479,rabarber,86794322,Rabarber,4‐6‐2024,Nederland,POIESZ SUPERMARKTEN SNEEK B.V.,Overige bestrijdingsmiddelen,,,,CONFORM
5480,radicchio/rode sla,86995956,radicchio rosso,11‐3‐2024,Landcode onbekend,KONINKLIJKE VEZET B.V.,propamocarb,0.01,20.0,,CONFORM
5481,radicchio/rode sla,86995956,radicchio rosso,11‐3‐2024,Landcode onbekend,KONINKLIJKE VEZET B.V.,Overige bestrijdingsmiddelen,,,,CONFORM
5482,radijzen,86850737,Radijs,10‐10‐2024,Nederland,LIDL,propamocarb,0.067,3.0,,CONFORM
5483,radijzen,86850737,Radijs,10‐10‐2024,Nederland,LIDL,Overige bestrijdingsmiddelen,,,,CONFORM
5484,radijzen,86895072,Radijzen,13‐9‐2024,Nederland,SCHERPENHUIZEN B.V.,Overige bestrijdingsmiddelen,,,,CONFORM
5485,raketsla/rucola,86804727,rucola,8‐4‐2024,Italië,O. SMEDING EN ZOON B.V.,acetamiprid,0.084,3.0,,CONFORM
5486,raketsla/rucola,86804727,rucola,8‐4‐2024,Italië,O. SMEDING EN ZOON B.V.,chloorantraniliprole,0.49,20.0,,CONFORM
5487,raketsla/rucola,86804727,rucola,8‐4‐2024,Italië,O. SMEDING EN ZOON B.V.,deltamethrin,0.095,2.0,,CONFORM
5488,raketsla/rucola,86804727,rucola,8‐4‐2024,Italië,O. SMEDING EN ZOON B.V.,Overige bestrijdingsmiddelen,,,,CONFORM
5489,raketsla/rucola,86805081,sla Rucola. planet proof,22‐4‐2024,Landcode onbekend,PLUKON CONVENIENCE DRONTEN B.V.,fludioxonil,0.0057,20.0,,CONFORM
5490,raketsla/rucola,86805081,sla Rucola. planet proof,22‐4‐2024,Landcode onbekend,PLUKON CONVENIENCE DRONTEN B.V.,metalaxyl,0.4,3.0,,CONFORM
5491,raketsla/rucola,86805081,sla Rucola. planet proof,22‐4‐2024,Landcode onbekend,PLUKON CONVENIENCE DRONTEN B.V.,Overige bestrijdingsmiddelen,,,,CONFORM
5492,raketsla/rucola,86961075,rucola,7‐10‐2024,Italië,JUMBO DISTRIBUTIECENTRUM,acetamiprid,0.022,3.0,,CONFORM
5493,raketsla/rucola,86961075,rucola,7‐10‐2024,Italië,JUMBO DISTRIBUTIECENTRUM,mandipropamid,0.34,25.0,,CONFORM
5494,raketsla/rucola,86961075,rucola,7‐10‐2024,Italië,JUMBO DISTRIBUTIECENTRUM,spirotetramat (som),0.031,7.0,,CONFORM
5495,raketsla/rucola,86961075,rucola,7‐10‐2024,Italië,JUMBO DISTRIBUTIECENTRUM,Overige bestrijdingsmiddelen,,,,CONFORM
5496,raketsla/rucola,86996189,rucola babyleaf,13‐3‐2024,Italië,HESSING ZWAAGDIJK B.V.,Overige bestrijdingsmiddelen,,,,CONFORM
5497,ramboetans,86769751,Rambutan,26‐2‐2024,Indonesië,ROVEG FRUIT B.V.,Overige bestrijdingsmiddelen,,,,CONFORM
5498,rijst,86794497,puffed rice.,10‐6‐2024,India,ASIJAH EUROPE,hexaconazool,0.0076,0.01,,CONFORM
5499,rijst,86794497,puffed rice.,10‐6‐2024,India,ASIJAH EUROPE,propiconazool,0.021,0.01,,NIET CONFORM
5500,rijst,86794497,puffed rice.,10‐6‐2024,India,ASIJAH EUROPE,tricyclazool,0.071,0.01,,NIET CONFORM
5501,rijst,86794497,puffed rice.,10‐6‐2024,India,ASIJAH EUROPE,Overige bestrijdingsmiddelen,,,,CONFORM
5502,rijst,86794535,roasted white rice flour,10‐6‐2024,India,ASIJAH EUROPE,Overige bestrijdingsmiddelen,,,,CONFORM
5503,rijst,86799618,Glutinous Rice,4‐6‐2024,Laos,LIROY B.V.,Overige bestrijdingsmiddelen,,,,CONFORM
5504,rijst,86799634,Premium Sushi Rice,4‐6‐2024,Italië,LIROY B.V.,azoxystrobin,0.0058,5.0,,CONFORM
5505,rijst,86799634,Premium Sushi Rice,4‐6‐2024,Italië,LIROY B.V.,Overige bestrijdingsmiddelen,,,,CONFORM
5506,rijst,86799669,Perfume Jasmine Rice,4‐6‐2024,Cambodja,LIROY B.V.,Overige bestrijdingsmiddelen,,,,CONFORM
5507,rijst,86799685,Koshihikari Rice,5‐6‐2024,Japan,ATARIYA FOODS NETHERLANDS B.V.,Overige bestrijdingsmiddelen,,,,CONFORM
5508,rijst,86799707,Toyama‐Ken San Milky Queen Rice,5‐6‐2024,Japan,ATARIYA FOODS NETHERLANDS B.V.,Overige bestrijdingsmiddelen,,,,CONFORM
5509,rijst,86799723,Yamagata‐Ken San Rice,5‐6‐2024,Japan,ATARIYA FOODS NETHERLANDS B.V.,dinotefuran,0.14,8.0,,CONFORM
5510,rijst,86799723,Yamagata‐Ken San Rice,5‐6‐2024,Japan,ATARIYA FOODS NETHERLANDS B.V.,tricyclazool,0.017,0.01,,NIET CONFORM*
5511,rijst,86799723,Yamagata‐Ken San Rice,5‐6‐2024,Japan,ATARIYA FOODS NETHERLANDS B.V.,Overige bestrijdingsmiddelen,,,,CONFORM
5512,rijst,86799758,Hokkaido‐San Yumepirika Rice,5‐6‐2024,Japan,ATARIYA FOODS NETHERLANDS B.V.,dinotefuran,0.095,8.0,,CONFORM
5513,rijst,86799758,Hokkaido‐San Yumepirika Rice,5‐6‐2024,Japan,ATARIYA FOODS NETHERLANDS B.V.,Overige bestrijdingsmiddelen,,,,CONFORM
5514,rijst,86799766,Toyoma‐Ken San Koshihikari Rice,5‐6‐2024,Japan,ATARIYA FOODS NETHERLANDS B.V.,dinotefuran,0.01,8.0,,CONFORM
5515,rijst,86799766,Toyoma‐Ken San Koshihikari Rice,5‐6‐2024,Japan,ATARIYA FOODS NETHERLANDS B.V.,flutolanil,0.0055,2.0,,CONFORM
5516,rijst,86799766,Toyoma‐Ken San Koshihikari Rice,5‐6‐2024,Japan,ATARIYA FOODS NETHERLANDS B.V.,Overige bestrijdingsmiddelen,,,,CONFORM
5517,rijst,86823217,Indiase Basmatirijst,23‐5‐2024,Landcode onbekend,CHAN'S B.V.,tebuconazool,0.0066,1.5,,CONFORM
5518,rijst,86823217,Indiase Basmatirijst,23‐5‐2024,Landcode onbekend,CHAN'S B.V.,Overige bestrijdingsmiddelen,,,,CONFORM
5519,rijst,86823578,Basmati rice,5‐6‐2024,Landcode onbekend,ALBA FOOD TRADING B.V.,cyhalothrin‐lambda,0.0077,0.2,,CONFORM
5520,rijst,86823578,Basmati rice,5‐6‐2024,Landcode onbekend,ALBA FOOD TRADING B.V.,thiamethoxam,0.0058,0.01,,CONFORM
5521,rijst,86823578,Basmati rice,5‐6‐2024,Landcode onbekend,ALBA FOOD TRADING B.V.,Overige bestrijdingsmiddelen,,,,CONFORM
5522,rijst,86823586,Basmati rice,5‐6‐2024,Landcode onbekend,ALBA FOOD TRADING B.V.,isoprothiolane,0.063,6.0,,CONFORM
5523,rijst,86823586,Basmati rice,5‐6‐2024,Landcode onbekend,ALBA FOOD TRADING B.V.,tebuconazool,0.011,1.5,,CONFORM
5524,rijst,86823586,Basmati rice,5‐6‐2024,Landcode onbekend,ALBA FOOD TRADING B.V.,thiamethoxam,0.0076,0.01,,CONFORM
5525,rijst,86823586,Basmati rice,5‐6‐2024,Landcode onbekend,ALBA FOOD TRADING B.V.,tricyclazool,0.015,0.01,,NIET CONFORM*
5526,rijst,86823586,Basmati rice,5‐6‐2024,Landcode onbekend,ALBA FOOD TRADING B.V.,Overige bestrijdingsmiddelen,,,,CONFORM
5527,rijst,86823624,Basmati rice,5‐6‐2024,Landcode onbekend,ALBA FOOD TRADING B.V.,isoprothiolane,0.14,6.0,,CONFORM
5528,rijst,86823624,Basmati rice,5‐6‐2024,Landcode onbekend,ALBA FOOD TRADING B.V.,tebuconazool,0.015,1.5,,CONFORM
5529,rijst,86823624,Basmati rice,5‐6‐2024,Landcode onbekend,ALBA FOOD TRADING B.V.,tricyclazool,0.0055,0.01,,CONFORM
5530,rijst,86823624,Basmati rice,5‐6‐2024,Landcode onbekend,ALBA FOOD TRADING B.V.,Overige bestrijdingsmiddelen,,,,CONFORM
5531,rijst,86823632,Basmati rice,5‐6‐2024,Landcode onbekend,ALBA FOOD TRADING B.V.,clothianidin,0.0054,0.5,,CONFORM
5532,rijst,86823632,Basmati rice,5‐6‐2024,Landcode onbekend,ALBA FOOD TRADING B.V.,imidacloprid,0.018,0.01,,NIET CONFORM*
5533,rijst,86823632,Basmati rice,5‐6‐2024,Landcode onbekend,ALBA FOOD TRADING B.V.,isoprothiolane,0.018,6.0,,CONFORM
5534,rijst,86823632,Basmati rice,5‐6‐2024,Landcode onbekend,ALBA FOOD TRADING B.V.,tebuconazool,0.014,1.5,,CONFORM
5535,rijst,86823632,Basmati rice,5‐6‐2024,Landcode onbekend,ALBA FOOD TRADING B.V.,thiamethoxam,0.043,0.01,,NIET CONFORM
5536,rijst,86823632,Basmati rice,5‐6‐2024,Landcode onbekend,ALBA FOOD TRADING B.V.,tricyclazool,0.14,0.01,,NIET CONFORM
5537,rijst,86823632,Basmati rice,5‐6‐2024,Landcode onbekend,ALBA FOOD TRADING B.V.,Overige bestrijdingsmiddelen,,,,CONFORM
5538,rijst,86868156,brown basmati,3‐6‐2024,Landcode onbekend,KAI TAK COMPANY B.V. (ORIENTAL MERCHANT),azoxystrobin,0.018,5.0,,CONFORM
5539,rijst,86868156,brown basmati,3‐6‐2024,Landcode onbekend,KAI TAK COMPANY B.V. (ORIENTAL MERCHANT),chloorpyrifos‐ethyl,0.0071,0.01,,CONFORM
5540,rijst,86868156,brown basmati,3‐6‐2024,Landcode onbekend,KAI TAK COMPANY B.V. (ORIENTAL MERCHANT),difenoconazool,0.0071,3.0,,CONFORM
5541,rijst,86868156,brown basmati,3‐6‐2024,Landcode onbekend,KAI TAK COMPANY B.V. (ORIENTAL MERCHANT),dinotefuran,0.0071,8.0,,CONFORM
5542,rijst,86868156,brown basmati,3‐6‐2024,Landcode onbekend,KAI TAK COMPANY B.V. (ORIENTAL MERCHANT),isoprothiolane,0.87,6.0,,CONFORM
5543,rijst,86868156,brown basmati,3‐6‐2024,Landcode onbekend,KAI TAK COMPANY B.V. (ORIENTAL MERCHANT),tebuconazool,0.057,1.5,,CONFORM
5544,rijst,86868156,brown basmati,3‐6‐2024,Landcode onbekend,KAI TAK COMPANY B.V. (ORIENTAL MERCHANT),tricyclazool,0.01,0.01,,CONFORM
5545,rijst,86868156,brown basmati,3‐6‐2024,Landcode onbekend,KAI TAK COMPANY B.V. (ORIENTAL MERCHANT),Overige bestrijdingsmiddelen,,,,CONFORM
5546,rijst,86868202,Black glutinous rice,3‐6‐2024,Thailand,KAI TAK COMPANY B.V. (ORIENTAL MERCHANT),Overige bestrijdingsmiddelen,,,,CONFORM
5547,rijst,86868237,basmati,3‐6‐2024,Verenigd Koninkrijk,KAI TAK COMPANY B.V. (ORIENTAL MERCHANT),isoprothiolane,0.17,6.0,,CONFORM
5548,rijst,86868237,basmati,3‐6‐2024,Verenigd Koninkrijk,KAI TAK COMPANY B.V. (ORIENTAL MERCHANT),tebuconazool,0.013,1.5,,CONFORM
5549,rijst,86868237,basmati,3‐6‐2024,Verenigd Koninkrijk,KAI TAK COMPANY B.V. (ORIENTAL MERCHANT),Overige bestrijdingsmiddelen,,,,CONFORM
5550,rijst,86868253,Red cargo rijst,3‐6‐2024,Thailand,KAI TAK COMPANY B.V. (ORIENTAL MERCHANT),Overige bestrijdingsmiddelen,,,,CONFORM
5551,rijst,86868288,brown basmati,3‐6‐2024,Verenigd Koninkrijk,KAI TAK COMPANY B.V. (ORIENTAL MERCHANT),azoxystrobin,0.014,5.0,,CONFORM
5552,rijst,86868288,brown basmati,3‐6‐2024,Verenigd Koninkrijk,KAI TAK COMPANY B.V. (ORIENTAL MERCHANT),chloorpyrifos‐ethyl,0.008,0.01,,CONFORM
5553,rijst,86868288,brown basmati,3‐6‐2024,Verenigd Koninkrijk,KAI TAK COMPANY B.V. (ORIENTAL MERCHANT),difenoconazool,0.0052,3.0,,CONFORM
5554,rijst,86868288,brown basmati,3‐6‐2024,Verenigd Koninkrijk,KAI TAK COMPANY B.V. (ORIENTAL MERCHANT),dinotefuran,0.0067,8.0,,CONFORM
5555,rijst,86868288,brown basmati,3‐6‐2024,Verenigd Koninkrijk,KAI TAK COMPANY B.V. (ORIENTAL MERCHANT),isoprothiolane,1.1,6.0,,CONFORM
5556,rijst,86868288,brown basmati,3‐6‐2024,Verenigd Koninkrijk,KAI TAK COMPANY B.V. (ORIENTAL MERCHANT),tebuconazool,0.024,1.5,,CONFORM
5557,rijst,86868288,brown basmati,3‐6‐2024,Verenigd Koninkrijk,KAI TAK COMPANY B.V. (ORIENTAL MERCHANT),tricyclazool,0.013,0.01,,NIET CONFORM*
5558,rijst,86868288,brown basmati,3‐6‐2024,Verenigd Koninkrijk,KAI TAK COMPANY B.V. (ORIENTAL MERCHANT),Overige bestrijdingsmiddelen,,,,CONFORM
5559,rijst,86868598,Black Glutinous,5‐6‐2024,Thailand,ASIAN FOOD GROUP B.V.,Overige bestrijdingsmiddelen,,,,CONFORM
5560,rijst,86868601,Thai Red cargo rice,5‐6‐2024,Thailand,ASIAN FOOD GROUP B.V.,Overige bestrijdingsmiddelen,,,,CONFORM
5561,rijst,86868628,zilvervliesrijst,5‐6‐2024,Thailand,ASIAN FOOD GROUP B.V.,Overige bestrijdingsmiddelen,,,,CONFORM
5562,rijst,86868636,Kleefrijst,5‐6‐2024,Thailand,ASIAN FOOD GROUP B.V.,Overige bestrijdingsmiddelen,,,,CONFORM
5563,rijst,86868644,Rode rijst,5‐6‐2024,Thailand,ASIAN FOOD GROUP B.V.,Overige bestrijdingsmiddelen,,,,CONFORM
5564,rijst,86868652,Black cargo Rice,5‐6‐2024,Thailand,ASIAN FOOD GROUP B.V.,propiconazool,0.0068,0.01,,CONFORM
5565,rijst,86868652,Black cargo Rice,5‐6‐2024,Thailand,ASIAN FOOD GROUP B.V.,Overige bestrijdingsmiddelen,,,,CONFORM
5566,rijst,86868679,Jasmine Brown & Red cargo Rice,5‐6‐2024,Thailand,ASIAN FOOD GROUP B.V.,Overige bestrijdingsmiddelen,,,,CONFORM
5567,rijst,86868687,Jasmine Brown Rice,5‐6‐2024,Thailand,ASIAN FOOD GROUP B.V.,Overige bestrijdingsmiddelen,,,,CONFORM
5568,rijst,86868695,Multi Grain,5‐6‐2024,Thailand,ASIAN FOOD GROUP B.V.,Overige bestrijdingsmiddelen,,,,CONFORM
5569,rijst,86868709,Brown Basmati rijst,3‐6‐2024,Landcode onbekend,KAI TAK COMPANY B.V. (ORIENTAL MERCHANT),azoxystrobin,0.018,5.0,,CONFORM
5570,rijst,86868709,Brown Basmati rijst,3‐6‐2024,Landcode onbekend,KAI TAK COMPANY B.V. (ORIENTAL MERCHANT),chloorpyrifos‐ethyl,0.0078,0.01,,CONFORM
5571,rijst,86868709,Brown Basmati rijst,3‐6‐2024,Landcode onbekend,KAI TAK COMPANY B.V. (ORIENTAL MERCHANT),difenoconazool,0.0073,3.0,,CONFORM
5572,rijst,86868709,Brown Basmati rijst,3‐6‐2024,Landcode onbekend,KAI TAK COMPANY B.V. (ORIENTAL MERCHANT),dinotefuran,0.0072,8.0,,CONFORM
5573,rijst,86868709,Brown Basmati rijst,3‐6‐2024,Landcode onbekend,KAI TAK COMPANY B.V. (ORIENTAL MERCHANT),isoprothiolane,0.83,6.0,,CONFORM
5574,rijst,86868709,Brown Basmati rijst,3‐6‐2024,Landcode onbekend,KAI TAK COMPANY B.V. (ORIENTAL MERCHANT),tebuconazool,0.06,1.5,,CONFORM
5575,rijst,86868709,Brown Basmati rijst,3‐6‐2024,Landcode onbekend,KAI TAK COMPANY B.V. (ORIENTAL MERCHANT),tricyclazool,0.0093,0.01,,CONFORM
5576,rijst,86868709,Brown Basmati rijst,3‐6‐2024,Landcode onbekend,KAI TAK COMPANY B.V. (ORIENTAL MERCHANT),Overige bestrijdingsmiddelen,,,,CONFORM
5577,rijst,86895501,Super Basmati Rice Sella 1121 Swan,28‐5‐2024,India,HANDELSONDERNEMING KARA ENSCHEDE,thiamethoxam,0.0056,0.01,,CONFORM
5578,rijst,86895501,Super Basmati Rice Sella 1121 Swan,28‐5‐2024,India,HANDELSONDERNEMING KARA ENSCHEDE,Overige bestrijdingsmiddelen,,,,CONFORM
5579,rijst,86924889,Mahmood Rice Basmati 1121 Sella Rice,27‐5‐2024,Verenigde Arabische Emiraten,YARAFOOD,acetamiprid,0.01,0.01,,CONFORM
5580,rijst,86924889,Mahmood Rice Basmati 1121 Sella Rice,27‐5‐2024,Verenigde Arabische Emiraten,YARAFOOD,azoxystrobin,0.0091,5.0,,CONFORM
5581,rijst,86924889,Mahmood Rice Basmati 1121 Sella Rice,27‐5‐2024,Verenigde Arabische Emiraten,YARAFOOD,clothianidin,0.0091,0.5,,CONFORM
5582,rijst,86924889,Mahmood Rice Basmati 1121 Sella Rice,27‐5‐2024,Verenigde Arabische Emiraten,YARAFOOD,imidacloprid,0.0061,0.01,,CONFORM
5583,rijst,86924889,Mahmood Rice Basmati 1121 Sella Rice,27‐5‐2024,Verenigde Arabische Emiraten,YARAFOOD,tebuconazool,0.025,1.5,,CONFORM
5584,rijst,86924889,Mahmood Rice Basmati 1121 Sella Rice,27‐5‐2024,Verenigde Arabische Emiraten,YARAFOOD,thiamethoxam,0.008,0.01,,CONFORM
5585,rijst,86924889,Mahmood Rice Basmati 1121 Sella Rice,27‐5‐2024,Verenigde Arabische Emiraten,YARAFOOD,Overige bestrijdingsmiddelen,,,,CONFORM
5586,rijst,86924919,Mahmood Rice White Basmati XXL,27‐5‐2024,Pakistan,YARAFOOD,chloorpyrifos‐ethyl,0.013,0.01,,NIET CONFORM*
5587,rijst,86924919,Mahmood Rice White Basmati XXL,27‐5‐2024,Pakistan,YARAFOOD,tebuconazool,0.014,1.5,,CONFORM
5588,rijst,86924919,Mahmood Rice White Basmati XXL,27‐5‐2024,Pakistan,YARAFOOD,Overige bestrijdingsmiddelen,,,,CONFORM
5589,rijst,86924935,Mahmood Rice White Basmati XXL,27‐5‐2024,Verenigde Arabische Emiraten,YARAFOOD,acetamiprid,0.017,0.01,,NIET CONFORM*
5590,rijst,86924935,Mahmood Rice White Basmati XXL,27‐5‐2024,Verenigde Arabische Emiraten,YARAFOOD,azoxystrobin,0.022,5.0,,CONFORM
5591,rijst,86924935,Mahmood Rice White Basmati XXL,27‐5‐2024,Verenigde Arabische Emiraten,YARAFOOD,clothianidin,0.029,0.5,,CONFORM
5592,rijst,86924935,Mahmood Rice White Basmati XXL,27‐5‐2024,Verenigde Arabische Emiraten,YARAFOOD,difenoconazool,0.008,3.0,,CONFORM
5593,rijst,86924935,Mahmood Rice White Basmati XXL,27‐5‐2024,Verenigde Arabische Emiraten,YARAFOOD,isoprothiolane,0.018,6.0,,CONFORM
5594,rijst,86924935,Mahmood Rice White Basmati XXL,27‐5‐2024,Verenigde Arabische Emiraten,YARAFOOD,tebuconazool,0.035,1.5,,CONFORM
5595,rijst,86924935,Mahmood Rice White Basmati XXL,27‐5‐2024,Verenigde Arabische Emiraten,YARAFOOD,thiamethoxam,0.023,0.01,,NIET CONFORM
5596,rijst,86924935,Mahmood Rice White Basmati XXL,27‐5‐2024,Verenigde Arabische Emiraten,YARAFOOD,Overige bestrijdingsmiddelen,,,,CONFORM
5597,rijst,86924951,Mahmood Rice Baldo Pirinc,27‐5‐2024,Italië,YARAFOOD,deltamethrin,0.14,1.0,,CONFORM
5598,rijst,86924951,Mahmood Rice Baldo Pirinc,27‐5‐2024,Italië,YARAFOOD,pyrethrinen,0.044,3.0,,CONFORM
5599,rijst,86924951,Mahmood Rice Baldo Pirinc,27‐5‐2024,Italië,YARAFOOD,Overige bestrijdingsmiddelen,,,,CONFORM
5600,rijst,86925044,Palmer RIz Basmati,28‐5‐2024,Landcode onbekend,HANDELSONDERNEMING KARA ENSCHEDE,azoxystrobin,0.014,5.0,,CONFORM
5601,rijst,86925044,Palmer RIz Basmati,28‐5‐2024,Landcode onbekend,HANDELSONDERNEMING KARA ENSCHEDE,difenoconazool,0.0063,3.0,,CONFORM
5602,rijst,86925044,Palmer RIz Basmati,28‐5‐2024,Landcode onbekend,HANDELSONDERNEMING KARA ENSCHEDE,isoprothiolane,0.32,6.0,,CONFORM
5603,rijst,86925044,Palmer RIz Basmati,28‐5‐2024,Landcode onbekend,HANDELSONDERNEMING KARA ENSCHEDE,tebuconazool,0.0056,1.5,,CONFORM
5604,rijst,86925044,Palmer RIz Basmati,28‐5‐2024,Landcode onbekend,HANDELSONDERNEMING KARA ENSCHEDE,tricyclazool,0.0052,0.01,,CONFORM
5605,rijst,86925044,Palmer RIz Basmati,28‐5‐2024,Landcode onbekend,HANDELSONDERNEMING KARA ENSCHEDE,Overige bestrijdingsmiddelen,,,,CONFORM
5606,rijst,86925079,DUra Osmancik rijst,28‐5‐2024,Turkije,HANDELSONDERNEMING KARA ENSCHEDE,cypermethrin,0.044,2.0,,CONFORM
5607,rijst,86925079,DUra Osmancik rijst,28‐5‐2024,Turkije,HANDELSONDERNEMING KARA ENSCHEDE,Overige bestrijdingsmiddelen,,,,CONFORM
5608,rijst,86925095,Gülcan Tosya Pirinc tipi,28‐5‐2024,Turkije,HANDELSONDERNEMING KARA ENSCHEDE,azoxystrobin,0.011,5.0,,CONFORM
5609,rijst,86925095,Gülcan Tosya Pirinc tipi,28‐5‐2024,Turkije,HANDELSONDERNEMING KARA ENSCHEDE,deltamethrin,0.02,1.0,,CONFORM
5610,rijst,86925095,Gülcan Tosya Pirinc tipi,28‐5‐2024,Turkije,HANDELSONDERNEMING KARA ENSCHEDE,Overige bestrijdingsmiddelen,,,,CONFORM
5611,rode bieten,86805138,Bieten Rauw QS,22‐4‐2024,Landcode onbekend,PLUKON CONVENIENCE DRONTEN B.V.,Overige bestrijdingsmiddelen,,,,CONFORM
5612,rode bieten,86833115,Chioggia bieten,5‐11‐2024,Zuid Afrika,SOUS FRESH B.V.,Overige bestrijdingsmiddelen,,,,CONFORM
5613,rode bieten,86894939,Rode Bieten,3‐9‐2024,Nederland,HESSING GREENPOORT,Overige bestrijdingsmiddelen,,,,CONFORM
5614,rode bieten,86963078,rode bieten,19‐8‐2024,Nederland,FIRMA POSTUMA‐KAMPEN,Overige bestrijdingsmiddelen,,,,CONFORM
5615,rode bieten,99369566,rode bieten,18‐9‐2024,Nederland,FRUITBOERDERIJ OOLD BLEANK,Overige bestrijdingsmiddelen,,,,CONFORM
5616,rode bieten,99386835,bieten rood,26‐11‐2024,Nederland,BOERDERIJWINKEL OVERESCH,Overige bestrijdingsmiddelen,,,,CONFORM
5617,rode bieten,99469919,Rode bieten (kratkaart: Kroten),25‐9‐2024,Nederland,KRUIZE BOERDERIJWINKEL,Overige bestrijdingsmiddelen,,,,CONFORM
5618,rode kool,86961709,rode kool,15‐10‐2024,Nederland,ALDI GRONINGEN B.V.,Overige bestrijdingsmiddelen,,,,CONFORM
5619,rode kool,86963167,rode kool,20‐8‐2024,Nederland,GROOTHANDELSONDERNEMING VERS‐NED,propamocarb,0.026,1.0,,CONFORM
5620,rode kool,86963167,rode kool,20‐8‐2024,Nederland,GROOTHANDELSONDERNEMING VERS‐NED,spirotetramat (som),0.06,2.0,,CONFORM
5621,rode kool,86963167,rode kool,20‐8‐2024,Nederland,GROOTHANDELSONDERNEMING VERS‐NED,Overige bestrijdingsmiddelen,,,,CONFORM
5622,rode kool,86996162,rode kool,13‐3‐2024,Landcode onbekend,HESSING ZWAAGDIJK B.V.,propamocarb,0.084,1.0,,CONFORM
5623,rode kool,86996162,rode kool,13‐3‐2024,Landcode onbekend,HESSING ZWAAGDIJK B.V.,spirotetramat (som),0.037,2.0,,CONFORM
5624,rode kool,86996162,rode kool,13‐3‐2024,Landcode onbekend,HESSING ZWAAGDIJK B.V.,Overige bestrijdingsmiddelen,,,,CONFORM
5625,rode pitayas,86894556,Dragon fruit,27‐8‐2024,Thailand,AARTSEN VENLO B.V.,cypermethrin,0.017,0.05,,CONFORM
5626,rode pitayas,86894556,Dragon fruit,27‐8‐2024,Thailand,AARTSEN VENLO B.V.,difenoconazool,0.006,0.15,,CONFORM
5627,rode pitayas,86894556,Dragon fruit,27‐8‐2024,Thailand,AARTSEN VENLO B.V.,fluxapyroxad,0.061,0.01,,NIET CONFORM
5628,rode pitayas,86894556,Dragon fruit,27‐8‐2024,Thailand,AARTSEN VENLO B.V.,pyraclostrobin,0.074,0.02,,NIET CONFORM
5629,rode pitayas,86894556,Dragon fruit,27‐8‐2024,Thailand,AARTSEN VENLO B.V.,Overige bestrijdingsmiddelen,,,,CONFORM
5630,romeinse sla/bindsla/lollo bionda/lollo rosso,86847477,Romana lettuce,27‐11‐2024,Spanje,FRESH FOOD AMSTERDAM,boscalid,0.036,50.0,,CONFORM
5631,romeinse sla/bindsla/lollo bionda/lollo rosso,86847477,Romana lettuce,27‐11‐2024,Spanje,FRESH FOOD AMSTERDAM,spirotetramat (som),0.009,7.0,,CONFORM
5632,romeinse sla/bindsla/lollo bionda/lollo rosso,86847477,Romana lettuce,27‐11‐2024,Spanje,FRESH FOOD AMSTERDAM,Overige bestrijdingsmiddelen,,,,CONFORM
5633,romeinse sla/bindsla/lollo bionda/lollo rosso,86997568,romeinse sla,30‐9‐2024,Nederland,O. SMEDING EN ZOON B.V.,deltamethrin,0.0097,0.5,,CONFORM
5634,romeinse sla/bindsla/lollo bionda/lollo rosso,86997568,romeinse sla,30‐9‐2024,Nederland,O. SMEDING EN ZOON B.V.,fluopyram,0.013,15.0,,CONFORM
5635,romeinse sla/bindsla/lollo bionda/lollo rosso,86997568,romeinse sla,30‐9‐2024,Nederland,O. SMEDING EN ZOON B.V.,mandipropamid,0.33,25.0,,CONFORM
5636,romeinse sla/bindsla/lollo bionda/lollo rosso,86997568,romeinse sla,30‐9‐2024,Nederland,O. SMEDING EN ZOON B.V.,spirotetramat (som),0.017,7.0,,CONFORM
5637,romeinse sla/bindsla/lollo bionda/lollo rosso,86997568,romeinse sla,30‐9‐2024,Nederland,O. SMEDING EN ZOON B.V.,Overige bestrijdingsmiddelen,,,,CONFORM
5638,rooibos thee,86779595,Bio Rooibos,12‐6‐2024,Landcode onbekend,HORESCA LIEFERINK,Overige bestrijdingsmiddelen,,,,CONFORM
5639,rooibos thee,86779641,Rooibos,12‐6‐2024,Landcode onbekend,HORESCA LIEFERINK,Overige bestrijdingsmiddelen,,,,CONFORM
5640,rooibos thee,86799537,Rooibos,30‐5‐2024,Landcode onbekend,DE KREIJ,Overige bestrijdingsmiddelen,,,,CONFORM
5641,rozemarijn,86815168,rozemarijn,29‐4‐2024,Landcode onbekend,TUANA KRUIDEN B.V.,Overige bestrijdingsmiddelen,,,,CONFORM
5642,rozemarijn,86815176,rozemarijn,29‐4‐2024,Landcode onbekend,TUANA KRUIDEN B.V.,Overige bestrijdingsmiddelen,,,,CONFORM
5643,rozemarijn,86822792,Rozemarijn,3‐5‐2024,Landcode onbekend,BROEKHUYZEN HORECAGROOTHANDEL BV,Overige bestrijdingsmiddelen,,,,CONFORM
5644,rozijn,86798409,Golden seedless Raisins medium ‐Choce Grade,18‐4‐2024,Zuid Afrika,DE NOTENBEURS B.V.,Overige bestrijdingsmiddelen,,,5,CONFORM
5645,rozijn,86798417,Black super Jumbo,18‐4‐2024,Zuid Afrika,DE NOTENBEURS B.V.,boscalid,0.059,25.0,5,CONFORM
5646,rozijn,86798417,Black super Jumbo,18‐4‐2024,Zuid Afrika,DE NOTENBEURS B.V.,fenhexamid,0.063,75.0,5,CONFORM
5647,rozijn,86798417,Black super Jumbo,18‐4‐2024,Zuid Afrika,DE NOTENBEURS B.V.,fluopyram,0.66,10.0,5,CONFORM
5648,rozijn,86798417,Black super Jumbo,18‐4‐2024,Zuid Afrika,DE NOTENBEURS B.V.,pyrimethanil,0.014,25.0,5,CONFORM
5649,rozijn,86798417,Black super Jumbo,18‐4‐2024,Zuid Afrika,DE NOTENBEURS B.V.,tetraconazool,0.012,0.35,5,CONFORM
5650,rozijn,86798417,Black super Jumbo,18‐4‐2024,Zuid Afrika,DE NOTENBEURS B.V.,Overige bestrijdingsmiddelen,,,5,CONFORM
5651,rozijn,86798425,Turkish Sultanas,18‐4‐2024,Turkije,DE NOTENBEURS B.V.,acetamiprid,0.28,2.5,5,CONFORM
5652,rozijn,86798425,Turkish Sultanas,18‐4‐2024,Turkije,DE NOTENBEURS B.V.,ametoctradin,0.017,30.0,5,CONFORM
5653,rozijn,86798425,Turkish Sultanas,18‐4‐2024,Turkije,DE NOTENBEURS B.V.,azoxystrobin,0.016,15.0,5,CONFORM
5654,rozijn,86798425,Turkish Sultanas,18‐4‐2024,Turkije,DE NOTENBEURS B.V.,boscalid,0.019,25.0,5,CONFORM
5655,rozijn,86798425,Turkish Sultanas,18‐4‐2024,Turkije,DE NOTENBEURS B.V.,cyhalothrin‐lambda,0.016,0.4,5,CONFORM
5656,rozijn,86798425,Turkish Sultanas,18‐4‐2024,Turkije,DE NOTENBEURS B.V.,cyprodinil,0.031,15.0,5,CONFORM
5657,rozijn,86798425,Turkish Sultanas,18‐4‐2024,Turkije,DE NOTENBEURS B.V.,difenoconazool,0.02,15.0,5,CONFORM
5658,rozijn,86798425,Turkish Sultanas,18‐4‐2024,Turkije,DE NOTENBEURS B.V.,dimethomorf,0.015,15.0,5,CONFORM
5659,rozijn,86798425,Turkish Sultanas,18‐4‐2024,Turkije,DE NOTENBEURS B.V.,flupyradifurone,0.14,15.0,5,CONFORM
5660,rozijn,86798425,Turkish Sultanas,18‐4‐2024,Turkije,DE NOTENBEURS B.V.,fluxapyroxad,0.011,15.0,5,CONFORM
5661,rozijn,86798425,Turkish Sultanas,18‐4‐2024,Turkije,DE NOTENBEURS B.V.,iprovalicarb,0.039,10.0,5,CONFORM
5662,rozijn,86798425,Turkish Sultanas,18‐4‐2024,Turkije,DE NOTENBEURS B.V.,methoxyfenozide,0.017,5.0,5,CONFORM
5663,rozijn,86798425,Turkish Sultanas,18‐4‐2024,Turkije,DE NOTENBEURS B.V.,metrafenon,0.0056,35.0,5,CONFORM
5664,rozijn,86798425,Turkish Sultanas,18‐4‐2024,Turkije,DE NOTENBEURS B.V.,proquinazid,0.011,2.5,5,CONFORM
5665,rozijn,86798425,Turkish Sultanas,18‐4‐2024,Turkije,DE NOTENBEURS B.V.,pyrimethanil,0.18,25.0,5,CONFORM
5666,rozijn,86798425,Turkish Sultanas,18‐4‐2024,Turkije,DE NOTENBEURS B.V.,Overige bestrijdingsmiddelen,,,5,CONFORM
5667,rozijn,86798433,Golden seedless Raisins Grade Jumbo Industrial,18‐4‐2024,Zuid Afrika,DE NOTENBEURS B.V.,azoxystrobin,0.0056,15.0,5,CONFORM
5668,rozijn,86798433,Golden seedless Raisins Grade Jumbo Industrial,18‐4‐2024,Zuid Afrika,DE NOTENBEURS B.V.,boscalid,0.027,25.0,5,CONFORM
5669,rozijn,86798433,Golden seedless Raisins Grade Jumbo Industrial,18‐4‐2024,Zuid Afrika,DE NOTENBEURS B.V.,fluopyram,0.13,10.0,5,CONFORM
5670,rozijn,86798433,Golden seedless Raisins Grade Jumbo Industrial,18‐4‐2024,Zuid Afrika,DE NOTENBEURS B.V.,Overige bestrijdingsmiddelen,,,5,CONFORM
5671,rozijn,86814773,rozijnen,15‐4‐2024,Afghanistan,YME KUIPER B.V.,carbendazim,0.011,1.5,5,CONFORM
5672,rozijn,86814773,rozijnen,15‐4‐2024,Afghanistan,YME KUIPER B.V.,chloorpyrifos‐ethyl,0.066,0.01,1,NIET CONFORM
5673,rozijn,86814773,rozijnen,15‐4‐2024,Afghanistan,YME KUIPER B.V.,cyhalothrin‐lambda,0.17,0.4,5,CONFORM
5674,rozijn,86814773,rozijnen,15‐4‐2024,Afghanistan,YME KUIPER B.V.,cypermethrin,0.037,2.5,5,CONFORM
5675,rozijn,86814773,rozijnen,15‐4‐2024,Afghanistan,YME KUIPER B.V.,dimethoaat,0.015,0.05,5,CONFORM
5676,rozijn,86814773,rozijnen,15‐4‐2024,Afghanistan,YME KUIPER B.V.,fenvaleraat (som),0.013,1.5,5,CONFORM
5677,rozijn,86814773,rozijnen,15‐4‐2024,Afghanistan,YME KUIPER B.V.,penconazool,0.012,2.5,5,CONFORM
5678,rozijn,86814773,rozijnen,15‐4‐2024,Afghanistan,YME KUIPER B.V.,Overige bestrijdingsmiddelen,,,5,CONFORM
5679,rozijn,86814781,rozijnen,15‐4‐2024,China,YME KUIPER B.V.,acetamiprid,0.011,2.5,5,CONFORM
5680,rozijn,86814781,rozijnen,15‐4‐2024,China,YME KUIPER B.V.,buprofezin,0.016,0.05,5,CONFORM
5681,rozijn,86814781,rozijnen,15‐4‐2024,China,YME KUIPER B.V.,carbendazim,0.029,1.5,5,CONFORM
5682,rozijn,86814781,rozijnen,15‐4‐2024,China,YME KUIPER B.V.,chloorpyrifos‐ethyl,0.02,0.01,1,NIET CONFORM*
5683,rozijn,86814781,rozijnen,15‐4‐2024,China,YME KUIPER B.V.,cyhalothrin‐lambda,0.033,0.4,5,CONFORM
5684,rozijn,86814781,rozijnen,15‐4‐2024,China,YME KUIPER B.V.,myclobutanil,0.0065,7.5,5,CONFORM
5685,rozijn,86814781,rozijnen,15‐4‐2024,China,YME KUIPER B.V.,pyraclostrobin,0.023,1.5,5,CONFORM
5686,rozijn,86814781,rozijnen,15‐4‐2024,China,YME KUIPER B.V.,tebuconazool,0.017,2.5,5,CONFORM
5687,rozijn,86814781,rozijnen,15‐4‐2024,China,YME KUIPER B.V.,Overige bestrijdingsmiddelen,,,5,CONFORM
5688,rozijn,86814803,rozijnen,15‐4‐2024,Turkije,YME KUIPER B.V.,acetamiprid,0.096,2.5,5,CONFORM
5689,rozijn,86814803,rozijnen,15‐4‐2024,Turkije,YME KUIPER B.V.,azoxystrobin,0.059,15.0,5,CONFORM
5690,rozijn,86814803,rozijnen,15‐4‐2024,Turkije,YME KUIPER B.V.,boscalid,0.012,25.0,5,CONFORM
5691,rozijn,86814803,rozijnen,15‐4‐2024,Turkije,YME KUIPER B.V.,cyhalothrin‐lambda,0.009,0.4,5,CONFORM
5692,rozijn,86814803,rozijnen,15‐4‐2024,Turkije,YME KUIPER B.V.,cyprodinil,0.079,15.0,5,CONFORM
5693,rozijn,86814803,rozijnen,15‐4‐2024,Turkije,YME KUIPER B.V.,difenoconazool,0.031,15.0,5,CONFORM
5694,rozijn,86814803,rozijnen,15‐4‐2024,Turkije,YME KUIPER B.V.,fenvaleraat (som),0.0065,1.5,5,CONFORM
5695,rozijn,86814803,rozijnen,15‐4‐2024,Turkije,YME KUIPER B.V.,flupyradifurone,0.15,15.0,5,CONFORM
5696,rozijn,86814803,rozijnen,15‐4‐2024,Turkije,YME KUIPER B.V.,fluxapyroxad,0.045,15.0,5,CONFORM
5697,rozijn,86814803,rozijnen,15‐4‐2024,Turkije,YME KUIPER B.V.,methoxyfenozide,0.19,5.0,5,CONFORM
5698,rozijn,86814803,rozijnen,15‐4‐2024,Turkije,YME KUIPER B.V.,proquinazid,0.016,2.5,5,CONFORM
5699,rozijn,86814803,rozijnen,15‐4‐2024,Turkije,YME KUIPER B.V.,pyrimethanil,0.058,10.0,5,CONFORM
5700,rozijn,86814803,rozijnen,15‐4‐2024,Turkije,YME KUIPER B.V.,spirotetramat (som),0.01,10.0,5,CONFORM
5701,rozijn,86814803,rozijnen,15‐4‐2024,Turkije,YME KUIPER B.V.,sulfoxaflor,0.029,10.0,5,CONFORM
5702,rozijn,86814803,rozijnen,15‐4‐2024,Turkije,YME KUIPER B.V.,Overige bestrijdingsmiddelen,,,5,CONFORM
5703,rozijn,86814811,rozijnen,15‐4‐2024,China,YME KUIPER B.V.,buprofezin,0.011,0.05,5,CONFORM
5704,rozijn,86814811,rozijnen,15‐4‐2024,China,YME KUIPER B.V.,carbendazim,0.013,1.5,5,CONFORM
5705,rozijn,86814811,rozijnen,15‐4‐2024,China,YME KUIPER B.V.,chloorpyrifos‐ethyl,0.014,0.01,1,NIET CONFORM*
5706,rozijn,86814811,rozijnen,15‐4‐2024,China,YME KUIPER B.V.,cyhalothrin‐lambda,0.08,0.4,5,CONFORM
5707,rozijn,86814811,rozijnen,15‐4‐2024,China,YME KUIPER B.V.,cypermethrin,0.045,2.5,5,CONFORM
5708,rozijn,86814811,rozijnen,15‐4‐2024,China,YME KUIPER B.V.,imidacloprid,0.022,3.5,5,CONFORM
5709,rozijn,86814811,rozijnen,15‐4‐2024,China,YME KUIPER B.V.,pyraclostrobin,0.02,1.5,5,CONFORM
5710,rozijn,86814811,rozijnen,15‐4‐2024,China,YME KUIPER B.V.,tebuconazool,0.014,2.5,5,CONFORM
5711,rozijn,86814811,rozijnen,15‐4‐2024,China,YME KUIPER B.V.,Overige bestrijdingsmiddelen,,,5,CONFORM
5712,rozijn,86814838,rozijnen,15‐4‐2024,Turkije,YME KUIPER B.V.,acetamiprid,0.061,2.5,5,CONFORM
5713,rozijn,86814838,rozijnen,15‐4‐2024,Turkije,YME KUIPER B.V.,azoxystrobin,0.12,15.0,5,CONFORM
5714,rozijn,86814838,rozijnen,15‐4‐2024,Turkije,YME KUIPER B.V.,boscalid,0.15,25.0,5,CONFORM
5715,rozijn,86814838,rozijnen,15‐4‐2024,Turkije,YME KUIPER B.V.,cyhalothrin‐lambda,0.073,0.4,5,CONFORM
5716,rozijn,86814838,rozijnen,15‐4‐2024,Turkije,YME KUIPER B.V.,cypermethrin,0.052,2.5,5,CONFORM
5717,rozijn,86814838,rozijnen,15‐4‐2024,Turkije,YME KUIPER B.V.,cyprodinil,0.095,15.0,5,CONFORM
5718,rozijn,86814838,rozijnen,15‐4‐2024,Turkije,YME KUIPER B.V.,dimethomorf,0.013,15.0,5,CONFORM
5719,rozijn,86814838,rozijnen,15‐4‐2024,Turkije,YME KUIPER B.V.,fenvaleraat (som),0.021,1.5,5,CONFORM
5720,rozijn,86814838,rozijnen,15‐4‐2024,Turkije,YME KUIPER B.V.,fluopyram,0.016,10.0,5,CONFORM
5721,rozijn,86814838,rozijnen,15‐4‐2024,Turkije,YME KUIPER B.V.,fluxapyroxad,0.02,15.0,5,CONFORM
5722,rozijn,86814838,rozijnen,15‐4‐2024,Turkije,YME KUIPER B.V.,metalaxyl,0.058,10.0,5,CONFORM
5723,rozijn,86814838,rozijnen,15‐4‐2024,Turkije,YME KUIPER B.V.,methoxyfenozide,0.12,5.0,5,CONFORM
5724,rozijn,86814838,rozijnen,15‐4‐2024,Turkije,YME KUIPER B.V.,pyrimethanil,0.55,25.0,5,CONFORM
5725,rozijn,86814838,rozijnen,15‐4‐2024,Turkije,YME KUIPER B.V.,tetraconazool,0.013,0.35,5,CONFORM
5726,rozijn,86814838,rozijnen,15‐4‐2024,Turkije,YME KUIPER B.V.,Overige bestrijdingsmiddelen,,,5,CONFORM
5727,rozijn,86867842,organic raisins sultans,15‐4‐2024,Oezbekistan,JONKER EN SCHUT (FOOD),chloorpyrifos‐ethyl,0.0067,0.01,1,CONFORM
5728,rozijn,86867842,organic raisins sultans,15‐4‐2024,Oezbekistan,JONKER EN SCHUT (FOOD),cyhalothrin‐lambda,0.02,0.4,5,CONFORM
5729,rozijn,86867842,organic raisins sultans,15‐4‐2024,Oezbekistan,JONKER EN SCHUT (FOOD),fenvaleraat (som),0.01,1.5,5,CONFORM
5730,rozijn,86867842,organic raisins sultans,15‐4‐2024,Oezbekistan,JONKER EN SCHUT (FOOD),Overige bestrijdingsmiddelen,,,5,CONFORM
5731,rozijn,99389273,Blue Thompson rozijnen bio,9‐1‐2024,Landcode onbekend,ALBERT HEIJN XL,Overige bestrijdingsmiddelen,,,,CONFORM
5732,rozijn,99390182,rozijnen,6‐2‐2024,Turkije,COOP MAASBREE,acetamiprid,0.17,2.5,5,CONFORM
5733,rozijn,99390182,rozijnen,6‐2‐2024,Turkije,COOP MAASBREE,ametoctradin,0.028,30.0,5,CONFORM
5734,rozijn,99390182,rozijnen,6‐2‐2024,Turkije,COOP MAASBREE,azoxystrobin,0.058,15.0,5,CONFORM
5735,rozijn,99390182,rozijnen,6‐2‐2024,Turkije,COOP MAASBREE,boscalid,0.26,25.0,5,CONFORM
5736,rozijn,99390182,rozijnen,6‐2‐2024,Turkije,COOP MAASBREE,cyflufenamid,0.014,1.0,5,CONFORM
5737,rozijn,99390182,rozijnen,6‐2‐2024,Turkije,COOP MAASBREE,cyhalothrin‐lambda,0.0068,0.4,5,CONFORM
5738,rozijn,99390182,rozijnen,6‐2‐2024,Turkije,COOP MAASBREE,cyprodinil,0.22,15.0,5,CONFORM
5739,rozijn,99390182,rozijnen,6‐2‐2024,Turkije,COOP MAASBREE,difenoconazool,0.0058,15.0,5,CONFORM
5740,rozijn,99390182,rozijnen,6‐2‐2024,Turkije,COOP MAASBREE,dimethomorf,0.025,15.0,5,CONFORM
5741,rozijn,99390182,rozijnen,6‐2‐2024,Turkije,COOP MAASBREE,fenvaleraat (som),0.015,1.5,5,CONFORM
5742,rozijn,99390182,rozijnen,6‐2‐2024,Turkije,COOP MAASBREE,fludioxonil,0.011,25.0,5,CONFORM
5743,rozijn,99390182,rozijnen,6‐2‐2024,Turkije,COOP MAASBREE,fluopicolide,0.058,10.0,5,CONFORM
5744,rozijn,99390182,rozijnen,6‐2‐2024,Turkije,COOP MAASBREE,fluopyram,0.058,10.0,5,CONFORM
5745,rozijn,99390182,rozijnen,6‐2‐2024,Turkije,COOP MAASBREE,fluxapyroxad,0.017,15.0,5,CONFORM
5746,rozijn,99390182,rozijnen,6‐2‐2024,Turkije,COOP MAASBREE,metalaxyl,2.5,10.0,5,CONFORM
5747,rozijn,99390182,rozijnen,6‐2‐2024,Turkije,COOP MAASBREE,methoxyfenozide,0.62,5.0,5,CONFORM
5748,rozijn,99390182,rozijnen,6‐2‐2024,Turkije,COOP MAASBREE,metrafenon,0.009,35.0,5,CONFORM
5749,rozijn,99390182,rozijnen,6‐2‐2024,Turkije,COOP MAASBREE,penconazool,0.018,2.5,5,CONFORM
5750,rozijn,99390182,rozijnen,6‐2‐2024,Turkije,COOP MAASBREE,proquinazid,0.084,2.5,5,CONFORM
5751,rozijn,99390182,rozijnen,6‐2‐2024,Turkije,COOP MAASBREE,pyrimethanil,0.9,25.0,5,CONFORM
5752,rozijn,99390182,rozijnen,6‐2‐2024,Turkije,COOP MAASBREE,pyriproxyfen,0.013,0.25,5,CONFORM
5753,rozijn,99390182,rozijnen,6‐2‐2024,Turkije,COOP MAASBREE,spirotetramat (som),0.12,10.0,5,CONFORM
5754,rozijn,99390182,rozijnen,6‐2‐2024,Turkije,COOP MAASBREE,tebuconazool,0.024,2.5,5,CONFORM
5755,rozijn,99390182,rozijnen,6‐2‐2024,Turkije,COOP MAASBREE,tebufenpyrad,0.0054,3.0,5,CONFORM
5756,rozijn,99390182,rozijnen,6‐2‐2024,Turkije,COOP MAASBREE,trifloxystrobin,0.0094,15.0,5,CONFORM
5757,rozijn,99390182,rozijnen,6‐2‐2024,Turkije,COOP MAASBREE,valifenalaat,0.0064,5.0,5,CONFORM
5758,rozijn,99390182,rozijnen,6‐2‐2024,Turkije,COOP MAASBREE,Overige bestrijdingsmiddelen,,,5,CONFORM
5759,rozijn,99401737,Sultana Rozijnen,24‐1‐2024,Nederland,PLUS STURING,acetamiprid,0.081,2.5,5,CONFORM
5760,rozijn,99401737,Sultana Rozijnen,24‐1‐2024,Nederland,PLUS STURING,azoxystrobin,0.018,15.0,5,CONFORM
5761,rozijn,99401737,Sultana Rozijnen,24‐1‐2024,Nederland,PLUS STURING,boscalid,0.026,25.0,5,CONFORM
5762,rozijn,99401737,Sultana Rozijnen,24‐1‐2024,Nederland,PLUS STURING,carbaryl,0.011,0.05,5,CONFORM
5763,rozijn,99401737,Sultana Rozijnen,24‐1‐2024,Nederland,PLUS STURING,carbendazim,0.026,1.5,5,CONFORM
5764,rozijn,99401737,Sultana Rozijnen,24‐1‐2024,Nederland,PLUS STURING,chloorantraniliprole,0.012,5.0,5,CONFORM
5765,rozijn,99401737,Sultana Rozijnen,24‐1‐2024,Nederland,PLUS STURING,cyhalothrin‐lambda,0.014,0.4,5,CONFORM
5766,rozijn,99401737,Sultana Rozijnen,24‐1‐2024,Nederland,PLUS STURING,cypermethrin,0.053,2.5,5,CONFORM
5767,rozijn,99401737,Sultana Rozijnen,24‐1‐2024,Nederland,PLUS STURING,cyprodinil,0.9,15.0,5,CONFORM
5768,rozijn,99401737,Sultana Rozijnen,24‐1‐2024,Nederland,PLUS STURING,dimethomorf,0.01,15.0,5,CONFORM
5769,rozijn,99401737,Sultana Rozijnen,24‐1‐2024,Nederland,PLUS STURING,fludioxonil,0.013,25.0,5,CONFORM
5770,rozijn,99401737,Sultana Rozijnen,24‐1‐2024,Nederland,PLUS STURING,fluopicolide,0.0042,10.0,5,CONFORM
5771,rozijn,99401737,Sultana Rozijnen,24‐1‐2024,Nederland,PLUS STURING,fluopyram,0.0064,10.0,5,CONFORM
5772,rozijn,99401737,Sultana Rozijnen,24‐1‐2024,Nederland,PLUS STURING,fluxapyroxad,0.0056,15.0,5,CONFORM
5773,rozijn,99401737,Sultana Rozijnen,24‐1‐2024,Nederland,PLUS STURING,metalaxyl,0.013,10.0,5,CONFORM
5774,rozijn,99401737,Sultana Rozijnen,24‐1‐2024,Nederland,PLUS STURING,methoxyfenozide,0.0084,5.0,5,CONFORM
5775,rozijn,99401737,Sultana Rozijnen,24‐1‐2024,Nederland,PLUS STURING,penconazool,0.016,2.5,5,CONFORM
5776,rozijn,99401737,Sultana Rozijnen,24‐1‐2024,Nederland,PLUS STURING,pyrimethanil,0.33,25.0,5,CONFORM
5777,rozijn,99401737,Sultana Rozijnen,24‐1‐2024,Nederland,PLUS STURING,spirotetramat (som),0.011,10.0,5,CONFORM
5778,rozijn,99401737,Sultana Rozijnen,24‐1‐2024,Nederland,PLUS STURING,Overige bestrijdingsmiddelen,,,5,CONFORM
5779,rozijn,99401982,Sultana BIO Organic / Biologische rozijnen,30‐1‐2024,Landcode onbekend,LIDL,Overige bestrijdingsmiddelen,,,,CONFORM
5780,rozijn,99402369,Sultana Rozijnen,6‐2‐2024,Nederland,JUMBO SUPERMARKT,acetamiprid,0.23,2.5,5,CONFORM
5781,rozijn,99402369,Sultana Rozijnen,6‐2‐2024,Nederland,JUMBO SUPERMARKT,ametoctradin,0.044,30.0,5,CONFORM
5782,rozijn,99402369,Sultana Rozijnen,6‐2‐2024,Nederland,JUMBO SUPERMARKT,azoxystrobin,0.031,15.0,5,CONFORM
5783,rozijn,99402369,Sultana Rozijnen,6‐2‐2024,Nederland,JUMBO SUPERMARKT,boscalid,0.038,25.0,5,CONFORM
5784,rozijn,99402369,Sultana Rozijnen,6‐2‐2024,Nederland,JUMBO SUPERMARKT,chloorantraniliprole,0.0054,5.0,5,CONFORM
5785,rozijn,99402369,Sultana Rozijnen,6‐2‐2024,Nederland,JUMBO SUPERMARKT,cyflufenamid,0.01,1.0,5,CONFORM
5786,rozijn,99402369,Sultana Rozijnen,6‐2‐2024,Nederland,JUMBO SUPERMARKT,cyhalothrin‐lambda,0.0094,0.4,5,CONFORM
5787,rozijn,99402369,Sultana Rozijnen,6‐2‐2024,Nederland,JUMBO SUPERMARKT,cyprodinil,0.23,15.0,5,CONFORM
5788,rozijn,99402369,Sultana Rozijnen,6‐2‐2024,Nederland,JUMBO SUPERMARKT,difenoconazool,0.0081,15.0,5,CONFORM
5789,rozijn,99402369,Sultana Rozijnen,6‐2‐2024,Nederland,JUMBO SUPERMARKT,dimethomorf,0.01,15.0,5,CONFORM
5790,rozijn,99402369,Sultana Rozijnen,6‐2‐2024,Nederland,JUMBO SUPERMARKT,fenvaleraat (som),0.0092,1.5,5,CONFORM
5791,rozijn,99402369,Sultana Rozijnen,6‐2‐2024,Nederland,JUMBO SUPERMARKT,fluopicolide,0.0054,10.0,5,CONFORM
5792,rozijn,99402369,Sultana Rozijnen,6‐2‐2024,Nederland,JUMBO SUPERMARKT,fluopyram,0.046,10.0,5,CONFORM
5793,rozijn,99402369,Sultana Rozijnen,6‐2‐2024,Nederland,JUMBO SUPERMARKT,flutriafol,0.029,4.0,5,CONFORM
5794,rozijn,99402369,Sultana Rozijnen,6‐2‐2024,Nederland,JUMBO SUPERMARKT,fluxapyroxad,0.016,15.0,5,CONFORM
5795,rozijn,99402369,Sultana Rozijnen,6‐2‐2024,Nederland,JUMBO SUPERMARKT,mandipropamid,0.0096,10.0,5,CONFORM
5796,rozijn,99402369,Sultana Rozijnen,6‐2‐2024,Nederland,JUMBO SUPERMARKT,metalaxyl,0.033,10.0,5,CONFORM
5797,rozijn,99402369,Sultana Rozijnen,6‐2‐2024,Nederland,JUMBO SUPERMARKT,methoxyfenozide,0.068,5.0,5,CONFORM
5798,rozijn,99402369,Sultana Rozijnen,6‐2‐2024,Nederland,JUMBO SUPERMARKT,penconazool,0.0073,2.5,5,CONFORM
5799,rozijn,99402369,Sultana Rozijnen,6‐2‐2024,Nederland,JUMBO SUPERMARKT,proquinazid,0.0071,2.5,5,CONFORM
5800,rozijn,99402369,Sultana Rozijnen,6‐2‐2024,Nederland,JUMBO SUPERMARKT,pyrimethanil,0.16,25.0,5,CONFORM
5801,rozijn,99402369,Sultana Rozijnen,6‐2‐2024,Nederland,JUMBO SUPERMARKT,spirotetramat (som),0.02,10.0,5,CONFORM
5802,rozijn,99402369,Sultana Rozijnen,6‐2‐2024,Nederland,JUMBO SUPERMARKT,sulfoxaflor,0.022,10.0,5,CONFORM
5803,rozijn,99402369,Sultana Rozijnen,6‐2‐2024,Nederland,JUMBO SUPERMARKT,tebuconazool,0.02,2.5,5,CONFORM
5804,rozijn,99402369,Sultana Rozijnen,6‐2‐2024,Nederland,JUMBO SUPERMARKT,trifloxystrobin,0.011,15.0,5,CONFORM
5805,rozijn,99402369,Sultana Rozijnen,6‐2‐2024,Nederland,JUMBO SUPERMARKT,zoxamide,0.0065,25.0,5,CONFORM
5806,rozijn,99402369,Sultana Rozijnen,6‐2‐2024,Nederland,JUMBO SUPERMARKT,Overige bestrijdingsmiddelen,,,5,CONFORM
5807,rozijn,99414502,Sultana rozijnen,16‐1‐2024,Landcode onbekend,LIDL,acetamiprid,0.6,2.5,5,CONFORM
5808,rozijn,99414502,Sultana rozijnen,16‐1‐2024,Landcode onbekend,LIDL,ametoctradin,0.055,30.0,5,CONFORM
5809,rozijn,99414502,Sultana rozijnen,16‐1‐2024,Landcode onbekend,LIDL,azoxystrobin,0.081,15.0,5,CONFORM
5810,rozijn,99414502,Sultana rozijnen,16‐1‐2024,Landcode onbekend,LIDL,boscalid,0.048,25.0,5,CONFORM
5811,rozijn,99414502,Sultana rozijnen,16‐1‐2024,Landcode onbekend,LIDL,cyhalothrin‐lambda,0.029,0.4,5,CONFORM
5812,rozijn,99414502,Sultana rozijnen,16‐1‐2024,Landcode onbekend,LIDL,cyprodinil,0.21,15.0,5,CONFORM
5813,rozijn,99414502,Sultana rozijnen,16‐1‐2024,Landcode onbekend,LIDL,difenoconazool,0.039,15.0,5,CONFORM
5814,rozijn,99414502,Sultana rozijnen,16‐1‐2024,Landcode onbekend,LIDL,dimethomorf,0.026,15.0,5,CONFORM
5815,rozijn,99414502,Sultana rozijnen,16‐1‐2024,Landcode onbekend,LIDL,fluxapyroxad,0.073,15.0,5,CONFORM
5816,rozijn,99414502,Sultana rozijnen,16‐1‐2024,Landcode onbekend,LIDL,methoxyfenozide,0.0066,5.0,5,CONFORM
5817,rozijn,99414502,Sultana rozijnen,16‐1‐2024,Landcode onbekend,LIDL,metrafenon,0.0086,35.0,5,CONFORM
5818,rozijn,99414502,Sultana rozijnen,16‐1‐2024,Landcode onbekend,LIDL,myclobutanil,0.0057,7.5,5,CONFORM
5819,rozijn,99414502,Sultana rozijnen,16‐1‐2024,Landcode onbekend,LIDL,proquinazid,0.0088,2.5,5,CONFORM
5820,rozijn,99414502,Sultana rozijnen,16‐1‐2024,Landcode onbekend,LIDL,pyrimethanil,0.24,25.0,5,CONFORM
5821,rozijn,99414502,Sultana rozijnen,16‐1‐2024,Landcode onbekend,LIDL,spirotetramat (som),0.05,10.0,5,CONFORM
5822,rozijn,99414502,Sultana rozijnen,16‐1‐2024,Landcode onbekend,LIDL,Overige bestrijdingsmiddelen,,,5,CONFORM
5823,rozijn,99414871,Plus Sultana rozijnen,24‐1‐2024,Landcode onbekend,COOP ALMELO,acetamiprid,0.13,2.5,5,CONFORM
5824,rozijn,99414871,Plus Sultana rozijnen,24‐1‐2024,Landcode onbekend,COOP ALMELO,ametoctradin,0.015,30.0,5,CONFORM
5825,rozijn,99414871,Plus Sultana rozijnen,24‐1‐2024,Landcode onbekend,COOP ALMELO,azoxystrobin,0.037,15.0,5,CONFORM
5826,rozijn,99414871,Plus Sultana rozijnen,24‐1‐2024,Landcode onbekend,COOP ALMELO,boscalid,0.13,25.0,5,CONFORM
5827,rozijn,99414871,Plus Sultana rozijnen,24‐1‐2024,Landcode onbekend,COOP ALMELO,cyflufenamid,0.0092,1.0,5,CONFORM
5828,rozijn,99414871,Plus Sultana rozijnen,24‐1‐2024,Landcode onbekend,COOP ALMELO,cyhalothrin‐lambda,0.007,0.4,5,CONFORM
5829,rozijn,99414871,Plus Sultana rozijnen,24‐1‐2024,Landcode onbekend,COOP ALMELO,cyprodinil,0.29,15.0,5,CONFORM
5830,rozijn,99414871,Plus Sultana rozijnen,24‐1‐2024,Landcode onbekend,COOP ALMELO,dimethomorf,0.025,15.0,5,CONFORM
5831,rozijn,99414871,Plus Sultana rozijnen,24‐1‐2024,Landcode onbekend,COOP ALMELO,famoxadon,0.013,10.0,5,CONFORM
5832,rozijn,99414871,Plus Sultana rozijnen,24‐1‐2024,Landcode onbekend,COOP ALMELO,fenvaleraat (som),0.014,1.5,5,CONFORM
5833,rozijn,99414871,Plus Sultana rozijnen,24‐1‐2024,Landcode onbekend,COOP ALMELO,flubendiamide,0.055,10.0,5,CONFORM
5834,rozijn,99414871,Plus Sultana rozijnen,24‐1‐2024,Landcode onbekend,COOP ALMELO,fludioxonil,0.02,25.0,5,CONFORM
5835,rozijn,99414871,Plus Sultana rozijnen,24‐1‐2024,Landcode onbekend,COOP ALMELO,fluopicolide,0.0091,10.0,5,CONFORM
5836,rozijn,99414871,Plus Sultana rozijnen,24‐1‐2024,Landcode onbekend,COOP ALMELO,fluopyram,0.01,10.0,5,CONFORM
5837,rozijn,99414871,Plus Sultana rozijnen,24‐1‐2024,Landcode onbekend,COOP ALMELO,fluxapyroxad,0.037,15.0,5,CONFORM
5838,rozijn,99414871,Plus Sultana rozijnen,24‐1‐2024,Landcode onbekend,COOP ALMELO,indoxacarb,0.0056,10.0,5,CONFORM
5839,rozijn,99414871,Plus Sultana rozijnen,24‐1‐2024,Landcode onbekend,COOP ALMELO,mandipropamid,0.015,10.0,5,CONFORM
5840,rozijn,99414871,Plus Sultana rozijnen,24‐1‐2024,Landcode onbekend,COOP ALMELO,metalaxyl,0.15,10.0,5,CONFORM
5841,rozijn,99414871,Plus Sultana rozijnen,24‐1‐2024,Landcode onbekend,COOP ALMELO,methoxyfenozide,0.048,5.0,5,CONFORM
5842,rozijn,99414871,Plus Sultana rozijnen,24‐1‐2024,Landcode onbekend,COOP ALMELO,penconazool,0.011,2.5,5,CONFORM
5843,rozijn,99414871,Plus Sultana rozijnen,24‐1‐2024,Landcode onbekend,COOP ALMELO,pyrimethanil,0.28,25.0,5,CONFORM
5844,rozijn,99414871,Plus Sultana rozijnen,24‐1‐2024,Landcode onbekend,COOP ALMELO,spirotetramat (som),0.03,10.0,5,CONFORM
5845,rozijn,99414871,Plus Sultana rozijnen,24‐1‐2024,Landcode onbekend,COOP ALMELO,spiroxamine,0.014,3.0,5,CONFORM
5846,rozijn,99414871,Plus Sultana rozijnen,24‐1‐2024,Landcode onbekend,COOP ALMELO,tebuconazool,0.018,2.5,5,CONFORM
5847,rozijn,99414871,Plus Sultana rozijnen,24‐1‐2024,Landcode onbekend,COOP ALMELO,Overige bestrijdingsmiddelen,,,5,CONFORM
5848,rozijn,99415185,Pagysa rozijnen,30‐1‐2024,Turkije,DIRK,acetamiprid,0.36,2.5,5,CONFORM
5849,rozijn,99415185,Pagysa rozijnen,30‐1‐2024,Turkije,DIRK,azoxystrobin,0.01,15.0,5,CONFORM
5850,rozijn,99415185,Pagysa rozijnen,30‐1‐2024,Turkije,DIRK,boscalid,0.014,25.0,5,CONFORM
5851,rozijn,99415185,Pagysa rozijnen,30‐1‐2024,Turkije,DIRK,chloorantraniliprole,0.026,5.0,5,CONFORM
5852,rozijn,99415185,Pagysa rozijnen,30‐1‐2024,Turkije,DIRK,cyhalothrin‐lambda,0.035,0.4,5,CONFORM
5853,rozijn,99415185,Pagysa rozijnen,30‐1‐2024,Turkije,DIRK,cyprodinil,0.58,15.0,5,CONFORM
5854,rozijn,99415185,Pagysa rozijnen,30‐1‐2024,Turkije,DIRK,dimethomorf,0.0055,15.0,5,CONFORM
5855,rozijn,99415185,Pagysa rozijnen,30‐1‐2024,Turkije,DIRK,fenvaleraat (som),0.0049,1.5,5,CONFORM
5856,rozijn,99415185,Pagysa rozijnen,30‐1‐2024,Turkije,DIRK,fludioxonil,0.01,25.0,5,CONFORM
5857,rozijn,99415185,Pagysa rozijnen,30‐1‐2024,Turkije,DIRK,fluopicolide,0.093,10.0,5,CONFORM
5858,rozijn,99415185,Pagysa rozijnen,30‐1‐2024,Turkije,DIRK,fluopyram,0.036,10.0,5,CONFORM
5859,rozijn,99415185,Pagysa rozijnen,30‐1‐2024,Turkije,DIRK,fluxapyroxad,0.031,15.0,5,CONFORM
5860,rozijn,99415185,Pagysa rozijnen,30‐1‐2024,Turkije,DIRK,indoxacarb,0.023,10.0,5,CONFORM
5861,rozijn,99415185,Pagysa rozijnen,30‐1‐2024,Turkije,DIRK,metalaxyl,0.012,10.0,5,CONFORM
5862,rozijn,99415185,Pagysa rozijnen,30‐1‐2024,Turkije,DIRK,methoxyfenozide,0.047,5.0,5,CONFORM
5863,rozijn,99415185,Pagysa rozijnen,30‐1‐2024,Turkije,DIRK,metrafenon,0.0075,35.0,5,CONFORM
5864,rozijn,99415185,Pagysa rozijnen,30‐1‐2024,Turkije,DIRK,pyrimethanil,0.21,25.0,5,CONFORM
5865,rozijn,99415185,Pagysa rozijnen,30‐1‐2024,Turkije,DIRK,spirotetramat (som),0.015,10.0,5,CONFORM
5866,rozijn,99415185,Pagysa rozijnen,30‐1‐2024,Turkije,DIRK,trifloxystrobin,0.0057,15.0,5,CONFORM
5867,rozijn,99415185,Pagysa rozijnen,30‐1‐2024,Turkije,DIRK,Overige bestrijdingsmiddelen,,,5,CONFORM
5868,rozijn,99415908,AH zongedroogde rozijnen,7‐2‐2024,Turkije,"ALBERT HEIJN, TJ VOSSELMAN SUPERMARKT T.H.O.D.N.",acetamiprid,0.2,2.5,5,CONFORM
5869,rozijn,99415908,AH zongedroogde rozijnen,7‐2‐2024,Turkije,"ALBERT HEIJN, TJ VOSSELMAN SUPERMARKT T.H.O.D.N.",ametoctradin,0.025,30.0,5,CONFORM
5870,rozijn,99415908,AH zongedroogde rozijnen,7‐2‐2024,Turkije,"ALBERT HEIJN, TJ VOSSELMAN SUPERMARKT T.H.O.D.N.",azoxystrobin,0.12,15.0,5,CONFORM
5871,rozijn,99415908,AH zongedroogde rozijnen,7‐2‐2024,Turkije,"ALBERT HEIJN, TJ VOSSELMAN SUPERMARKT T.H.O.D.N.",benalaxyl‐m,0.0094,3.5,5,CONFORM
5872,rozijn,99415908,AH zongedroogde rozijnen,7‐2‐2024,Turkije,"ALBERT HEIJN, TJ VOSSELMAN SUPERMARKT T.H.O.D.N.",boscalid,1.6,25.0,5,CONFORM
5873,rozijn,99415908,AH zongedroogde rozijnen,7‐2‐2024,Turkije,"ALBERT HEIJN, TJ VOSSELMAN SUPERMARKT T.H.O.D.N.",cyflufenamid,0.014,1.0,5,CONFORM
5874,rozijn,99415908,AH zongedroogde rozijnen,7‐2‐2024,Turkije,"ALBERT HEIJN, TJ VOSSELMAN SUPERMARKT T.H.O.D.N.",cyhalothrin‐lambda,0.043,0.4,5,CONFORM
5875,rozijn,99415908,AH zongedroogde rozijnen,7‐2‐2024,Turkije,"ALBERT HEIJN, TJ VOSSELMAN SUPERMARKT T.H.O.D.N.",cyprodinil,0.83,15.0,5,CONFORM
5876,rozijn,99415908,AH zongedroogde rozijnen,7‐2‐2024,Turkije,"ALBERT HEIJN, TJ VOSSELMAN SUPERMARKT T.H.O.D.N.",difenoconazool,0.016,15.0,5,CONFORM
5877,rozijn,99415908,AH zongedroogde rozijnen,7‐2‐2024,Turkije,"ALBERT HEIJN, TJ VOSSELMAN SUPERMARKT T.H.O.D.N.",dimethomorf,0.03,15.0,5,CONFORM
5878,rozijn,99415908,AH zongedroogde rozijnen,7‐2‐2024,Turkije,"ALBERT HEIJN, TJ VOSSELMAN SUPERMARKT T.H.O.D.N.",famoxadon,0.014,10.0,5,CONFORM
5879,rozijn,99415908,AH zongedroogde rozijnen,7‐2‐2024,Turkije,"ALBERT HEIJN, TJ VOSSELMAN SUPERMARKT T.H.O.D.N.",fenvaleraat (som),0.069,1.5,5,CONFORM
5880,rozijn,99415908,AH zongedroogde rozijnen,7‐2‐2024,Turkije,"ALBERT HEIJN, TJ VOSSELMAN SUPERMARKT T.H.O.D.N.",fluopyram,0.11,10.0,5,CONFORM
5881,rozijn,99415908,AH zongedroogde rozijnen,7‐2‐2024,Turkije,"ALBERT HEIJN, TJ VOSSELMAN SUPERMARKT T.H.O.D.N.",fluxapyroxad,0.071,15.0,5,CONFORM
5882,rozijn,99415908,AH zongedroogde rozijnen,7‐2‐2024,Turkije,"ALBERT HEIJN, TJ VOSSELMAN SUPERMARKT T.H.O.D.N.",indoxacarb,0.073,10.0,5,CONFORM
5883,rozijn,99415908,AH zongedroogde rozijnen,7‐2‐2024,Turkije,"ALBERT HEIJN, TJ VOSSELMAN SUPERMARKT T.H.O.D.N.",mandipropamid,0.01,10.0,5,CONFORM
5884,rozijn,99415908,AH zongedroogde rozijnen,7‐2‐2024,Turkije,"ALBERT HEIJN, TJ VOSSELMAN SUPERMARKT T.H.O.D.N.",metalaxyl,0.035,10.0,5,CONFORM
5885,rozijn,99415908,AH zongedroogde rozijnen,7‐2‐2024,Turkije,"ALBERT HEIJN, TJ VOSSELMAN SUPERMARKT T.H.O.D.N.",methoxyfenozide,0.055,5.0,5,CONFORM
5886,rozijn,99415908,AH zongedroogde rozijnen,7‐2‐2024,Turkije,"ALBERT HEIJN, TJ VOSSELMAN SUPERMARKT T.H.O.D.N.",metrafenon,0.0065,35.0,5,CONFORM
5887,rozijn,99415908,AH zongedroogde rozijnen,7‐2‐2024,Turkije,"ALBERT HEIJN, TJ VOSSELMAN SUPERMARKT T.H.O.D.N.",myclobutanil,0.014,7.5,5,CONFORM
5888,rozijn,99415908,AH zongedroogde rozijnen,7‐2‐2024,Turkije,"ALBERT HEIJN, TJ VOSSELMAN SUPERMARKT T.H.O.D.N.",penconazool,0.02,2.5,5,CONFORM
5889,rozijn,99415908,AH zongedroogde rozijnen,7‐2‐2024,Turkije,"ALBERT HEIJN, TJ VOSSELMAN SUPERMARKT T.H.O.D.N.",pirimicarb,0.0053,0.05,5,CONFORM
5890,rozijn,99415908,AH zongedroogde rozijnen,7‐2‐2024,Turkije,"ALBERT HEIJN, TJ VOSSELMAN SUPERMARKT T.H.O.D.N.",proquinazid,0.03,2.5,5,CONFORM
5891,rozijn,99415908,AH zongedroogde rozijnen,7‐2‐2024,Turkije,"ALBERT HEIJN, TJ VOSSELMAN SUPERMARKT T.H.O.D.N.",pyrimethanil,1.4,25.0,5,CONFORM
5892,rozijn,99415908,AH zongedroogde rozijnen,7‐2‐2024,Turkije,"ALBERT HEIJN, TJ VOSSELMAN SUPERMARKT T.H.O.D.N.",pyriofenone,0.011,4.5,5,CONFORM
5893,rozijn,99415908,AH zongedroogde rozijnen,7‐2‐2024,Turkije,"ALBERT HEIJN, TJ VOSSELMAN SUPERMARKT T.H.O.D.N.",spirotetramat (som),0.02,10.0,5,CONFORM
5894,rozijn,99415908,AH zongedroogde rozijnen,7‐2‐2024,Turkije,"ALBERT HEIJN, TJ VOSSELMAN SUPERMARKT T.H.O.D.N.",spiroxamine,0.0067,3.0,5,CONFORM
5895,rozijn,99415908,AH zongedroogde rozijnen,7‐2‐2024,Turkije,"ALBERT HEIJN, TJ VOSSELMAN SUPERMARKT T.H.O.D.N.",sulfoxaflor,0.057,10.0,5,CONFORM
5896,rozijn,99415908,AH zongedroogde rozijnen,7‐2‐2024,Turkije,"ALBERT HEIJN, TJ VOSSELMAN SUPERMARKT T.H.O.D.N.",tebuconazool,0.0088,2.5,5,CONFORM
5897,rozijn,99415908,AH zongedroogde rozijnen,7‐2‐2024,Turkije,"ALBERT HEIJN, TJ VOSSELMAN SUPERMARKT T.H.O.D.N.",tetraconazool,0.0082,0.35,5,CONFORM
5898,rozijn,99415908,AH zongedroogde rozijnen,7‐2‐2024,Turkije,"ALBERT HEIJN, TJ VOSSELMAN SUPERMARKT T.H.O.D.N.",trifloxystrobin,0.02,15.0,5,CONFORM
5899,rozijn,99415908,AH zongedroogde rozijnen,7‐2‐2024,Turkije,"ALBERT HEIJN, TJ VOSSELMAN SUPERMARKT T.H.O.D.N.",Overige bestrijdingsmiddelen,,,5,CONFORM
5900,rozijn,99419938,Jumbo blanke rozijnen 250gr,23‐1‐2024,Landcode onbekend,JUMBO SUPERMARKT,boscalid,0.029,25.0,5,CONFORM
5901,rozijn,99419938,Jumbo blanke rozijnen 250gr,23‐1‐2024,Landcode onbekend,JUMBO SUPERMARKT,pyrethrinen,0.0085,5.0,5,CONFORM
5902,rozijn,99419938,Jumbo blanke rozijnen 250gr,23‐1‐2024,Landcode onbekend,JUMBO SUPERMARKT,zoxamide,0.005,25.0,5,CONFORM
5903,rozijn,99419938,Jumbo blanke rozijnen 250gr,23‐1‐2024,Landcode onbekend,JUMBO SUPERMARKT,Overige bestrijdingsmiddelen,,,5,CONFORM
5904,rozijn,99420723,Nature's gift rozijnen 500gr,6‐2‐2024,Landcode onbekend,ALDI MARKT,acetamiprid,0.33,2.5,5,CONFORM
5905,rozijn,99420723,Nature's gift rozijnen 500gr,6‐2‐2024,Landcode onbekend,ALDI MARKT,ametoctradin,0.014,30.0,5,CONFORM
5906,rozijn,99420723,Nature's gift rozijnen 500gr,6‐2‐2024,Landcode onbekend,ALDI MARKT,azoxystrobin,0.072,15.0,5,CONFORM
5907,rozijn,99420723,Nature's gift rozijnen 500gr,6‐2‐2024,Landcode onbekend,ALDI MARKT,boscalid,0.14,25.0,5,CONFORM
5908,rozijn,99420723,Nature's gift rozijnen 500gr,6‐2‐2024,Landcode onbekend,ALDI MARKT,cyflufenamid,0.011,1.0,5,CONFORM
5909,rozijn,99420723,Nature's gift rozijnen 500gr,6‐2‐2024,Landcode onbekend,ALDI MARKT,cyhalothrin‐lambda,0.02,0.4,5,CONFORM
5910,rozijn,99420723,Nature's gift rozijnen 500gr,6‐2‐2024,Landcode onbekend,ALDI MARKT,cypermethrin,0.055,2.5,5,CONFORM
5911,rozijn,99420723,Nature's gift rozijnen 500gr,6‐2‐2024,Landcode onbekend,ALDI MARKT,cyprodinil,0.46,15.0,5,CONFORM
5912,rozijn,99420723,Nature's gift rozijnen 500gr,6‐2‐2024,Landcode onbekend,ALDI MARKT,difenoconazool,0.011,15.0,5,CONFORM
5913,rozijn,99420723,Nature's gift rozijnen 500gr,6‐2‐2024,Landcode onbekend,ALDI MARKT,dimethomorf,0.016,15.0,5,CONFORM
5914,rozijn,99420723,Nature's gift rozijnen 500gr,6‐2‐2024,Landcode onbekend,ALDI MARKT,famoxadon,0.0054,10.0,5,CONFORM
5915,rozijn,99420723,Nature's gift rozijnen 500gr,6‐2‐2024,Landcode onbekend,ALDI MARKT,fenvaleraat (som),0.059,1.5,5,CONFORM
5916,rozijn,99420723,Nature's gift rozijnen 500gr,6‐2‐2024,Landcode onbekend,ALDI MARKT,fludioxonil,0.016,25.0,5,CONFORM
5917,rozijn,99420723,Nature's gift rozijnen 500gr,6‐2‐2024,Landcode onbekend,ALDI MARKT,fluopicolide,0.019,10.0,5,CONFORM
5918,rozijn,99420723,Nature's gift rozijnen 500gr,6‐2‐2024,Landcode onbekend,ALDI MARKT,fluopyram,0.095,10.0,5,CONFORM
5919,rozijn,99420723,Nature's gift rozijnen 500gr,6‐2‐2024,Landcode onbekend,ALDI MARKT,fluxapyroxad,0.034,15.0,5,CONFORM
5920,rozijn,99420723,Nature's gift rozijnen 500gr,6‐2‐2024,Landcode onbekend,ALDI MARKT,indoxacarb,0.0063,10.0,5,CONFORM
5921,rozijn,99420723,Nature's gift rozijnen 500gr,6‐2‐2024,Landcode onbekend,ALDI MARKT,iprovalicarb,0.015,10.0,5,CONFORM
5922,rozijn,99420723,Nature's gift rozijnen 500gr,6‐2‐2024,Landcode onbekend,ALDI MARKT,mandipropamid,0.0097,10.0,5,CONFORM
5923,rozijn,99420723,Nature's gift rozijnen 500gr,6‐2‐2024,Landcode onbekend,ALDI MARKT,metalaxyl,0.21,10.0,5,CONFORM
5924,rozijn,99420723,Nature's gift rozijnen 500gr,6‐2‐2024,Landcode onbekend,ALDI MARKT,methoxyfenozide,0.055,5.0,5,CONFORM
5925,rozijn,99420723,Nature's gift rozijnen 500gr,6‐2‐2024,Landcode onbekend,ALDI MARKT,metrafenon,0.0075,35.0,5,CONFORM
5926,rozijn,99420723,Nature's gift rozijnen 500gr,6‐2‐2024,Landcode onbekend,ALDI MARKT,penconazool,0.027,2.5,5,CONFORM
5927,rozijn,99420723,Nature's gift rozijnen 500gr,6‐2‐2024,Landcode onbekend,ALDI MARKT,proquinazid,0.0067,2.5,5,CONFORM
5928,rozijn,99420723,Nature's gift rozijnen 500gr,6‐2‐2024,Landcode onbekend,ALDI MARKT,pyrimethanil,0.48,25.0,5,CONFORM
5929,rozijn,99420723,Nature's gift rozijnen 500gr,6‐2‐2024,Landcode onbekend,ALDI MARKT,pyriproxyfen,0.013,0.25,5,CONFORM
5930,rozijn,99420723,Nature's gift rozijnen 500gr,6‐2‐2024,Landcode onbekend,ALDI MARKT,spirotetramat (som),0.05,10.0,5,CONFORM
5931,rozijn,99420723,Nature's gift rozijnen 500gr,6‐2‐2024,Landcode onbekend,ALDI MARKT,sulfoxaflor,0.013,10.0,5,CONFORM
5932,rozijn,99420723,Nature's gift rozijnen 500gr,6‐2‐2024,Landcode onbekend,ALDI MARKT,tebuconazool,0.014,2.5,5,CONFORM
5933,rozijn,99420723,Nature's gift rozijnen 500gr,6‐2‐2024,Landcode onbekend,ALDI MARKT,tetraconazool,0.013,0.35,5,CONFORM
5934,rozijn,99420723,Nature's gift rozijnen 500gr,6‐2‐2024,Landcode onbekend,ALDI MARKT,trifloxystrobin,0.011,15.0,5,CONFORM
5935,rozijn,99420723,Nature's gift rozijnen 500gr,6‐2‐2024,Landcode onbekend,ALDI MARKT,zoxamide,0.0063,25.0,5,CONFORM
5936,rozijn,99420723,Nature's gift rozijnen 500gr,6‐2‐2024,Landcode onbekend,ALDI MARKT,Overige bestrijdingsmiddelen,,,5,CONFORM
5937,rozijn,99634413,Blauwe rozijnen,17‐1‐2024,Landcode onbekend,PLUS DE WEERD,azoxystrobin,0.022,15.0,5,CONFORM
5938,rozijn,99634413,Blauwe rozijnen,17‐1‐2024,Landcode onbekend,PLUS DE WEERD,dimethomorf,0.034,15.0,5,CONFORM
5939,rozijn,99634413,Blauwe rozijnen,17‐1‐2024,Landcode onbekend,PLUS DE WEERD,famoxadon,0.032,10.0,5,CONFORM
5940,rozijn,99634413,Blauwe rozijnen,17‐1‐2024,Landcode onbekend,PLUS DE WEERD,fenhexamid,0.023,75.0,5,CONFORM
5941,rozijn,99634413,Blauwe rozijnen,17‐1‐2024,Landcode onbekend,PLUS DE WEERD,Overige bestrijdingsmiddelen,,,5,CONFORM
5942,rozijn,99635061,Blanke rozijnen,31‐1‐2024,Landcode onbekend,JUMBO SUPERMARKT,boscalid,0.019,25.0,5,CONFORM
5943,rozijn,99635061,Blanke rozijnen,31‐1‐2024,Landcode onbekend,JUMBO SUPERMARKT,Overige bestrijdingsmiddelen,,,5,CONFORM
5944,rozijn,99635827,Sultanas,24‐1‐2024,Zuid Afrika,LIDL,penconazool,0.013,2.5,5,CONFORM
5945,rozijn,99635827,Sultanas,24‐1‐2024,Zuid Afrika,LIDL,Overige bestrijdingsmiddelen,,,5,CONFORM
5946,rozijn,99643129,Zongedroogde rozijnen,3‐1‐2024,Turkije,ALBERT HEIJN,acetamiprid,0.014,2.5,5,CONFORM
5947,rozijn,99643129,Zongedroogde rozijnen,3‐1‐2024,Turkije,ALBERT HEIJN,azoxystrobin,0.047,15.0,5,CONFORM
5948,rozijn,99643129,Zongedroogde rozijnen,3‐1‐2024,Turkije,ALBERT HEIJN,boscalid,0.11,25.0,5,CONFORM
5949,rozijn,99643129,Zongedroogde rozijnen,3‐1‐2024,Turkije,ALBERT HEIJN,buprofezin,0.011,0.05,5,CONFORM
5950,rozijn,99643129,Zongedroogde rozijnen,3‐1‐2024,Turkije,ALBERT HEIJN,cyhalothrin‐lambda,0.047,0.4,5,CONFORM
5951,rozijn,99643129,Zongedroogde rozijnen,3‐1‐2024,Turkije,ALBERT HEIJN,cypermethrin,0.053,2.5,5,CONFORM
5952,rozijn,99643129,Zongedroogde rozijnen,3‐1‐2024,Turkije,ALBERT HEIJN,cyprodinil,0.23,15.0,5,CONFORM
5953,rozijn,99643129,Zongedroogde rozijnen,3‐1‐2024,Turkije,ALBERT HEIJN,difenoconazool,0.011,15.0,5,CONFORM
5954,rozijn,99643129,Zongedroogde rozijnen,3‐1‐2024,Turkije,ALBERT HEIJN,fenvaleraat (som),0.017,1.5,5,CONFORM
5955,rozijn,99643129,Zongedroogde rozijnen,3‐1‐2024,Turkije,ALBERT HEIJN,metalaxyl,0.058,10.0,5,CONFORM
5956,rozijn,99643129,Zongedroogde rozijnen,3‐1‐2024,Turkije,ALBERT HEIJN,methoxyfenozide,0.084,5.0,5,CONFORM
5957,rozijn,99643129,Zongedroogde rozijnen,3‐1‐2024,Turkije,ALBERT HEIJN,pyrimethanil,0.26,25.0,5,CONFORM
5958,rozijn,99643129,Zongedroogde rozijnen,3‐1‐2024,Turkije,ALBERT HEIJN,Overige bestrijdingsmiddelen,,,5,CONFORM
5959,rozijn,99643234,Sultanas,11‐1‐2024,Zuid Afrika,LIDL,Overige bestrijdingsmiddelen,,,5,CONFORM
5960,rozijn,99643536,Zongerijpte Rozijnen,10‐1‐2024,Turkije,ALDI MARKT,acetamiprid,0.28,2.5,5,CONFORM
5961,rozijn,99643536,Zongerijpte Rozijnen,10‐1‐2024,Turkije,ALDI MARKT,ametoctradin,0.08,30.0,5,CONFORM
5962,rozijn,99643536,Zongerijpte Rozijnen,10‐1‐2024,Turkije,ALDI MARKT,azoxystrobin,0.11,15.0,5,CONFORM
5963,rozijn,99643536,Zongerijpte Rozijnen,10‐1‐2024,Turkije,ALDI MARKT,boscalid,0.025,25.0,5,CONFORM
5964,rozijn,99643536,Zongerijpte Rozijnen,10‐1‐2024,Turkije,ALDI MARKT,cyflufenamid,0.01,1.0,5,CONFORM
5965,rozijn,99643536,Zongerijpte Rozijnen,10‐1‐2024,Turkije,ALDI MARKT,cyhalothrin‐lambda,0.005,0.4,5,CONFORM
5966,rozijn,99643536,Zongerijpte Rozijnen,10‐1‐2024,Turkije,ALDI MARKT,cypermethrin,0.069,2.5,5,CONFORM
5967,rozijn,99643536,Zongerijpte Rozijnen,10‐1‐2024,Turkije,ALDI MARKT,cyprodinil,0.91,15.0,5,CONFORM
5968,rozijn,99643536,Zongerijpte Rozijnen,10‐1‐2024,Turkije,ALDI MARKT,difenoconazool,0.0056,15.0,5,CONFORM
5969,rozijn,99643536,Zongerijpte Rozijnen,10‐1‐2024,Turkije,ALDI MARKT,dimethomorf,0.051,15.0,5,CONFORM
5970,rozijn,99643536,Zongerijpte Rozijnen,10‐1‐2024,Turkije,ALDI MARKT,fenvaleraat (som),0.035,1.5,5,CONFORM
5971,rozijn,99643536,Zongerijpte Rozijnen,10‐1‐2024,Turkije,ALDI MARKT,fluopicolide,0.042,10.0,5,CONFORM
5972,rozijn,99643536,Zongerijpte Rozijnen,10‐1‐2024,Turkije,ALDI MARKT,fluopyram,0.025,10.0,5,CONFORM
5973,rozijn,99643536,Zongerijpte Rozijnen,10‐1‐2024,Turkije,ALDI MARKT,flupyradifurone,0.12,15.0,5,CONFORM
5974,rozijn,99643536,Zongerijpte Rozijnen,10‐1‐2024,Turkije,ALDI MARKT,fluxapyroxad,0.075,15.0,5,CONFORM
5975,rozijn,99643536,Zongerijpte Rozijnen,10‐1‐2024,Turkije,ALDI MARKT,indoxacarb,0.012,10.0,5,CONFORM
5976,rozijn,99643536,Zongerijpte Rozijnen,10‐1‐2024,Turkije,ALDI MARKT,iprovalicarb,0.0079,10.0,5,CONFORM
5977,rozijn,99643536,Zongerijpte Rozijnen,10‐1‐2024,Turkije,ALDI MARKT,metalaxyl,0.06,10.0,5,CONFORM
5978,rozijn,99643536,Zongerijpte Rozijnen,10‐1‐2024,Turkije,ALDI MARKT,methoxyfenozide,0.27,5.0,5,CONFORM
5979,rozijn,99643536,Zongerijpte Rozijnen,10‐1‐2024,Turkije,ALDI MARKT,metrafenon,0.019,35.0,5,CONFORM
5980,rozijn,99643536,Zongerijpte Rozijnen,10‐1‐2024,Turkije,ALDI MARKT,penconazool,0.024,2.5,5,CONFORM
5981,rozijn,99643536,Zongerijpte Rozijnen,10‐1‐2024,Turkije,ALDI MARKT,proquinazid,0.0092,2.5,5,CONFORM
5982,rozijn,99643536,Zongerijpte Rozijnen,10‐1‐2024,Turkije,ALDI MARKT,pyraclostrobin,0.0066,1.5,5,CONFORM
5983,rozijn,99643536,Zongerijpte Rozijnen,10‐1‐2024,Turkije,ALDI MARKT,pyrimethanil,0.47,25.0,5,CONFORM
5984,rozijn,99643536,Zongerijpte Rozijnen,10‐1‐2024,Turkije,ALDI MARKT,pyriproxyfen,0.055,0.25,5,CONFORM
5985,rozijn,99643536,Zongerijpte Rozijnen,10‐1‐2024,Turkije,ALDI MARKT,spirotetramat (som),0.04,10.0,5,CONFORM
5986,rozijn,99643536,Zongerijpte Rozijnen,10‐1‐2024,Turkije,ALDI MARKT,tebuconazool,0.0066,2.5,5,CONFORM
5987,rozijn,99643536,Zongerijpte Rozijnen,10‐1‐2024,Turkije,ALDI MARKT,tebufenpyrad,0.0085,3.0,5,CONFORM
5988,rozijn,99643536,Zongerijpte Rozijnen,10‐1‐2024,Turkije,ALDI MARKT,Overige bestrijdingsmiddelen,,,5,CONFORM
5989,rozijn,99645377,ROZIJNEN,16‐1‐2024,Landcode onbekend,ALDI MARKT,acetamiprid,0.31,2.5,5,CONFORM
5990,rozijn,99645377,ROZIJNEN,16‐1‐2024,Landcode onbekend,ALDI MARKT,ametoctradin,0.0091,30.0,5,CONFORM
5991,rozijn,99645377,ROZIJNEN,16‐1‐2024,Landcode onbekend,ALDI MARKT,azoxystrobin,0.059,15.0,5,CONFORM
5992,rozijn,99645377,ROZIJNEN,16‐1‐2024,Landcode onbekend,ALDI MARKT,boscalid,0.027,25.0,5,CONFORM
5993,rozijn,99645377,ROZIJNEN,16‐1‐2024,Landcode onbekend,ALDI MARKT,cyflufenamid,0.0068,1.0,5,CONFORM
5994,rozijn,99645377,ROZIJNEN,16‐1‐2024,Landcode onbekend,ALDI MARKT,cyhalothrin‐lambda,0.023,0.4,5,CONFORM
5995,rozijn,99645377,ROZIJNEN,16‐1‐2024,Landcode onbekend,ALDI MARKT,cyproconazool,0.0054,1.0,5,CONFORM
5996,rozijn,99645377,ROZIJNEN,16‐1‐2024,Landcode onbekend,ALDI MARKT,cyprodinil,0.76,15.0,5,CONFORM
5997,rozijn,99645377,ROZIJNEN,16‐1‐2024,Landcode onbekend,ALDI MARKT,difenoconazool,0.0072,15.0,5,CONFORM
5998,rozijn,99645377,ROZIJNEN,16‐1‐2024,Landcode onbekend,ALDI MARKT,dimethomorf,0.028,15.0,5,CONFORM
5999,rozijn,99645377,ROZIJNEN,16‐1‐2024,Landcode onbekend,ALDI MARKT,fenvaleraat (som),0.031,1.5,5,CONFORM
6000,rozijn,99645377,ROZIJNEN,16‐1‐2024,Landcode onbekend,ALDI MARKT,fludioxonil,0.018,25.0,5,CONFORM
6001,rozijn,99645377,ROZIJNEN,16‐1‐2024,Landcode onbekend,ALDI MARKT,fluopicolide,0.024,10.0,5,CONFORM
6002,rozijn,99645377,ROZIJNEN,16‐1‐2024,Landcode onbekend,ALDI MARKT,fluopyram,0.066,10.0,5,CONFORM
6003,rozijn,99645377,ROZIJNEN,16‐1‐2024,Landcode onbekend,ALDI MARKT,fluxapyroxad,0.024,15.0,5,CONFORM
6004,rozijn,99645377,ROZIJNEN,16‐1‐2024,Landcode onbekend,ALDI MARKT,indoxacarb,0.011,10.0,5,CONFORM
6005,rozijn,99645377,ROZIJNEN,16‐1‐2024,Landcode onbekend,ALDI MARKT,iprovalicarb,0.019,10.0,5,CONFORM
6006,rozijn,99645377,ROZIJNEN,16‐1‐2024,Landcode onbekend,ALDI MARKT,mandipropamid,0.02,10.0,5,CONFORM
6007,rozijn,99645377,ROZIJNEN,16‐1‐2024,Landcode onbekend,ALDI MARKT,metalaxyl,0.2,10.0,5,CONFORM
6008,rozijn,99645377,ROZIJNEN,16‐1‐2024,Landcode onbekend,ALDI MARKT,methoxyfenozide,0.036,5.0,5,CONFORM
6009,rozijn,99645377,ROZIJNEN,16‐1‐2024,Landcode onbekend,ALDI MARKT,metrafenon,0.0052,35.0,5,CONFORM
6010,rozijn,99645377,ROZIJNEN,16‐1‐2024,Landcode onbekend,ALDI MARKT,penconazool,0.013,2.5,5,CONFORM
6011,rozijn,99645377,ROZIJNEN,16‐1‐2024,Landcode onbekend,ALDI MARKT,proquinazid,0.0077,2.5,5,CONFORM
6012,rozijn,99645377,ROZIJNEN,16‐1‐2024,Landcode onbekend,ALDI MARKT,pyrimethanil,0.41,25.0,5,CONFORM
6013,rozijn,99645377,ROZIJNEN,16‐1‐2024,Landcode onbekend,ALDI MARKT,spirotetramat (som),0.02,10.0,5,CONFORM
6014,rozijn,99645377,ROZIJNEN,16‐1‐2024,Landcode onbekend,ALDI MARKT,spiroxamine,0.0055,3.0,5,CONFORM
6015,rozijn,99645377,ROZIJNEN,16‐1‐2024,Landcode onbekend,ALDI MARKT,sulfoxaflor,0.019,10.0,5,CONFORM
6016,rozijn,99645377,ROZIJNEN,16‐1‐2024,Landcode onbekend,ALDI MARKT,tebuconazool,0.0064,2.5,5,CONFORM
6017,rozijn,99645377,ROZIJNEN,16‐1‐2024,Landcode onbekend,ALDI MARKT,tetraconazool,0.0061,0.35,5,CONFORM
6018,rozijn,99645377,ROZIJNEN,16‐1‐2024,Landcode onbekend,ALDI MARKT,trifloxystrobin,0.01,15.0,5,CONFORM
6019,rozijn,99645377,ROZIJNEN,16‐1‐2024,Landcode onbekend,ALDI MARKT,zoxamide,0.0065,25.0,5,CONFORM
6020,rozijn,99645377,ROZIJNEN,16‐1‐2024,Landcode onbekend,ALDI MARKT,Overige bestrijdingsmiddelen,,,5,CONFORM
6021,rozijn,99648597,Blauwe rozijnen,4‐1‐2024,Landcode onbekend,JUMBO SUPERMARKT,ametoctradin,0.0081,30.0,5,CONFORM
6022,rozijn,99648597,Blauwe rozijnen,4‐1‐2024,Landcode onbekend,JUMBO SUPERMARKT,azoxystrobin,0.018,15.0,5,CONFORM
6023,rozijn,99648597,Blauwe rozijnen,4‐1‐2024,Landcode onbekend,JUMBO SUPERMARKT,boscalid,0.0088,25.0,5,CONFORM
6024,rozijn,99648597,Blauwe rozijnen,4‐1‐2024,Landcode onbekend,JUMBO SUPERMARKT,dimethomorf,0.02,15.0,5,CONFORM
6025,rozijn,99648597,Blauwe rozijnen,4‐1‐2024,Landcode onbekend,JUMBO SUPERMARKT,fenhexamid,0.084,75.0,5,CONFORM
6026,rozijn,99648597,Blauwe rozijnen,4‐1‐2024,Landcode onbekend,JUMBO SUPERMARKT,fluopyram,0.057,10.0,5,CONFORM
6027,rozijn,99648597,Blauwe rozijnen,4‐1‐2024,Landcode onbekend,JUMBO SUPERMARKT,spiroxamine,0.0081,3.0,5,CONFORM
6028,rozijn,99648597,Blauwe rozijnen,4‐1‐2024,Landcode onbekend,JUMBO SUPERMARKT,tetraconazool,0.0076,0.35,5,CONFORM
6029,rozijn,99648597,Blauwe rozijnen,4‐1‐2024,Landcode onbekend,JUMBO SUPERMARKT,zoxamide,0.011,25.0,5,CONFORM
6030,rozijn,99648597,Blauwe rozijnen,4‐1‐2024,Landcode onbekend,JUMBO SUPERMARKT,Overige bestrijdingsmiddelen,,,5,CONFORM
6031,rozijn,99658908,Nature's gift rozijnen,2‐1‐2024,Turkije,ALDI MARKT,acetamiprid,0.37,2.5,5,CONFORM
6032,rozijn,99658908,Nature's gift rozijnen,2‐1‐2024,Turkije,ALDI MARKT,ametoctradin,0.011,30.0,5,CONFORM
6033,rozijn,99658908,Nature's gift rozijnen,2‐1‐2024,Turkije,ALDI MARKT,azoxystrobin,0.025,15.0,5,CONFORM
6034,rozijn,99658908,Nature's gift rozijnen,2‐1‐2024,Turkije,ALDI MARKT,boscalid,0.051,25.0,5,CONFORM
6035,rozijn,99658908,Nature's gift rozijnen,2‐1‐2024,Turkije,ALDI MARKT,cyflufenamid,0.0098,1.0,5,CONFORM
6036,rozijn,99658908,Nature's gift rozijnen,2‐1‐2024,Turkije,ALDI MARKT,cyhalothrin‐lambda,0.044,0.4,5,CONFORM
6037,rozijn,99658908,Nature's gift rozijnen,2‐1‐2024,Turkije,ALDI MARKT,cyprodinil,0.89,15.0,5,CONFORM
6038,rozijn,99658908,Nature's gift rozijnen,2‐1‐2024,Turkije,ALDI MARKT,dimethomorf,0.069,15.0,5,CONFORM
6039,rozijn,99658908,Nature's gift rozijnen,2‐1‐2024,Turkije,ALDI MARKT,fenvaleraat (som),0.049,1.5,5,CONFORM
6040,rozijn,99658908,Nature's gift rozijnen,2‐1‐2024,Turkije,ALDI MARKT,fludioxonil,0.043,25.0,5,CONFORM
6041,rozijn,99658908,Nature's gift rozijnen,2‐1‐2024,Turkije,ALDI MARKT,fluopicolide,0.02,10.0,5,CONFORM
6042,rozijn,99658908,Nature's gift rozijnen,2‐1‐2024,Turkije,ALDI MARKT,fluopyram,0.077,10.0,5,CONFORM
6043,rozijn,99658908,Nature's gift rozijnen,2‐1‐2024,Turkije,ALDI MARKT,fluxapyroxad,0.026,15.0,5,CONFORM
6044,rozijn,99658908,Nature's gift rozijnen,2‐1‐2024,Turkije,ALDI MARKT,indoxacarb,0.013,10.0,5,CONFORM
6045,rozijn,99658908,Nature's gift rozijnen,2‐1‐2024,Turkije,ALDI MARKT,iprovalicarb,0.018,10.0,5,CONFORM
6046,rozijn,99658908,Nature's gift rozijnen,2‐1‐2024,Turkije,ALDI MARKT,mandipropamid,0.02,10.0,5,CONFORM
6047,rozijn,99658908,Nature's gift rozijnen,2‐1‐2024,Turkije,ALDI MARKT,metalaxyl,0.17,10.0,5,CONFORM
6048,rozijn,99658908,Nature's gift rozijnen,2‐1‐2024,Turkije,ALDI MARKT,methoxyfenozide,0.043,5.0,5,CONFORM
6049,rozijn,99658908,Nature's gift rozijnen,2‐1‐2024,Turkije,ALDI MARKT,metrafenon,0.01,35.0,5,CONFORM
6050,rozijn,99658908,Nature's gift rozijnen,2‐1‐2024,Turkije,ALDI MARKT,penconazool,0.019,2.5,5,CONFORM
6051,rozijn,99658908,Nature's gift rozijnen,2‐1‐2024,Turkije,ALDI MARKT,proquinazid,0.012,2.5,5,CONFORM
6052,rozijn,99658908,Nature's gift rozijnen,2‐1‐2024,Turkije,ALDI MARKT,pyrimethanil,0.23,25.0,5,CONFORM
6053,rozijn,99658908,Nature's gift rozijnen,2‐1‐2024,Turkije,ALDI MARKT,spirotetramat (som),0.04,10.0,5,CONFORM
6054,rozijn,99658908,Nature's gift rozijnen,2‐1‐2024,Turkije,ALDI MARKT,spiroxamine,0.02,3.0,5,CONFORM
6055,rozijn,99658908,Nature's gift rozijnen,2‐1‐2024,Turkije,ALDI MARKT,sulfoxaflor,0.015,10.0,5,CONFORM
6056,rozijn,99658908,Nature's gift rozijnen,2‐1‐2024,Turkije,ALDI MARKT,tebuconazool,0.0075,2.5,5,CONFORM
6057,rozijn,99658908,Nature's gift rozijnen,2‐1‐2024,Turkije,ALDI MARKT,tetraconazool,0.006,0.35,5,CONFORM
6058,rozijn,99658908,Nature's gift rozijnen,2‐1‐2024,Turkije,ALDI MARKT,trifloxystrobin,0.015,15.0,5,CONFORM
6059,rozijn,99658908,Nature's gift rozijnen,2‐1‐2024,Turkije,ALDI MARKT,zoxamide,0.016,25.0,5,CONFORM
6060,rozijn,99658908,Nature's gift rozijnen,2‐1‐2024,Turkije,ALDI MARKT,Overige bestrijdingsmiddelen,,,5,CONFORM
6061,rozijn,99659203,Plus Sultana rozijnen 375gr,10‐1‐2024,Landcode onbekend,PLUS LEUSINK,acetamiprid,0.39,2.5,5,CONFORM
6062,rozijn,99659203,Plus Sultana rozijnen 375gr,10‐1‐2024,Landcode onbekend,PLUS LEUSINK,ametoctradin,0.046,30.0,5,CONFORM
6063,rozijn,99659203,Plus Sultana rozijnen 375gr,10‐1‐2024,Landcode onbekend,PLUS LEUSINK,azoxystrobin,0.1,15.0,5,CONFORM
6064,rozijn,99659203,Plus Sultana rozijnen 375gr,10‐1‐2024,Landcode onbekend,PLUS LEUSINK,boscalid,0.036,25.0,5,CONFORM
6065,rozijn,99659203,Plus Sultana rozijnen 375gr,10‐1‐2024,Landcode onbekend,PLUS LEUSINK,chloorantraniliprole,0.0073,5.0,5,CONFORM
6066,rozijn,99659203,Plus Sultana rozijnen 375gr,10‐1‐2024,Landcode onbekend,PLUS LEUSINK,cyflufenamid,0.026,1.0,5,CONFORM
6067,rozijn,99659203,Plus Sultana rozijnen 375gr,10‐1‐2024,Landcode onbekend,PLUS LEUSINK,cyhalothrin‐lambda,0.01,0.4,5,CONFORM
6068,rozijn,99659203,Plus Sultana rozijnen 375gr,10‐1‐2024,Landcode onbekend,PLUS LEUSINK,cyprodinil,0.11,15.0,5,CONFORM
6069,rozijn,99659203,Plus Sultana rozijnen 375gr,10‐1‐2024,Landcode onbekend,PLUS LEUSINK,deltamethrin,0.022,1.0,5,CONFORM
6070,rozijn,99659203,Plus Sultana rozijnen 375gr,10‐1‐2024,Landcode onbekend,PLUS LEUSINK,dimethomorf,0.12,15.0,5,CONFORM
6071,rozijn,99659203,Plus Sultana rozijnen 375gr,10‐1‐2024,Landcode onbekend,PLUS LEUSINK,ethirimol,0.023,2.0,5,CONFORM
6072,rozijn,99659203,Plus Sultana rozijnen 375gr,10‐1‐2024,Landcode onbekend,PLUS LEUSINK,fenvaleraat (som),0.081,1.5,5,CONFORM
6073,rozijn,99659203,Plus Sultana rozijnen 375gr,10‐1‐2024,Landcode onbekend,PLUS LEUSINK,fluopicolide,0.01,10.0,5,CONFORM
6074,rozijn,99659203,Plus Sultana rozijnen 375gr,10‐1‐2024,Landcode onbekend,PLUS LEUSINK,fluopyram,0.017,10.0,5,CONFORM
6075,rozijn,99659203,Plus Sultana rozijnen 375gr,10‐1‐2024,Landcode onbekend,PLUS LEUSINK,fluxapyroxad,0.076,15.0,5,CONFORM
6076,rozijn,99659203,Plus Sultana rozijnen 375gr,10‐1‐2024,Landcode onbekend,PLUS LEUSINK,metalaxyl,0.06,10.0,5,CONFORM
6077,rozijn,99659203,Plus Sultana rozijnen 375gr,10‐1‐2024,Landcode onbekend,PLUS LEUSINK,methoxyfenozide,0.028,5.0,5,CONFORM
6078,rozijn,99659203,Plus Sultana rozijnen 375gr,10‐1‐2024,Landcode onbekend,PLUS LEUSINK,metrafenon,0.027,35.0,5,CONFORM
6079,rozijn,99659203,Plus Sultana rozijnen 375gr,10‐1‐2024,Landcode onbekend,PLUS LEUSINK,myclobutanil,0.03,7.5,5,CONFORM
6080,rozijn,99659203,Plus Sultana rozijnen 375gr,10‐1‐2024,Landcode onbekend,PLUS LEUSINK,penconazool,0.025,2.5,5,CONFORM
6081,rozijn,99659203,Plus Sultana rozijnen 375gr,10‐1‐2024,Landcode onbekend,PLUS LEUSINK,proquinazid,0.0066,2.5,5,CONFORM
6082,rozijn,99659203,Plus Sultana rozijnen 375gr,10‐1‐2024,Landcode onbekend,PLUS LEUSINK,pyraclostrobin,0.0089,1.5,5,CONFORM
6083,rozijn,99659203,Plus Sultana rozijnen 375gr,10‐1‐2024,Landcode onbekend,PLUS LEUSINK,pyrimethanil,0.68,25.0,5,CONFORM
6084,rozijn,99659203,Plus Sultana rozijnen 375gr,10‐1‐2024,Landcode onbekend,PLUS LEUSINK,pyriofenone,0.0081,4.5,5,CONFORM
6085,rozijn,99659203,Plus Sultana rozijnen 375gr,10‐1‐2024,Landcode onbekend,PLUS LEUSINK,pyriproxyfen,0.095,0.25,5,CONFORM
6086,rozijn,99659203,Plus Sultana rozijnen 375gr,10‐1‐2024,Landcode onbekend,PLUS LEUSINK,spirotetramat (som),0.05,10.0,5,CONFORM
6087,rozijn,99659203,Plus Sultana rozijnen 375gr,10‐1‐2024,Landcode onbekend,PLUS LEUSINK,tebuconazool,0.043,2.5,5,CONFORM
6088,rozijn,99659203,Plus Sultana rozijnen 375gr,10‐1‐2024,Landcode onbekend,PLUS LEUSINK,tebufenpyrad,0.023,3.0,5,CONFORM
6089,rozijn,99659203,Plus Sultana rozijnen 375gr,10‐1‐2024,Landcode onbekend,PLUS LEUSINK,zoxamide,0.059,25.0,5,CONFORM
6090,rozijn,99659203,Plus Sultana rozijnen 375gr,10‐1‐2024,Landcode onbekend,PLUS LEUSINK,Overige bestrijdingsmiddelen,,,5,CONFORM
6091,rozijn,99659823,AH zongedroogde rozijnen 500gr,17‐1‐2024,Turkije,ALBERT HEIJN,acetamiprid,0.29,2.5,5,CONFORM
6092,rozijn,99659823,AH zongedroogde rozijnen 500gr,17‐1‐2024,Turkije,ALBERT HEIJN,ametoctradin,0.041,30.0,5,CONFORM
6093,rozijn,99659823,AH zongedroogde rozijnen 500gr,17‐1‐2024,Turkije,ALBERT HEIJN,azoxystrobin,0.08,15.0,5,CONFORM
6094,rozijn,99659823,AH zongedroogde rozijnen 500gr,17‐1‐2024,Turkije,ALBERT HEIJN,boscalid,0.048,25.0,5,CONFORM
6095,rozijn,99659823,AH zongedroogde rozijnen 500gr,17‐1‐2024,Turkije,ALBERT HEIJN,cyflufenamid,0.014,1.0,5,CONFORM
6096,rozijn,99659823,AH zongedroogde rozijnen 500gr,17‐1‐2024,Turkije,ALBERT HEIJN,cyhalothrin‐lambda,0.03,0.4,5,CONFORM
6097,rozijn,99659823,AH zongedroogde rozijnen 500gr,17‐1‐2024,Turkije,ALBERT HEIJN,cypermethrin,0.037,2.5,5,CONFORM
6098,rozijn,99659823,AH zongedroogde rozijnen 500gr,17‐1‐2024,Turkije,ALBERT HEIJN,cyprodinil,0.31,15.0,5,CONFORM
6099,rozijn,99659823,AH zongedroogde rozijnen 500gr,17‐1‐2024,Turkije,ALBERT HEIJN,deltamethrin,0.028,1.0,5,CONFORM
6100,rozijn,99659823,AH zongedroogde rozijnen 500gr,17‐1‐2024,Turkije,ALBERT HEIJN,difenoconazool,0.011,15.0,5,CONFORM
6101,rozijn,99659823,AH zongedroogde rozijnen 500gr,17‐1‐2024,Turkije,ALBERT HEIJN,dimethomorf,0.028,15.0,5,CONFORM
6102,rozijn,99659823,AH zongedroogde rozijnen 500gr,17‐1‐2024,Turkije,ALBERT HEIJN,famoxadon,0.014,10.0,5,CONFORM
6103,rozijn,99659823,AH zongedroogde rozijnen 500gr,17‐1‐2024,Turkije,ALBERT HEIJN,fenvaleraat (som),0.027,1.5,5,CONFORM
6104,rozijn,99659823,AH zongedroogde rozijnen 500gr,17‐1‐2024,Turkije,ALBERT HEIJN,fluopyram,0.038,10.0,5,CONFORM
6105,rozijn,99659823,AH zongedroogde rozijnen 500gr,17‐1‐2024,Turkije,ALBERT HEIJN,flupyradifurone,0.15,15.0,5,CONFORM
6106,rozijn,99659823,AH zongedroogde rozijnen 500gr,17‐1‐2024,Turkije,ALBERT HEIJN,fluxapyroxad,0.068,15.0,5,CONFORM
6107,rozijn,99659823,AH zongedroogde rozijnen 500gr,17‐1‐2024,Turkije,ALBERT HEIJN,iprovalicarb,0.0058,10.0,5,CONFORM
6108,rozijn,99659823,AH zongedroogde rozijnen 500gr,17‐1‐2024,Turkije,ALBERT HEIJN,metalaxyl,0.11,10.0,5,CONFORM
6109,rozijn,99659823,AH zongedroogde rozijnen 500gr,17‐1‐2024,Turkije,ALBERT HEIJN,methoxyfenozide,0.15,5.0,5,CONFORM
6110,rozijn,99659823,AH zongedroogde rozijnen 500gr,17‐1‐2024,Turkije,ALBERT HEIJN,metrafenon,0.016,35.0,5,CONFORM
6111,rozijn,99659823,AH zongedroogde rozijnen 500gr,17‐1‐2024,Turkije,ALBERT HEIJN,myclobutanil,0.0076,7.5,5,CONFORM
6112,rozijn,99659823,AH zongedroogde rozijnen 500gr,17‐1‐2024,Turkije,ALBERT HEIJN,penconazool,0.011,2.5,5,CONFORM
6113,rozijn,99659823,AH zongedroogde rozijnen 500gr,17‐1‐2024,Turkije,ALBERT HEIJN,pendimethalin,0.006,0.25,5,CONFORM
6114,rozijn,99659823,AH zongedroogde rozijnen 500gr,17‐1‐2024,Turkije,ALBERT HEIJN,proquinazid,0.011,2.5,5,CONFORM
6115,rozijn,99659823,AH zongedroogde rozijnen 500gr,17‐1‐2024,Turkije,ALBERT HEIJN,pyrimethanil,0.42,25.0,5,CONFORM
6116,rozijn,99659823,AH zongedroogde rozijnen 500gr,17‐1‐2024,Turkije,ALBERT HEIJN,pyriproxyfen,0.015,0.25,5,CONFORM
6117,rozijn,99659823,AH zongedroogde rozijnen 500gr,17‐1‐2024,Turkije,ALBERT HEIJN,spirotetramat (som),0.04,10.0,5,CONFORM
6118,rozijn,99659823,AH zongedroogde rozijnen 500gr,17‐1‐2024,Turkije,ALBERT HEIJN,sulfoxaflor,0.0099,10.0,5,CONFORM
6119,rozijn,99659823,AH zongedroogde rozijnen 500gr,17‐1‐2024,Turkije,ALBERT HEIJN,tebuconazool,0.048,2.5,5,CONFORM
6120,rozijn,99659823,AH zongedroogde rozijnen 500gr,17‐1‐2024,Turkije,ALBERT HEIJN,tetraconazool,0.013,0.35,5,CONFORM
6121,rozijn,99659823,AH zongedroogde rozijnen 500gr,17‐1‐2024,Turkije,ALBERT HEIJN,trifloxystrobin,0.0097,15.0,5,CONFORM
6122,rozijn,99659823,AH zongedroogde rozijnen 500gr,17‐1‐2024,Turkije,ALBERT HEIJN,Overige bestrijdingsmiddelen,,,5,CONFORM
6123,salaks,86769735,Salak,26‐2‐2024,Thailand,ROVEG FRUIT B.V.,carbendazim,2.3,0.1,,NIET CONFORM
6124,salaks,86769735,Salak,26‐2‐2024,Thailand,ROVEG FRUIT B.V.,carbofuran (som),0.12,0.01,,NIET CONFORM
6125,salaks,86769735,Salak,26‐2‐2024,Thailand,ROVEG FRUIT B.V.,chloorpyrifos‐ethyl,0.068,0.01,,NIET CONFORM
6126,salaks,86769735,Salak,26‐2‐2024,Thailand,ROVEG FRUIT B.V.,cyhalothrin‐lambda,0.11,0.01,,NIET CONFORM
6127,salaks,86769735,Salak,26‐2‐2024,Thailand,ROVEG FRUIT B.V.,cypermethrin,3.0,2.0,,NIET CONFORM*
6128,salaks,86769735,Salak,26‐2‐2024,Thailand,ROVEG FRUIT B.V.,hexaconazool,0.062,0.01,,NIET CONFORM
6129,salaks,86769735,Salak,26‐2‐2024,Thailand,ROVEG FRUIT B.V.,thiabendazool,0.0063,0.01,,CONFORM
6130,salaks,86769735,Salak,26‐2‐2024,Thailand,ROVEG FRUIT B.V.,triazofos,0.078,0.01,,NIET CONFORM
6131,salaks,86769735,Salak,26‐2‐2024,Thailand,ROVEG FRUIT B.V.,Overige bestrijdingsmiddelen,,,,CONFORM
6132,savooiekool,86827557,savooie kool,9‐1‐2024,Nederland,KEMPEN TRANSPORT,prothioconazool‐desthio,0.0063,0.09,,CONFORM
6133,savooiekool,86827557,savooie kool,9‐1‐2024,Nederland,KEMPEN TRANSPORT,Overige bestrijdingsmiddelen,,,,CONFORM
6134,sesamzaad,99419946,Jumbo biologisch ongepeld sesamzaad 250gr,23‐1‐2024,Landcode onbekend,JUMBO SUPERMARKT,Overige bestrijdingsmiddelen,,,,CONFORM
6135,shaddocks/pomelos,86769522,red pomelos,19‐2‐2024,China,LEHMANN & TROOST B.V.,chloorantraniliprole,0.012,0.7,,CONFORM
6136,shaddocks/pomelos,86769522,red pomelos,19‐2‐2024,China,LEHMANN & TROOST B.V.,chloorfenapyr,0.01,0.01,,CONFORM
6137,shaddocks/pomelos,86769522,red pomelos,19‐2‐2024,China,LEHMANN & TROOST B.V.,imazalil,0.2,4.0,,CONFORM
6138,shaddocks/pomelos,86769522,red pomelos,19‐2‐2024,China,LEHMANN & TROOST B.V.,lufenuron,0.012,0.01,,NIET CONFORM*
6139,shaddocks/pomelos,86769522,red pomelos,19‐2‐2024,China,LEHMANN & TROOST B.V.,paclobutrazool,0.0054,0.01,,CONFORM
6140,shaddocks/pomelos,86769522,red pomelos,19‐2‐2024,China,LEHMANN & TROOST B.V.,prochloraz (som),0.017,0.03,,CONFORM
6141,shaddocks/pomelos,86769522,red pomelos,19‐2‐2024,China,LEHMANN & TROOST B.V.,pyraclostrobin,0.0062,2.0,,CONFORM
6142,shaddocks/pomelos,86769522,red pomelos,19‐2‐2024,China,LEHMANN & TROOST B.V.,tebuconazool,0.0061,5.0,,CONFORM
6143,shaddocks/pomelos,86769522,red pomelos,19‐2‐2024,China,LEHMANN & TROOST B.V.,thiabendazool,0.022,7.0,,CONFORM
6144,shaddocks/pomelos,86769522,red pomelos,19‐2‐2024,China,LEHMANN & TROOST B.V.,Overige bestrijdingsmiddelen,,,,CONFORM
6145,shaddocks/pomelos,86769549,red pomelos,19‐2‐2024,China,LEHMANN & TROOST B.V.,acetamiprid,0.0052,0.9,,CONFORM
6146,shaddocks/pomelos,86769549,red pomelos,19‐2‐2024,China,LEHMANN & TROOST B.V.,bifenthrin,0.0054,0.05,,CONFORM
6147,shaddocks/pomelos,86769549,red pomelos,19‐2‐2024,China,LEHMANN & TROOST B.V.,chloorpyrifos‐ethyl,0.013,0.01,,NIET CONFORM*
6148,shaddocks/pomelos,86769549,red pomelos,19‐2‐2024,China,LEHMANN & TROOST B.V.,etoxazole,0.0078,0.1,,CONFORM
6149,shaddocks/pomelos,86769549,red pomelos,19‐2‐2024,China,LEHMANN & TROOST B.V.,imazalil,0.2,4.0,,CONFORM
6150,shaddocks/pomelos,86769549,red pomelos,19‐2‐2024,China,LEHMANN & TROOST B.V.,paclobutrazool,0.0084,0.01,,CONFORM
6151,shaddocks/pomelos,86769549,red pomelos,19‐2‐2024,China,LEHMANN & TROOST B.V.,prochloraz (som),0.011,0.03,,CONFORM
6152,shaddocks/pomelos,86769549,red pomelos,19‐2‐2024,China,LEHMANN & TROOST B.V.,propargiet,0.01,0.01,,CONFORM
6153,shaddocks/pomelos,86769549,red pomelos,19‐2‐2024,China,LEHMANN & TROOST B.V.,pyraclostrobin,0.017,2.0,,CONFORM
6154,shaddocks/pomelos,86769549,red pomelos,19‐2‐2024,China,LEHMANN & TROOST B.V.,tebuconazool,0.011,5.0,,CONFORM
6155,shaddocks/pomelos,86769549,red pomelos,19‐2‐2024,China,LEHMANN & TROOST B.V.,thiabendazool,0.033,7.0,,CONFORM
6156,shaddocks/pomelos,86769549,red pomelos,19‐2‐2024,China,LEHMANN & TROOST B.V.,Overige bestrijdingsmiddelen,,,,CONFORM
6157,shaddocks/pomelos,86769557,red pomelos,19‐2‐2024,China,LEHMANN & TROOST B.V.,acetamiprid,0.006,0.9,,CONFORM
6158,shaddocks/pomelos,86769557,red pomelos,19‐2‐2024,China,LEHMANN & TROOST B.V.,bifenthrin,0.0085,0.05,,CONFORM
6159,shaddocks/pomelos,86769557,red pomelos,19‐2‐2024,China,LEHMANN & TROOST B.V.,etoxazole,0.0085,0.1,,CONFORM
6160,shaddocks/pomelos,86769557,red pomelos,19‐2‐2024,China,LEHMANN & TROOST B.V.,imazalil,0.45,4.0,,CONFORM
6161,shaddocks/pomelos,86769557,red pomelos,19‐2‐2024,China,LEHMANN & TROOST B.V.,paclobutrazool,0.03,0.01,,NIET CONFORM
6162,shaddocks/pomelos,86769557,red pomelos,19‐2‐2024,China,LEHMANN & TROOST B.V.,prochloraz (som),0.0054,0.03,,CONFORM
6163,shaddocks/pomelos,86769557,red pomelos,19‐2‐2024,China,LEHMANN & TROOST B.V.,pyraclostrobin,0.023,2.0,,CONFORM
6164,shaddocks/pomelos,86769557,red pomelos,19‐2‐2024,China,LEHMANN & TROOST B.V.,pyriproxyfen,0.0071,0.6,,CONFORM
6165,shaddocks/pomelos,86769557,red pomelos,19‐2‐2024,China,LEHMANN & TROOST B.V.,tebuconazool,0.028,5.0,,CONFORM
6166,shaddocks/pomelos,86769557,red pomelos,19‐2‐2024,China,LEHMANN & TROOST B.V.,thiabendazool,0.11,7.0,,CONFORM
6167,shaddocks/pomelos,86769557,red pomelos,19‐2‐2024,China,LEHMANN & TROOST B.V.,Overige bestrijdingsmiddelen,,,,CONFORM
6168,shaddocks/pomelos,86769565,red pomelos,19‐2‐2024,China,LEHMANN & TROOST B.V.,bifenthrin,0.0055,0.05,,CONFORM
6169,shaddocks/pomelos,86769565,red pomelos,19‐2‐2024,China,LEHMANN & TROOST B.V.,chloorpyrifos‐ethyl,0.0068,0.01,,CONFORM
6170,shaddocks/pomelos,86769565,red pomelos,19‐2‐2024,China,LEHMANN & TROOST B.V.,clothianidin,0.0073,0.06,,CONFORM
6171,shaddocks/pomelos,86769565,red pomelos,19‐2‐2024,China,LEHMANN & TROOST B.V.,difenoconazool,0.0057,0.6,,CONFORM
6172,shaddocks/pomelos,86769565,red pomelos,19‐2‐2024,China,LEHMANN & TROOST B.V.,imazalil,0.23,4.0,,CONFORM
6173,shaddocks/pomelos,86769565,red pomelos,19‐2‐2024,China,LEHMANN & TROOST B.V.,paclobutrazool,0.011,0.01,,NIET CONFORM*
6174,shaddocks/pomelos,86769565,red pomelos,19‐2‐2024,China,LEHMANN & TROOST B.V.,prochloraz (som),0.0087,0.03,,CONFORM
6175,shaddocks/pomelos,86769565,red pomelos,19‐2‐2024,China,LEHMANN & TROOST B.V.,pyraclostrobin,0.019,2.0,,CONFORM
6176,shaddocks/pomelos,86769565,red pomelos,19‐2‐2024,China,LEHMANN & TROOST B.V.,tebuconazool,0.033,5.0,,CONFORM
6177,shaddocks/pomelos,86769565,red pomelos,19‐2‐2024,China,LEHMANN & TROOST B.V.,thiabendazool,0.041,7.0,,CONFORM
6178,shaddocks/pomelos,86769565,red pomelos,19‐2‐2024,China,LEHMANN & TROOST B.V.,Overige bestrijdingsmiddelen,,,,CONFORM
6179,shaddocks/pomelos,86769573,red pomelos,19‐2‐2024,China,LEHMANN & TROOST B.V.,acetamiprid,0.0064,0.9,,CONFORM
6180,shaddocks/pomelos,86769573,red pomelos,19‐2‐2024,China,LEHMANN & TROOST B.V.,clothianidin,0.021,0.06,,CONFORM
6181,shaddocks/pomelos,86769573,red pomelos,19‐2‐2024,China,LEHMANN & TROOST B.V.,cyhalothrin‐lambda,0.017,0.2,,CONFORM
6182,shaddocks/pomelos,86769573,red pomelos,19‐2‐2024,China,LEHMANN & TROOST B.V.,difenoconazool,0.0088,0.6,,CONFORM
6183,shaddocks/pomelos,86769573,red pomelos,19‐2‐2024,China,LEHMANN & TROOST B.V.,imazalil,0.047,4.0,,CONFORM
6184,shaddocks/pomelos,86769573,red pomelos,19‐2‐2024,China,LEHMANN & TROOST B.V.,lufenuron,0.02,0.01,,NIET CONFORM*
6185,shaddocks/pomelos,86769573,red pomelos,19‐2‐2024,China,LEHMANN & TROOST B.V.,prochloraz (som),0.013,0.03,,CONFORM
6186,shaddocks/pomelos,86769573,red pomelos,19‐2‐2024,China,LEHMANN & TROOST B.V.,propamocarb,0.035,0.01,,NIET CONFORM
6187,shaddocks/pomelos,86769573,red pomelos,19‐2‐2024,China,LEHMANN & TROOST B.V.,pyraclostrobin,0.041,2.0,,CONFORM
6188,shaddocks/pomelos,86769573,red pomelos,19‐2‐2024,China,LEHMANN & TROOST B.V.,tebuconazool,0.032,5.0,,CONFORM
6189,shaddocks/pomelos,86769573,red pomelos,19‐2‐2024,China,LEHMANN & TROOST B.V.,thiabendazool,0.012,7.0,,CONFORM
6190,shaddocks/pomelos,86769573,red pomelos,19‐2‐2024,China,LEHMANN & TROOST B.V.,Overige bestrijdingsmiddelen,,,,CONFORM
6191,shaddocks/pomelos,86769778,pomelos,26‐2‐2024,China,ROVEG FRUIT B.V.,acetamiprid,0.0076,0.9,,CONFORM
6192,shaddocks/pomelos,86769778,pomelos,26‐2‐2024,China,ROVEG FRUIT B.V.,chloorantraniliprole,0.0053,0.7,,CONFORM
6193,shaddocks/pomelos,86769778,pomelos,26‐2‐2024,China,ROVEG FRUIT B.V.,cyhalothrin‐lambda,0.011,0.2,,CONFORM
6194,shaddocks/pomelos,86769778,pomelos,26‐2‐2024,China,ROVEG FRUIT B.V.,difenoconazool,0.0061,0.6,,CONFORM
6195,shaddocks/pomelos,86769778,pomelos,26‐2‐2024,China,ROVEG FRUIT B.V.,imazalil,0.025,4.0,,CONFORM
6196,shaddocks/pomelos,86769778,pomelos,26‐2‐2024,China,ROVEG FRUIT B.V.,pyraclostrobin,0.018,2.0,,CONFORM
6197,shaddocks/pomelos,86769778,pomelos,26‐2‐2024,China,ROVEG FRUIT B.V.,pyriproxyfen,0.0078,0.6,,CONFORM
6198,shaddocks/pomelos,86769778,pomelos,26‐2‐2024,China,ROVEG FRUIT B.V.,tebuconazool,0.0086,5.0,,CONFORM
6199,shaddocks/pomelos,86769778,pomelos,26‐2‐2024,China,ROVEG FRUIT B.V.,Overige bestrijdingsmiddelen,,,,CONFORM
6200,shaddocks/pomelos,86802155,Pomelo Star Rubi,19‐1‐2024,Spanje,VAN GEEST INTERNATIONAL B.V.,fenpyroximaat,0.0053,0.5,,CONFORM
6201,shaddocks/pomelos,86802155,Pomelo Star Rubi,19‐1‐2024,Spanje,VAN GEEST INTERNATIONAL B.V.,fenylfenol‐2,1.9,10.0,,CONFORM
6202,shaddocks/pomelos,86802155,Pomelo Star Rubi,19‐1‐2024,Spanje,VAN GEEST INTERNATIONAL B.V.,imazalil,2.1,4.0,,CONFORM
6203,shaddocks/pomelos,86802155,Pomelo Star Rubi,19‐1‐2024,Spanje,VAN GEEST INTERNATIONAL B.V.,pyrimethanil,0.008,8.0,,CONFORM
6204,shaddocks/pomelos,86802155,Pomelo Star Rubi,19‐1‐2024,Spanje,VAN GEEST INTERNATIONAL B.V.,spirotetramat (som),0.012,0.5,,CONFORM
6205,shaddocks/pomelos,86802155,Pomelo Star Rubi,19‐1‐2024,Spanje,VAN GEEST INTERNATIONAL B.V.,Overige bestrijdingsmiddelen,,,,CONFORM
6206,shaddocks/pomelos,86843285,Honey Pomelo,17‐10‐2024,China,YEX B.V.,acetamiprid,0.02,0.9,,CONFORM
6207,shaddocks/pomelos,86843285,Honey Pomelo,17‐10‐2024,China,YEX B.V.,cypermethrin,0.0055,2.0,,CONFORM
6208,shaddocks/pomelos,86843285,Honey Pomelo,17‐10‐2024,China,YEX B.V.,difenoconazool,0.023,0.6,,CONFORM
6209,shaddocks/pomelos,86843285,Honey Pomelo,17‐10‐2024,China,YEX B.V.,imazalil,0.04,4.0,,CONFORM
6210,shaddocks/pomelos,86843285,Honey Pomelo,17‐10‐2024,China,YEX B.V.,pyriproxyfen,0.0066,0.7,,CONFORM
6211,shaddocks/pomelos,86843285,Honey Pomelo,17‐10‐2024,China,YEX B.V.,Overige bestrijdingsmiddelen,,,,CONFORM
6212,shaddocks/pomelos,86851164,Pomelo Honey,31‐10‐2024,China,WILKO FRUIT B.V.,acetamiprid,0.031,0.9,,CONFORM
6213,shaddocks/pomelos,86851164,Pomelo Honey,31‐10‐2024,China,WILKO FRUIT B.V.,difenoconazool,0.017,0.6,,CONFORM
6214,shaddocks/pomelos,86851164,Pomelo Honey,31‐10‐2024,China,WILKO FRUIT B.V.,imazalil,0.097,4.0,,CONFORM
6215,shaddocks/pomelos,86851164,Pomelo Honey,31‐10‐2024,China,WILKO FRUIT B.V.,Overige bestrijdingsmiddelen,,,,CONFORM
6216,shaddocks/pomelos,86924552,Honey Pomelo,24‐4‐2024,China,BRIMA FRUIT BV,acetamiprid,0.011,0.9,,CONFORM
6217,shaddocks/pomelos,86924552,Honey Pomelo,24‐4‐2024,China,BRIMA FRUIT BV,difenoconazool,0.032,0.6,,CONFORM
6218,shaddocks/pomelos,86924552,Honey Pomelo,24‐4‐2024,China,BRIMA FRUIT BV,imazalil,0.03,4.0,,CONFORM
6219,shaddocks/pomelos,86924552,Honey Pomelo,24‐4‐2024,China,BRIMA FRUIT BV,pyraclostrobin,0.016,2.0,,CONFORM
6220,shaddocks/pomelos,86924552,Honey Pomelo,24‐4‐2024,China,BRIMA FRUIT BV,Overige bestrijdingsmiddelen,,,,CONFORM
6221,shaddocks/pomelos,86961148,honey pomelo,7‐10‐2024,China,JUMBO DISTRIBUTIECENTRUM,acetamiprid,0.026,0.9,,CONFORM
6222,shaddocks/pomelos,86961148,honey pomelo,7‐10‐2024,China,JUMBO DISTRIBUTIECENTRUM,difenoconazool,0.026,0.6,,CONFORM
6223,shaddocks/pomelos,86961148,honey pomelo,7‐10‐2024,China,JUMBO DISTRIBUTIECENTRUM,imazalil,0.034,4.0,,CONFORM
6224,shaddocks/pomelos,86961148,honey pomelo,7‐10‐2024,China,JUMBO DISTRIBUTIECENTRUM,Overige bestrijdingsmiddelen,,,,CONFORM
6225,shaddocks/pomelos,86984288,Pomelos,11‐11‐2024,China,LEHMANN & TROOST B.V.,acetamiprid,0.028,0.9,,CONFORM
6226,shaddocks/pomelos,86984288,Pomelos,11‐11‐2024,China,LEHMANN & TROOST B.V.,difenoconazool,0.034,0.6,,CONFORM
6227,shaddocks/pomelos,86984288,Pomelos,11‐11‐2024,China,LEHMANN & TROOST B.V.,imazalil,0.084,4.0,,CONFORM
6228,shaddocks/pomelos,86984288,Pomelos,11‐11‐2024,China,LEHMANN & TROOST B.V.,pyraclostrobin,0.0088,2.0,,CONFORM
6229,shaddocks/pomelos,86984288,Pomelos,11‐11‐2024,China,LEHMANN & TROOST B.V.,Overige bestrijdingsmiddelen,,,,CONFORM
6230,shaddocks/pomelos,99396873,Green pink POMELO,22‐8‐2024,Vietnam,AMAZING ORIENTAL,clothianidin,0.012,0.06,,CONFORM
6231,shaddocks/pomelos,99396873,Green pink POMELO,22‐8‐2024,Vietnam,AMAZING ORIENTAL,cypermethrin,0.099,2.0,,CONFORM
6232,shaddocks/pomelos,99396873,Green pink POMELO,22‐8‐2024,Vietnam,AMAZING ORIENTAL,fenobucarb,0.011,0.01,,NIET CONFORM*
6233,shaddocks/pomelos,99396873,Green pink POMELO,22‐8‐2024,Vietnam,AMAZING ORIENTAL,imidacloprid,0.0051,0.9,,CONFORM
6234,shaddocks/pomelos,99396873,Green pink POMELO,22‐8‐2024,Vietnam,AMAZING ORIENTAL,profenofos,0.042,0.01,,NIET CONFORM
6235,shaddocks/pomelos,99396873,Green pink POMELO,22‐8‐2024,Vietnam,AMAZING ORIENTAL,Overige bestrijdingsmiddelen,,,,CONFORM
6236,sinaasappelen,86770032,bloed sinaasappelen,4‐3‐2024,Italië,HELLOFRESH DC PRISMALAAN,Overige bestrijdingsmiddelen,,,,CONFORM
6237,sinaasappelen,86779781,Perssinaasappelen,19‐6‐2024,Spanje,DISTRIBUTIECENTRUM ALBERT HEIJN,fenpyroximaat,0.0056,0.5,,CONFORM
6238,sinaasappelen,86779781,Perssinaasappelen,19‐6‐2024,Spanje,DISTRIBUTIECENTRUM ALBERT HEIJN,hexythiazox,0.0087,0.5,,CONFORM
6239,sinaasappelen,86779781,Perssinaasappelen,19‐6‐2024,Spanje,DISTRIBUTIECENTRUM ALBERT HEIJN,imazalil,1.5,4.0,,CONFORM
6240,sinaasappelen,86779781,Perssinaasappelen,19‐6‐2024,Spanje,DISTRIBUTIECENTRUM ALBERT HEIJN,pyrimethanil,0.83,8.0,,CONFORM
6241,sinaasappelen,86779781,Perssinaasappelen,19‐6‐2024,Spanje,DISTRIBUTIECENTRUM ALBERT HEIJN,thiabendazool,0.58,7.0,,CONFORM
6242,sinaasappelen,86779781,Perssinaasappelen,19‐6‐2024,Spanje,DISTRIBUTIECENTRUM ALBERT HEIJN,Overige bestrijdingsmiddelen,,,,CONFORM
6243,sinaasappelen,86782847,Perssinaasappelen,8‐10‐2024,Zuid Afrika,ALDI ZOETERMEER B.V.,"2,4‐D",0.059,1.0,,CONFORM
6244,sinaasappelen,86782847,Perssinaasappelen,8‐10‐2024,Zuid Afrika,ALDI ZOETERMEER B.V.,carbendazim,0.043,0.2,,CONFORM
6245,sinaasappelen,86782847,Perssinaasappelen,8‐10‐2024,Zuid Afrika,ALDI ZOETERMEER B.V.,imazalil,3.8,4.0,,CONFORM
6246,sinaasappelen,86782847,Perssinaasappelen,8‐10‐2024,Zuid Afrika,ALDI ZOETERMEER B.V.,malathion (som),0.013,2.0,,CONFORM
6247,sinaasappelen,86782847,Perssinaasappelen,8‐10‐2024,Zuid Afrika,ALDI ZOETERMEER B.V.,pyraclostrobin,0.012,2.0,,CONFORM
6248,sinaasappelen,86782847,Perssinaasappelen,8‐10‐2024,Zuid Afrika,ALDI ZOETERMEER B.V.,thiabendazool,2.1,7.0,,CONFORM
6249,sinaasappelen,86782847,Perssinaasappelen,8‐10‐2024,Zuid Afrika,ALDI ZOETERMEER B.V.,Overige bestrijdingsmiddelen,,,,CONFORM
6250,sinaasappelen,86788098,sinaasappelen,14‐2‐2024,Egypte,PICNIC FULFILLMENTCENTRUM,azoxystrobin,0.0077,15.0,,CONFORM
6251,sinaasappelen,86788098,sinaasappelen,14‐2‐2024,Egypte,PICNIC FULFILLMENTCENTRUM,captan (som),0.019,0.03,,CONFORM
6252,sinaasappelen,86788098,sinaasappelen,14‐2‐2024,Egypte,PICNIC FULFILLMENTCENTRUM,cyhalothrin‐lambda,0.0058,0.2,,CONFORM
6253,sinaasappelen,86788098,sinaasappelen,14‐2‐2024,Egypte,PICNIC FULFILLMENTCENTRUM,fenylfenol‐2,2.6,10.0,,CONFORM
6254,sinaasappelen,86788098,sinaasappelen,14‐2‐2024,Egypte,PICNIC FULFILLMENTCENTRUM,imazalil,1.3,4.0,,CONFORM
6255,sinaasappelen,86788098,sinaasappelen,14‐2‐2024,Egypte,PICNIC FULFILLMENTCENTRUM,pyriproxyfen,0.04,0.6,,CONFORM
6256,sinaasappelen,86788098,sinaasappelen,14‐2‐2024,Egypte,PICNIC FULFILLMENTCENTRUM,thiabendazool,0.45,7.0,,CONFORM
6257,sinaasappelen,86788098,sinaasappelen,14‐2‐2024,Egypte,PICNIC FULFILLMENTCENTRUM,Overige bestrijdingsmiddelen,,,,CONFORM
6258,sinaasappelen,86788179,navel sinaasappelen,14‐2‐2024,Spanje,PICNIC FULFILLMENTCENTRUM,acetamiprid,0.02,0.9,,CONFORM
6259,sinaasappelen,86788179,navel sinaasappelen,14‐2‐2024,Spanje,PICNIC FULFILLMENTCENTRUM,captan (som),0.016,0.03,,CONFORM
6260,sinaasappelen,86788179,navel sinaasappelen,14‐2‐2024,Spanje,PICNIC FULFILLMENTCENTRUM,cyhalothrin‐lambda,0.0067,0.2,,CONFORM
6261,sinaasappelen,86788179,navel sinaasappelen,14‐2‐2024,Spanje,PICNIC FULFILLMENTCENTRUM,imazalil,0.98,4.0,,CONFORM
6262,sinaasappelen,86788179,navel sinaasappelen,14‐2‐2024,Spanje,PICNIC FULFILLMENTCENTRUM,pyrimethanil,1.3,8.0,,CONFORM
6263,sinaasappelen,86788179,navel sinaasappelen,14‐2‐2024,Spanje,PICNIC FULFILLMENTCENTRUM,pyriproxyfen,0.047,0.6,,CONFORM
6264,sinaasappelen,86788179,navel sinaasappelen,14‐2‐2024,Spanje,PICNIC FULFILLMENTCENTRUM,Overige bestrijdingsmiddelen,,,,CONFORM
6265,sinaasappelen,86788411,sinaasappelen,6‐3‐2024,Italië,UDEA B.V. (HOOFDKANTOOR),Overige bestrijdingsmiddelen,,,,CONFORM
6266,sinaasappelen,86797402,Citrus valencia Orange,26‐3‐2024,Egypte,VAN GELDER RIDDERKERK B.V.,fenylfenol‐2,0.15,10.0,,CONFORM
6267,sinaasappelen,86797402,Citrus valencia Orange,26‐3‐2024,Egypte,VAN GELDER RIDDERKERK B.V.,fludioxonil,0.74,10.0,,CONFORM
6268,sinaasappelen,86797402,Citrus valencia Orange,26‐3‐2024,Egypte,VAN GELDER RIDDERKERK B.V.,imazalil,0.48,4.0,,CONFORM
6269,sinaasappelen,86797402,Citrus valencia Orange,26‐3‐2024,Egypte,VAN GELDER RIDDERKERK B.V.,thiabendazool,0.23,7.0,,CONFORM
6270,sinaasappelen,86797402,Citrus valencia Orange,26‐3‐2024,Egypte,VAN GELDER RIDDERKERK B.V.,Overige bestrijdingsmiddelen,,,,CONFORM
6271,sinaasappelen,86807661,Sinaasappelen,12‐8‐2024,Zuid Afrika,PICNIC FULFILLMENTCENTRUM,"2,4‐D",0.069,1.0,,CONFORM
6272,sinaasappelen,86807661,Sinaasappelen,12‐8‐2024,Zuid Afrika,PICNIC FULFILLMENTCENTRUM,azoxystrobin,0.013,15.0,,CONFORM
6273,sinaasappelen,86807661,Sinaasappelen,12‐8‐2024,Zuid Afrika,PICNIC FULFILLMENTCENTRUM,imazalil,4.0,4.0,,CONFORM
6274,sinaasappelen,86807661,Sinaasappelen,12‐8‐2024,Zuid Afrika,PICNIC FULFILLMENTCENTRUM,pyrimethanil,1.9,8.0,,CONFORM
6275,sinaasappelen,86807661,Sinaasappelen,12‐8‐2024,Zuid Afrika,PICNIC FULFILLMENTCENTRUM,spirotetramat (som),0.017,0.5,,CONFORM
6276,sinaasappelen,86807661,Sinaasappelen,12‐8‐2024,Zuid Afrika,PICNIC FULFILLMENTCENTRUM,thiabendazool,0.24,7.0,,CONFORM
6277,sinaasappelen,86807661,Sinaasappelen,12‐8‐2024,Zuid Afrika,PICNIC FULFILLMENTCENTRUM,Overige bestrijdingsmiddelen,,,,CONFORM
6278,sinaasappelen,86809591,sinaasappel,29‐5‐2024,Spanje,DISTRIBUTIECENTRUM ALBERT HEIJN,imazalil,1.6,4.0,,CONFORM
6279,sinaasappelen,86809591,sinaasappel,29‐5‐2024,Spanje,DISTRIBUTIECENTRUM ALBERT HEIJN,pyrimethanil,0.051,8.0,,CONFORM
6280,sinaasappelen,86809591,sinaasappel,29‐5‐2024,Spanje,DISTRIBUTIECENTRUM ALBERT HEIJN,thiabendazool,0.0071,7.0,,CONFORM
6281,sinaasappelen,86809591,sinaasappel,29‐5‐2024,Spanje,DISTRIBUTIECENTRUM ALBERT HEIJN,Overige bestrijdingsmiddelen,,,,CONFORM
6282,sinaasappelen,86811669,pers sinaasappelen,16‐4‐2024,Egypte,EUROFRESH,fenylfenol‐2,1.3,10.0,,CONFORM
6283,sinaasappelen,86811669,pers sinaasappelen,16‐4‐2024,Egypte,EUROFRESH,imazalil,2.5,4.0,,CONFORM
6284,sinaasappelen,86811669,pers sinaasappelen,16‐4‐2024,Egypte,EUROFRESH,pyriproxyfen,0.034,0.7,,CONFORM
6285,sinaasappelen,86811669,pers sinaasappelen,16‐4‐2024,Egypte,EUROFRESH,thiabendazool,0.89,7.0,,CONFORM
6286,sinaasappelen,86811669,pers sinaasappelen,16‐4‐2024,Egypte,EUROFRESH,Overige bestrijdingsmiddelen,,,,CONFORM
6287,sinaasappelen,86812495,sinaasappelen,7‐5‐2024,Spanje,AARTSEN VENLO B.V.,etofenprox,0.015,1.5,,CONFORM
6288,sinaasappelen,86812495,sinaasappelen,7‐5‐2024,Spanje,AARTSEN VENLO B.V.,imazalil,1.2,4.0,,CONFORM
6289,sinaasappelen,86812495,sinaasappelen,7‐5‐2024,Spanje,AARTSEN VENLO B.V.,pyrimethanil,0.4,8.0,,CONFORM
6290,sinaasappelen,86812495,sinaasappelen,7‐5‐2024,Spanje,AARTSEN VENLO B.V.,Overige bestrijdingsmiddelen,,,,CONFORM
6291,sinaasappelen,86812797,sinaasappelen,21‐5‐2024,Spanje,GROOTHANDEL GROENTE EN FRUIT S.C. VAN RAVENSWAAIJ,hexythiazox,0.043,0.5,,CONFORM
6292,sinaasappelen,86812797,sinaasappelen,21‐5‐2024,Spanje,GROOTHANDEL GROENTE EN FRUIT S.C. VAN RAVENSWAAIJ,imazalil,0.86,4.0,,CONFORM
6293,sinaasappelen,86812797,sinaasappelen,21‐5‐2024,Spanje,GROOTHANDEL GROENTE EN FRUIT S.C. VAN RAVENSWAAIJ,pyridaben,0.0073,0.3,,CONFORM
6294,sinaasappelen,86812797,sinaasappelen,21‐5‐2024,Spanje,GROOTHANDEL GROENTE EN FRUIT S.C. VAN RAVENSWAAIJ,pyriproxyfen,0.057,0.7,,CONFORM
6295,sinaasappelen,86812797,sinaasappelen,21‐5‐2024,Spanje,GROOTHANDEL GROENTE EN FRUIT S.C. VAN RAVENSWAAIJ,Overige bestrijdingsmiddelen,,,,CONFORM
6296,sinaasappelen,86832607,sinaasappelen valencias,24‐10‐2024,Zuid Afrika,STAAY‐VAN RIJN,"2,4‐D",0.088,1.0,,CONFORM
6297,sinaasappelen,86832607,sinaasappelen valencias,24‐10‐2024,Zuid Afrika,STAAY‐VAN RIJN,azoxystrobin,0.34,15.0,,CONFORM
6298,sinaasappelen,86832607,sinaasappelen valencias,24‐10‐2024,Zuid Afrika,STAAY‐VAN RIJN,fludioxonil,2.1,10.0,,CONFORM
6299,sinaasappelen,86832607,sinaasappelen valencias,24‐10‐2024,Zuid Afrika,STAAY‐VAN RIJN,malathion (som),0.007,2.0,,CONFORM
6300,sinaasappelen,86832607,sinaasappelen valencias,24‐10‐2024,Zuid Afrika,STAAY‐VAN RIJN,pyraclostrobin,0.071,2.0,,CONFORM
6301,sinaasappelen,86832607,sinaasappelen valencias,24‐10‐2024,Zuid Afrika,STAAY‐VAN RIJN,pyriproxyfen,0.031,0.7,,CONFORM
6302,sinaasappelen,86832607,sinaasappelen valencias,24‐10‐2024,Zuid Afrika,STAAY‐VAN RIJN,thiabendazool,0.2,7.0,,CONFORM
6303,sinaasappelen,86832607,sinaasappelen valencias,24‐10‐2024,Zuid Afrika,STAAY‐VAN RIJN,Overige bestrijdingsmiddelen,,,,CONFORM
6304,sinaasappelen,86832801,sinaasappelen,29‐10‐2024,Zuid Afrika,BOUWMAN FRUIT,azoxystrobin,2.6,15.0,,CONFORM
6305,sinaasappelen,86832801,sinaasappelen,29‐10‐2024,Zuid Afrika,BOUWMAN FRUIT,fludioxonil,2.2,10.0,,CONFORM
6306,sinaasappelen,86832801,sinaasappelen,29‐10‐2024,Zuid Afrika,BOUWMAN FRUIT,pyrimethanil,0.22,8.0,,CONFORM
6307,sinaasappelen,86832801,sinaasappelen,29‐10‐2024,Zuid Afrika,BOUWMAN FRUIT,thiabendazool,1.9,7.0,,CONFORM
6308,sinaasappelen,86832801,sinaasappelen,29‐10‐2024,Zuid Afrika,BOUWMAN FRUIT,Overige bestrijdingsmiddelen,,,,CONFORM
6309,sinaasappelen,86832828,sinaasappelen,29‐10‐2024,Zuid Afrika,BOUWMAN FRUIT,"2,4‐D",0.062,1.0,,CONFORM
6310,sinaasappelen,86832828,sinaasappelen,29‐10‐2024,Zuid Afrika,BOUWMAN FRUIT,azoxystrobin,2.2,15.0,,CONFORM
6311,sinaasappelen,86832828,sinaasappelen,29‐10‐2024,Zuid Afrika,BOUWMAN FRUIT,fludioxonil,1.5,10.0,,CONFORM
6312,sinaasappelen,86832828,sinaasappelen,29‐10‐2024,Zuid Afrika,BOUWMAN FRUIT,pyrimethanil,1.6,8.0,,CONFORM
6313,sinaasappelen,86832828,sinaasappelen,29‐10‐2024,Zuid Afrika,BOUWMAN FRUIT,terbuthylazine,0.0057,0.01,,CONFORM
6314,sinaasappelen,86832828,sinaasappelen,29‐10‐2024,Zuid Afrika,BOUWMAN FRUIT,thiabendazool,1.6,7.0,,CONFORM
6315,sinaasappelen,86832828,sinaasappelen,29‐10‐2024,Zuid Afrika,BOUWMAN FRUIT,Overige bestrijdingsmiddelen,,,,CONFORM
6316,sinaasappelen,86832836,sinaasappelen,29‐10‐2024,Zuid Afrika,BOUWMAN FRUIT,"2,4‐D",0.11,1.0,,CONFORM
6317,sinaasappelen,86832836,sinaasappelen,29‐10‐2024,Zuid Afrika,BOUWMAN FRUIT,azoxystrobin,1.7,15.0,,CONFORM
6318,sinaasappelen,86832836,sinaasappelen,29‐10‐2024,Zuid Afrika,BOUWMAN FRUIT,fludioxonil,1.6,10.0,,CONFORM
6319,sinaasappelen,86832836,sinaasappelen,29‐10‐2024,Zuid Afrika,BOUWMAN FRUIT,pyrimethanil,1.4,8.0,,CONFORM
6320,sinaasappelen,86832836,sinaasappelen,29‐10‐2024,Zuid Afrika,BOUWMAN FRUIT,thiabendazool,0.89,7.0,,CONFORM
6321,sinaasappelen,86832836,sinaasappelen,29‐10‐2024,Zuid Afrika,BOUWMAN FRUIT,Overige bestrijdingsmiddelen,,,,CONFORM
6322,sinaasappelen,86832844,sinaasappelen,29‐10‐2024,Zuid Afrika,BOUWMAN FRUIT,"2,4‐D",0.073,1.0,,CONFORM
6323,sinaasappelen,86832844,sinaasappelen,29‐10‐2024,Zuid Afrika,BOUWMAN FRUIT,azoxystrobin,2.3,15.0,,CONFORM
6324,sinaasappelen,86832844,sinaasappelen,29‐10‐2024,Zuid Afrika,BOUWMAN FRUIT,fludioxonil,1.6,10.0,,CONFORM
6325,sinaasappelen,86832844,sinaasappelen,29‐10‐2024,Zuid Afrika,BOUWMAN FRUIT,pyrimethanil,2.1,8.0,,CONFORM
6326,sinaasappelen,86832844,sinaasappelen,29‐10‐2024,Zuid Afrika,BOUWMAN FRUIT,terbuthylazine,0.0071,0.01,,CONFORM
6327,sinaasappelen,86832844,sinaasappelen,29‐10‐2024,Zuid Afrika,BOUWMAN FRUIT,thiabendazool,1.8,7.0,,CONFORM
6328,sinaasappelen,86832844,sinaasappelen,29‐10‐2024,Zuid Afrika,BOUWMAN FRUIT,Overige bestrijdingsmiddelen,,,,CONFORM
6329,sinaasappelen,86832852,sinaasappelen,29‐10‐2024,Zuid Afrika,BOUWMAN FRUIT,azoxystrobin,0.039,15.0,,CONFORM
6330,sinaasappelen,86832852,sinaasappelen,29‐10‐2024,Zuid Afrika,BOUWMAN FRUIT,fludioxonil,0.0069,10.0,,CONFORM
6331,sinaasappelen,86832852,sinaasappelen,29‐10‐2024,Zuid Afrika,BOUWMAN FRUIT,imazalil,1.6,4.0,,CONFORM
6332,sinaasappelen,86832852,sinaasappelen,29‐10‐2024,Zuid Afrika,BOUWMAN FRUIT,methoxyfenozide,0.078,2.0,,CONFORM
6333,sinaasappelen,86832852,sinaasappelen,29‐10‐2024,Zuid Afrika,BOUWMAN FRUIT,pyraclostrobin,0.0052,2.0,,CONFORM
6334,sinaasappelen,86832852,sinaasappelen,29‐10‐2024,Zuid Afrika,BOUWMAN FRUIT,pyrimethanil,0.63,8.0,,CONFORM
6335,sinaasappelen,86832852,sinaasappelen,29‐10‐2024,Zuid Afrika,BOUWMAN FRUIT,pyriproxyfen,0.0057,0.7,,CONFORM
6336,sinaasappelen,86832852,sinaasappelen,29‐10‐2024,Zuid Afrika,BOUWMAN FRUIT,thiabendazool,1.1,7.0,,CONFORM
6337,sinaasappelen,86832852,sinaasappelen,29‐10‐2024,Zuid Afrika,BOUWMAN FRUIT,Overige bestrijdingsmiddelen,,,,CONFORM
6338,sinaasappelen,86851199,Perssinaasappelen,5‐11‐2024,Zuid Afrika,DISTRIBUTIECENTRUM ALBERT HEIJN,imazalil,1.3,4.0,,CONFORM
6339,sinaasappelen,86851199,Perssinaasappelen,5‐11‐2024,Zuid Afrika,DISTRIBUTIECENTRUM ALBERT HEIJN,methoxyfenozide,0.046,2.0,,CONFORM
6340,sinaasappelen,86851199,Perssinaasappelen,5‐11‐2024,Zuid Afrika,DISTRIBUTIECENTRUM ALBERT HEIJN,pyraclostrobin,0.038,2.0,,CONFORM
6341,sinaasappelen,86851199,Perssinaasappelen,5‐11‐2024,Zuid Afrika,DISTRIBUTIECENTRUM ALBERT HEIJN,pyrimethanil,1.9,8.0,,CONFORM
6342,sinaasappelen,86851199,Perssinaasappelen,5‐11‐2024,Zuid Afrika,DISTRIBUTIECENTRUM ALBERT HEIJN,pyriproxyfen,0.0099,0.7,,CONFORM
6343,sinaasappelen,86851199,Perssinaasappelen,5‐11‐2024,Zuid Afrika,DISTRIBUTIECENTRUM ALBERT HEIJN,thiabendazool,0.59,7.0,,CONFORM
6344,sinaasappelen,86851199,Perssinaasappelen,5‐11‐2024,Zuid Afrika,DISTRIBUTIECENTRUM ALBERT HEIJN,Overige bestrijdingsmiddelen,,,,CONFORM
6345,sinaasappelen,86851202,Handsinaasappelen,5‐11‐2024,Zuid Afrika,DISTRIBUTIECENTRUM ALBERT HEIJN,"2,4‐D",0.087,1.0,,CONFORM
6346,sinaasappelen,86851202,Handsinaasappelen,5‐11‐2024,Zuid Afrika,DISTRIBUTIECENTRUM ALBERT HEIJN,azoxystrobin,1.2,15.0,,CONFORM
6347,sinaasappelen,86851202,Handsinaasappelen,5‐11‐2024,Zuid Afrika,DISTRIBUTIECENTRUM ALBERT HEIJN,fludioxonil,2.6,10.0,,CONFORM
6348,sinaasappelen,86851202,Handsinaasappelen,5‐11‐2024,Zuid Afrika,DISTRIBUTIECENTRUM ALBERT HEIJN,imazalil,0.52,4.0,,CONFORM
6349,sinaasappelen,86851202,Handsinaasappelen,5‐11‐2024,Zuid Afrika,DISTRIBUTIECENTRUM ALBERT HEIJN,methoxyfenozide,0.025,2.0,,CONFORM
6350,sinaasappelen,86851202,Handsinaasappelen,5‐11‐2024,Zuid Afrika,DISTRIBUTIECENTRUM ALBERT HEIJN,pyrimethanil,2.0,8.0,,CONFORM
6351,sinaasappelen,86851202,Handsinaasappelen,5‐11‐2024,Zuid Afrika,DISTRIBUTIECENTRUM ALBERT HEIJN,pyriproxyfen,0.0081,0.7,,CONFORM
6352,sinaasappelen,86851202,Handsinaasappelen,5‐11‐2024,Zuid Afrika,DISTRIBUTIECENTRUM ALBERT HEIJN,thiabendazool,0.77,7.0,,CONFORM
6353,sinaasappelen,86851202,Handsinaasappelen,5‐11‐2024,Zuid Afrika,DISTRIBUTIECENTRUM ALBERT HEIJN,Overige bestrijdingsmiddelen,,,,CONFORM
6354,sinaasappelen,86894432,sinaasappelen,21‐8‐2024,Zuid Afrika,JUMBO DISTRIBUTIECENTRUM (409),fenylfenol‐2,0.0079,10.0,,CONFORM
6355,sinaasappelen,86894432,sinaasappelen,21‐8‐2024,Zuid Afrika,JUMBO DISTRIBUTIECENTRUM (409),imazalil,4.6,4.0,,NIET CONFORM*
6356,sinaasappelen,86894432,sinaasappelen,21‐8‐2024,Zuid Afrika,JUMBO DISTRIBUTIECENTRUM (409),pyraclostrobin,0.0054,2.0,,CONFORM
6357,sinaasappelen,86894432,sinaasappelen,21‐8‐2024,Zuid Afrika,JUMBO DISTRIBUTIECENTRUM (409),pyrimethanil,0.99,8.0,,CONFORM
6358,sinaasappelen,86894432,sinaasappelen,21‐8‐2024,Zuid Afrika,JUMBO DISTRIBUTIECENTRUM (409),thiabendazool,2.7,7.0,,CONFORM
6359,sinaasappelen,86894432,sinaasappelen,21‐8‐2024,Zuid Afrika,JUMBO DISTRIBUTIECENTRUM (409),Overige bestrijdingsmiddelen,,,,CONFORM
6360,sinaasappelen,86894467,sinasappelen,21‐8‐2024,Egypte,JUMBO DISTRIBUTIECENTRUM (409),etofenprox,0.02,1.5,,CONFORM
6361,sinaasappelen,86894467,sinasappelen,21‐8‐2024,Egypte,JUMBO DISTRIBUTIECENTRUM (409),fenylfenol‐2,1.3,10.0,,CONFORM
6362,sinaasappelen,86894467,sinasappelen,21‐8‐2024,Egypte,JUMBO DISTRIBUTIECENTRUM (409),imazalil,0.21,4.0,,CONFORM
6363,sinaasappelen,86894467,sinasappelen,21‐8‐2024,Egypte,JUMBO DISTRIBUTIECENTRUM (409),pyriproxyfen,0.04,0.7,,CONFORM
6364,sinaasappelen,86894467,sinasappelen,21‐8‐2024,Egypte,JUMBO DISTRIBUTIECENTRUM (409),thiabendazool,0.14,7.0,,CONFORM
6365,sinaasappelen,86894467,sinasappelen,21‐8‐2024,Egypte,JUMBO DISTRIBUTIECENTRUM (409),Overige bestrijdingsmiddelen,,,,CONFORM
6366,sinaasappelen,86924706,persinaasappelen,22‐5‐2024,Egypte,COOP SUPERMARKTEN,deltamethrin,0.021,0.04,,CONFORM
6367,sinaasappelen,86924706,persinaasappelen,22‐5‐2024,Egypte,COOP SUPERMARKTEN,fenylfenol‐2,1.3,10.0,,CONFORM
6368,sinaasappelen,86924706,persinaasappelen,22‐5‐2024,Egypte,COOP SUPERMARKTEN,imazalil,1.8,4.0,,CONFORM
6369,sinaasappelen,86924706,persinaasappelen,22‐5‐2024,Egypte,COOP SUPERMARKTEN,thiabendazool,0.48,7.0,,CONFORM
6370,sinaasappelen,86924706,persinaasappelen,22‐5‐2024,Egypte,COOP SUPERMARKTEN,Overige bestrijdingsmiddelen,,,,CONFORM
6371,sinaasappelen,86963116,sinaasappel,19‐8‐2024,Uruguay,FIRMA POSTUMA‐KAMPEN,azoxystrobin,0.047,15.0,,CONFORM
6372,sinaasappelen,86963116,sinaasappel,19‐8‐2024,Uruguay,FIRMA POSTUMA‐KAMPEN,fenylfenol‐2,0.67,10.0,,CONFORM
6373,sinaasappelen,86963116,sinaasappel,19‐8‐2024,Uruguay,FIRMA POSTUMA‐KAMPEN,imazalil,2.6,4.0,,CONFORM
6374,sinaasappelen,86963116,sinaasappel,19‐8‐2024,Uruguay,FIRMA POSTUMA‐KAMPEN,pyraclostrobin,0.012,2.0,,CONFORM
6375,sinaasappelen,86963116,sinaasappel,19‐8‐2024,Uruguay,FIRMA POSTUMA‐KAMPEN,pyrimethanil,2.6,8.0,,CONFORM
6376,sinaasappelen,86963116,sinaasappel,19‐8‐2024,Uruguay,FIRMA POSTUMA‐KAMPEN,spirotetramat (som),0.016,0.5,,CONFORM
6377,sinaasappelen,86963116,sinaasappel,19‐8‐2024,Uruguay,FIRMA POSTUMA‐KAMPEN,Overige bestrijdingsmiddelen,,,,CONFORM
6378,sinaasappelen,86997533,hand sinaasappelen,30‐9‐2024,Zuid Afrika,O. SMEDING EN ZOON B.V.,azoxystrobin,1.4,15.0,,CONFORM
6379,sinaasappelen,86997533,hand sinaasappelen,30‐9‐2024,Zuid Afrika,O. SMEDING EN ZOON B.V.,fludioxonil,3.3,10.0,,CONFORM
6380,sinaasappelen,86997533,hand sinaasappelen,30‐9‐2024,Zuid Afrika,O. SMEDING EN ZOON B.V.,pyrimethanil,1.1,8.0,,CONFORM
6381,sinaasappelen,86997533,hand sinaasappelen,30‐9‐2024,Zuid Afrika,O. SMEDING EN ZOON B.V.,spirotetramat (som),0.006,0.5,,CONFORM
6382,sinaasappelen,86997533,hand sinaasappelen,30‐9‐2024,Zuid Afrika,O. SMEDING EN ZOON B.V.,Overige bestrijdingsmiddelen,,,,CONFORM
6383,sinaasappelen,99368632,perssinaasappelen valencia 2kg,24‐7‐2024,Egypte,POIESZ SUPERMARKTEN,cyhalothrin‐lambda,0.012,0.2,,CONFORM
6384,sinaasappelen,99368632,perssinaasappelen valencia 2kg,24‐7‐2024,Egypte,POIESZ SUPERMARKTEN,fenylfenol‐2,1.1,10.0,,CONFORM
6385,sinaasappelen,99368632,perssinaasappelen valencia 2kg,24‐7‐2024,Egypte,POIESZ SUPERMARKTEN,imazalil,1.4,4.0,,CONFORM
6386,sinaasappelen,99368632,perssinaasappelen valencia 2kg,24‐7‐2024,Egypte,POIESZ SUPERMARKTEN,thiabendazool,0.14,7.0,,CONFORM
6387,sinaasappelen,99368632,perssinaasappelen valencia 2kg,24‐7‐2024,Egypte,POIESZ SUPERMARKTEN,Overige bestrijdingsmiddelen,,,,CONFORM
6388,sinaasappelen,99368934,handsinaasappelen 2KG,30‐7‐2024,Zuid Afrika,LIDL,"2,4‐D",0.054,1.0,,CONFORM
6389,sinaasappelen,99368934,handsinaasappelen 2KG,30‐7‐2024,Zuid Afrika,LIDL,fenpyroximaat,0.048,0.5,,CONFORM
6390,sinaasappelen,99368934,handsinaasappelen 2KG,30‐7‐2024,Zuid Afrika,LIDL,imazalil,1.5,4.0,,CONFORM
6391,sinaasappelen,99368934,handsinaasappelen 2KG,30‐7‐2024,Zuid Afrika,LIDL,pyrimethanil,1.5,8.0,,CONFORM
6392,sinaasappelen,99368934,handsinaasappelen 2KG,30‐7‐2024,Zuid Afrika,LIDL,spirotetramat (som),0.015,0.5,,CONFORM
6393,sinaasappelen,99368934,handsinaasappelen 2KG,30‐7‐2024,Zuid Afrika,LIDL,thiabendazool,0.16,7.0,,CONFORM
6394,sinaasappelen,99368934,handsinaasappelen 2KG,30‐7‐2024,Zuid Afrika,LIDL,trifloxystrobin,0.02,0.5,,CONFORM
6395,sinaasappelen,99368934,handsinaasappelen 2KG,30‐7‐2024,Zuid Afrika,LIDL,Overige bestrijdingsmiddelen,,,,CONFORM
6396,sinaasappelen,99393742,Handsinaasappel,8‐8‐2024,Zuid Afrika,ALDI,azoxystrobin,2.5,15.0,,CONFORM
6397,sinaasappelen,99393742,Handsinaasappel,8‐8‐2024,Zuid Afrika,ALDI,fenylfenol‐2,0.74,10.0,,CONFORM
6398,sinaasappelen,99393742,Handsinaasappel,8‐8‐2024,Zuid Afrika,ALDI,fludioxonil,1.7,10.0,,CONFORM
6399,sinaasappelen,99393742,Handsinaasappel,8‐8‐2024,Zuid Afrika,ALDI,imazalil,0.13,4.0,,CONFORM
6400,sinaasappelen,99393742,Handsinaasappel,8‐8‐2024,Zuid Afrika,ALDI,pyraclostrobin,0.0069,2.0,,CONFORM
6401,sinaasappelen,99393742,Handsinaasappel,8‐8‐2024,Zuid Afrika,ALDI,pyrimethanil,0.043,8.0,,CONFORM
6402,sinaasappelen,99393742,Handsinaasappel,8‐8‐2024,Zuid Afrika,ALDI,pyriproxyfen,0.0054,0.7,,CONFORM
6403,sinaasappelen,99393742,Handsinaasappel,8‐8‐2024,Zuid Afrika,ALDI,thiabendazool,0.33,7.0,,CONFORM
6404,sinaasappelen,99393742,Handsinaasappel,8‐8‐2024,Zuid Afrika,ALDI,Overige bestrijdingsmiddelen,,,,CONFORM
6405,sinaasappelen,99394048,Sinaasappel,15‐8‐2024,Landcode onbekend,PUUR BRABANT,fenylfenol‐2,1.2,10.0,,CONFORM
6406,sinaasappelen,99394048,Sinaasappel,15‐8‐2024,Landcode onbekend,PUUR BRABANT,imazalil,2.3,4.0,,CONFORM
6407,sinaasappelen,99394048,Sinaasappel,15‐8‐2024,Landcode onbekend,PUUR BRABANT,imidacloprid,0.027,0.9,,CONFORM
6408,sinaasappelen,99394048,Sinaasappel,15‐8‐2024,Landcode onbekend,PUUR BRABANT,thiabendazool,0.72,7.0,,CONFORM
6409,sinaasappelen,99394048,Sinaasappel,15‐8‐2024,Landcode onbekend,PUUR BRABANT,Overige bestrijdingsmiddelen,,,,CONFORM
6410,sinaasappelen,99396164,Hand Sinaasappelen klasse 1,11‐7‐2024,Zuid Afrika,MCD AARLE‐RIXTEL,"2,4‐D",0.092,1.0,,CONFORM
6411,sinaasappelen,99396164,Hand Sinaasappelen klasse 1,11‐7‐2024,Zuid Afrika,MCD AARLE‐RIXTEL,azoxystrobin,0.99,15.0,,CONFORM
6412,sinaasappelen,99396164,Hand Sinaasappelen klasse 1,11‐7‐2024,Zuid Afrika,MCD AARLE‐RIXTEL,fenylfenol‐2,2.4,10.0,,CONFORM
6413,sinaasappelen,99396164,Hand Sinaasappelen klasse 1,11‐7‐2024,Zuid Afrika,MCD AARLE‐RIXTEL,fludioxonil,0.59,10.0,,CONFORM
6414,sinaasappelen,99396164,Hand Sinaasappelen klasse 1,11‐7‐2024,Zuid Afrika,MCD AARLE‐RIXTEL,imazalil,1.4,4.0,,CONFORM
6415,sinaasappelen,99396164,Hand Sinaasappelen klasse 1,11‐7‐2024,Zuid Afrika,MCD AARLE‐RIXTEL,pyraclostrobin,0.027,2.0,,CONFORM
6416,sinaasappelen,99396164,Hand Sinaasappelen klasse 1,11‐7‐2024,Zuid Afrika,MCD AARLE‐RIXTEL,pyrimethanil,0.034,8.0,,CONFORM
6417,sinaasappelen,99396164,Hand Sinaasappelen klasse 1,11‐7‐2024,Zuid Afrika,MCD AARLE‐RIXTEL,spirotetramat (som),0.01,0.5,,CONFORM
6418,sinaasappelen,99396164,Hand Sinaasappelen klasse 1,11‐7‐2024,Zuid Afrika,MCD AARLE‐RIXTEL,thiabendazool,0.81,7.0,,CONFORM
6419,sinaasappelen,99396164,Hand Sinaasappelen klasse 1,11‐7‐2024,Zuid Afrika,MCD AARLE‐RIXTEL,Overige bestrijdingsmiddelen,,,,CONFORM
6420,sinaasappelen,99398493,SINAASAPPELS,2‐7‐2024,Spanje,LIDL,Overige bestrijdingsmiddelen,,,,CONFORM
6421,sinaasappelen,99410671,Plus perssinaasappelen 2kg valencia,9‐7‐2024,Egypte,PLUS STAM,acetamiprid,0.12,0.9,,CONFORM
6422,sinaasappelen,99410671,Plus perssinaasappelen 2kg valencia,9‐7‐2024,Egypte,PLUS STAM,cyhalothrin‐lambda,0.014,0.2,,CONFORM
6423,sinaasappelen,99410671,Plus perssinaasappelen 2kg valencia,9‐7‐2024,Egypte,PLUS STAM,fenylfenol‐2,2.9,10.0,,CONFORM
6424,sinaasappelen,99410671,Plus perssinaasappelen 2kg valencia,9‐7‐2024,Egypte,PLUS STAM,imazalil,1.5,4.0,,CONFORM
6425,sinaasappelen,99410671,Plus perssinaasappelen 2kg valencia,9‐7‐2024,Egypte,PLUS STAM,pyriproxyfen,0.027,0.7,,CONFORM
6426,sinaasappelen,99410671,Plus perssinaasappelen 2kg valencia,9‐7‐2024,Egypte,PLUS STAM,thiabendazool,1.1,7.0,,CONFORM
6427,sinaasappelen,99410671,Plus perssinaasappelen 2kg valencia,9‐7‐2024,Egypte,PLUS STAM,Overige bestrijdingsmiddelen,,,,CONFORM
6428,sinaasappelen,99411082,sinaasappelen,10‐7‐2024,Spanje,EKOPLAZA (ENSCHEDE),Overige bestrijdingsmiddelen,,,,CONFORM
6429,sinaasappelen,99411406,Handsinaasappel Navels,16‐7‐2024,Zuid Afrika,ALDI ENSCHEDE,"2,4‐D",0.069,1.0,,CONFORM
6430,sinaasappelen,99411406,Handsinaasappel Navels,16‐7‐2024,Zuid Afrika,ALDI ENSCHEDE,azoxystrobin,0.007,15.0,,CONFORM
6431,sinaasappelen,99411406,Handsinaasappel Navels,16‐7‐2024,Zuid Afrika,ALDI ENSCHEDE,fenylfenol‐2,0.01,10.0,,CONFORM
6432,sinaasappelen,99411406,Handsinaasappel Navels,16‐7‐2024,Zuid Afrika,ALDI ENSCHEDE,imazalil,2.7,4.0,,CONFORM
6433,sinaasappelen,99411406,Handsinaasappel Navels,16‐7‐2024,Zuid Afrika,ALDI ENSCHEDE,pyrimethanil,1.9,8.0,,CONFORM
6434,sinaasappelen,99411406,Handsinaasappel Navels,16‐7‐2024,Zuid Afrika,ALDI ENSCHEDE,pyriproxyfen,0.013,0.7,,CONFORM
6435,sinaasappelen,99411406,Handsinaasappel Navels,16‐7‐2024,Zuid Afrika,ALDI ENSCHEDE,sulfoxaflor,0.015,0.8,,CONFORM
6436,sinaasappelen,99411406,Handsinaasappel Navels,16‐7‐2024,Zuid Afrika,ALDI ENSCHEDE,thiabendazool,0.43,7.0,,CONFORM
6437,sinaasappelen,99411406,Handsinaasappel Navels,16‐7‐2024,Zuid Afrika,ALDI ENSCHEDE,Overige bestrijdingsmiddelen,,,,CONFORM
6438,sinaasappelen,99411937,perssinaasappelen,23‐7‐2024,Egypte,DIRK,fenylfenol‐2,0.99,10.0,,CONFORM
6439,sinaasappelen,99411937,perssinaasappelen,23‐7‐2024,Egypte,DIRK,imazalil,1.3,4.0,,CONFORM
6440,sinaasappelen,99411937,perssinaasappelen,23‐7‐2024,Egypte,DIRK,pyriproxyfen,0.0088,0.7,,CONFORM
6441,sinaasappelen,99411937,perssinaasappelen,23‐7‐2024,Egypte,DIRK,sulfoxaflor,0.0094,0.8,,CONFORM
6442,sinaasappelen,99411937,perssinaasappelen,23‐7‐2024,Egypte,DIRK,thiabendazool,0.19,7.0,,CONFORM
6443,sinaasappelen,99411937,perssinaasappelen,23‐7‐2024,Egypte,DIRK,Overige bestrijdingsmiddelen,,,,CONFORM
6444,sinaasappelen,99412178,AH sinaasappelen 2kg nevel,17‐7‐2024,Zuid Afrika,ALBERT HEIJN MARCEL BERGHUIS,"2,4‐D",0.12,1.0,,CONFORM
6445,sinaasappelen,99412178,AH sinaasappelen 2kg nevel,17‐7‐2024,Zuid Afrika,ALBERT HEIJN MARCEL BERGHUIS,azoxystrobin,0.0051,15.0,,CONFORM
6446,sinaasappelen,99412178,AH sinaasappelen 2kg nevel,17‐7‐2024,Zuid Afrika,ALBERT HEIJN MARCEL BERGHUIS,fludioxonil,0.006,10.0,,CONFORM
6447,sinaasappelen,99412178,AH sinaasappelen 2kg nevel,17‐7‐2024,Zuid Afrika,ALBERT HEIJN MARCEL BERGHUIS,imazalil,2.1,4.0,,CONFORM
6448,sinaasappelen,99412178,AH sinaasappelen 2kg nevel,17‐7‐2024,Zuid Afrika,ALBERT HEIJN MARCEL BERGHUIS,pyrimethanil,3.4,8.0,,CONFORM
6449,sinaasappelen,99412178,AH sinaasappelen 2kg nevel,17‐7‐2024,Zuid Afrika,ALBERT HEIJN MARCEL BERGHUIS,tebuconazool,0.0098,0.9,,CONFORM
6450,sinaasappelen,99412178,AH sinaasappelen 2kg nevel,17‐7‐2024,Zuid Afrika,ALBERT HEIJN MARCEL BERGHUIS,thiabendazool,0.78,7.0,,CONFORM
6451,sinaasappelen,99412178,AH sinaasappelen 2kg nevel,17‐7‐2024,Zuid Afrika,ALBERT HEIJN MARCEL BERGHUIS,Overige bestrijdingsmiddelen,,,,CONFORM
6452,sinaasappelen,99427493,hand sinaasappelen,31‐7‐2024,Zuid Afrika,ALBERT HEIJN,"2,4‐D",0.095,1.0,,CONFORM
6453,sinaasappelen,99427493,hand sinaasappelen,31‐7‐2024,Zuid Afrika,ALBERT HEIJN,azoxystrobin,1.1,15.0,,CONFORM
6454,sinaasappelen,99427493,hand sinaasappelen,31‐7‐2024,Zuid Afrika,ALBERT HEIJN,imazalil,2.4,4.0,,CONFORM
6455,sinaasappelen,99427493,hand sinaasappelen,31‐7‐2024,Zuid Afrika,ALBERT HEIJN,pyrimethanil,2.6,8.0,,CONFORM
6456,sinaasappelen,99427493,hand sinaasappelen,31‐7‐2024,Zuid Afrika,ALBERT HEIJN,thiabendazool,0.69,7.0,,CONFORM
6457,sinaasappelen,99427493,hand sinaasappelen,31‐7‐2024,Zuid Afrika,ALBERT HEIJN,Overige bestrijdingsmiddelen,,,,CONFORM
6458,sinaasappelen,99430087,handsiaansappel bio,2‐7‐2024,Griekenland,JUMBO SITTARD STADION,Overige bestrijdingsmiddelen,,,,CONFORM
6459,sinaasappelen,99430311,sinaasappels,16‐7‐2024,Zuid Afrika,DAGWINKEL MELDERSLO,"2,4‐D",0.19,1.0,,CONFORM
6460,sinaasappelen,99430311,sinaasappels,16‐7‐2024,Zuid Afrika,DAGWINKEL MELDERSLO,fenylfenol‐2,2.2,10.0,,CONFORM
6461,sinaasappelen,99430311,sinaasappels,16‐7‐2024,Zuid Afrika,DAGWINKEL MELDERSLO,imazalil,2.7,4.0,,CONFORM
6462,sinaasappelen,99430311,sinaasappels,16‐7‐2024,Zuid Afrika,DAGWINKEL MELDERSLO,pyraclostrobin,0.016,2.0,,CONFORM
6463,sinaasappelen,99430311,sinaasappels,16‐7‐2024,Zuid Afrika,DAGWINKEL MELDERSLO,pyrimethanil,0.0064,8.0,,CONFORM
6464,sinaasappelen,99430311,sinaasappels,16‐7‐2024,Zuid Afrika,DAGWINKEL MELDERSLO,pyriproxyfen,0.011,0.7,,CONFORM
6465,sinaasappelen,99430311,sinaasappels,16‐7‐2024,Zuid Afrika,DAGWINKEL MELDERSLO,thiabendazool,1.1,7.0,,CONFORM
6466,sinaasappelen,99430311,sinaasappels,16‐7‐2024,Zuid Afrika,DAGWINKEL MELDERSLO,Overige bestrijdingsmiddelen,,,,CONFORM
6467,sinaasappelen,99430621,hand sinaasappelen,23‐7‐2024,Zuid Afrika,PLUS BOUDA POSTMA,"2,4‐D",0.11,1.0,,CONFORM
6468,sinaasappelen,99430621,hand sinaasappelen,23‐7‐2024,Zuid Afrika,PLUS BOUDA POSTMA,azoxystrobin,0.31,15.0,,CONFORM
6469,sinaasappelen,99430621,hand sinaasappelen,23‐7‐2024,Zuid Afrika,PLUS BOUDA POSTMA,fenylfenol‐2,3.0,10.0,,CONFORM
6470,sinaasappelen,99430621,hand sinaasappelen,23‐7‐2024,Zuid Afrika,PLUS BOUDA POSTMA,fludioxonil,0.61,10.0,,CONFORM
6471,sinaasappelen,99430621,hand sinaasappelen,23‐7‐2024,Zuid Afrika,PLUS BOUDA POSTMA,imazalil,1.7,4.0,,CONFORM
6472,sinaasappelen,99430621,hand sinaasappelen,23‐7‐2024,Zuid Afrika,PLUS BOUDA POSTMA,pyraclostrobin,0.023,2.0,,CONFORM
6473,sinaasappelen,99430621,hand sinaasappelen,23‐7‐2024,Zuid Afrika,PLUS BOUDA POSTMA,pyrimethanil,1.4,8.0,,CONFORM
6474,sinaasappelen,99430621,hand sinaasappelen,23‐7‐2024,Zuid Afrika,PLUS BOUDA POSTMA,thiabendazool,1.1,7.0,,CONFORM
6475,sinaasappelen,99430621,hand sinaasappelen,23‐7‐2024,Zuid Afrika,PLUS BOUDA POSTMA,Overige bestrijdingsmiddelen,,,,CONFORM
6476,sinaasappelen,99435224,"Handsinaasappel, Variëteit: Valencia, Klasse II",10‐7‐2024,Egypte,JUMBO SUPERMARKT,acetamiprid,0.018,0.9,,CONFORM
6477,sinaasappelen,99435224,"Handsinaasappel, Variëteit: Valencia, Klasse II",10‐7‐2024,Egypte,JUMBO SUPERMARKT,cyhalothrin‐lambda,0.02,0.2,,CONFORM
6478,sinaasappelen,99435224,"Handsinaasappel, Variëteit: Valencia, Klasse II",10‐7‐2024,Egypte,JUMBO SUPERMARKT,Overige bestrijdingsmiddelen,,,,CONFORM
6479,sinaasappelen,99435429,"Pers Sinaasappelen, Cat I, Cal 7‐8",3‐7‐2024,Spanje,ALBERT HEIJN,etofenprox,0.023,1.5,,CONFORM
6480,sinaasappelen,99435429,"Pers Sinaasappelen, Cat I, Cal 7‐8",3‐7‐2024,Spanje,ALBERT HEIJN,fenylfenol‐2,0.021,10.0,,CONFORM
6481,sinaasappelen,99435429,"Pers Sinaasappelen, Cat I, Cal 7‐8",3‐7‐2024,Spanje,ALBERT HEIJN,hexythiazox,0.0057,0.5,,CONFORM
6482,sinaasappelen,99435429,"Pers Sinaasappelen, Cat I, Cal 7‐8",3‐7‐2024,Spanje,ALBERT HEIJN,imazalil,2.3,4.0,,CONFORM
6483,sinaasappelen,99435429,"Pers Sinaasappelen, Cat I, Cal 7‐8",3‐7‐2024,Spanje,ALBERT HEIJN,pyrimethanil,1.8,8.0,,CONFORM
6484,sinaasappelen,99435429,"Pers Sinaasappelen, Cat I, Cal 7‐8",3‐7‐2024,Spanje,ALBERT HEIJN,pyriproxyfen,0.0068,0.7,,CONFORM
6485,sinaasappelen,99435429,"Pers Sinaasappelen, Cat I, Cal 7‐8",3‐7‐2024,Spanje,ALBERT HEIJN,thiabendazool,0.56,7.0,,CONFORM
6486,sinaasappelen,99435429,"Pers Sinaasappelen, Cat I, Cal 7‐8",3‐7‐2024,Spanje,ALBERT HEIJN,Overige bestrijdingsmiddelen,,,,CONFORM
6487,sinaasappelen,99435739,"Persianaasappelen, Soort: Navel",7‐8‐2024,Zuid Afrika,LIDL,"2,4‐D",0.16,1.0,,CONFORM
6488,sinaasappelen,99435739,"Persianaasappelen, Soort: Navel",7‐8‐2024,Zuid Afrika,LIDL,azoxystrobin,0.022,15.0,,CONFORM
6489,sinaasappelen,99435739,"Persianaasappelen, Soort: Navel",7‐8‐2024,Zuid Afrika,LIDL,imazalil,1.3,4.0,,CONFORM
6490,sinaasappelen,99435739,"Persianaasappelen, Soort: Navel",7‐8‐2024,Zuid Afrika,LIDL,methoxyfenozide,0.0068,2.0,,CONFORM
6491,sinaasappelen,99435739,"Persianaasappelen, Soort: Navel",7‐8‐2024,Zuid Afrika,LIDL,pyrimethanil,2.5,8.0,,CONFORM
6492,sinaasappelen,99435739,"Persianaasappelen, Soort: Navel",7‐8‐2024,Zuid Afrika,LIDL,spirotetramat (som),0.02,0.5,,CONFORM
6493,sinaasappelen,99435739,"Persianaasappelen, Soort: Navel",7‐8‐2024,Zuid Afrika,LIDL,Overige bestrijdingsmiddelen,,,,CONFORM
6494,sinaasappelen,99435925,"Handsinaasappel, Variëteit Navels",12‐8‐2024,Zuid Afrika,ALDI MARKT,"2,4‐D",0.036,1.0,,CONFORM
6495,sinaasappelen,99435925,"Handsinaasappel, Variëteit Navels",12‐8‐2024,Zuid Afrika,ALDI MARKT,azoxystrobin,3.1,15.0,,CONFORM
6496,sinaasappelen,99435925,"Handsinaasappel, Variëteit Navels",12‐8‐2024,Zuid Afrika,ALDI MARKT,fludioxonil,1.7,10.0,,CONFORM
6497,sinaasappelen,99435925,"Handsinaasappel, Variëteit Navels",12‐8‐2024,Zuid Afrika,ALDI MARKT,pyrimethanil,0.036,8.0,,CONFORM
6498,sinaasappelen,99435925,"Handsinaasappel, Variëteit Navels",12‐8‐2024,Zuid Afrika,ALDI MARKT,spirotetramat (som),0.007,0.5,,CONFORM
6499,sinaasappelen,99435925,"Handsinaasappel, Variëteit Navels",12‐8‐2024,Zuid Afrika,ALDI MARKT,thiabendazool,0.34,7.0,,CONFORM
6500,sinaasappelen,99435925,"Handsinaasappel, Variëteit Navels",12‐8‐2024,Zuid Afrika,ALDI MARKT,Overige bestrijdingsmiddelen,,,,CONFORM
6501,sinaasappelen,99436123,"Handsianaasappelen, Variëteit: Navel",13‐8‐2024,Zuid Afrika,POIESZ SUPERMARKTEN,azoxystrobin,0.32,15.0,,CONFORM
6502,sinaasappelen,99436123,"Handsianaasappelen, Variëteit: Navel",13‐8‐2024,Zuid Afrika,POIESZ SUPERMARKTEN,imazalil,1.9,4.0,,CONFORM
6503,sinaasappelen,99436123,"Handsianaasappelen, Variëteit: Navel",13‐8‐2024,Zuid Afrika,POIESZ SUPERMARKTEN,pyrimethanil,1.6,8.0,,CONFORM
6504,sinaasappelen,99436123,"Handsianaasappelen, Variëteit: Navel",13‐8‐2024,Zuid Afrika,POIESZ SUPERMARKTEN,pyriproxyfen,0.024,0.7,,CONFORM
6505,sinaasappelen,99436123,"Handsianaasappelen, Variëteit: Navel",13‐8‐2024,Zuid Afrika,POIESZ SUPERMARKTEN,spirotetramat (som),0.013,0.5,,CONFORM
6506,sinaasappelen,99436123,"Handsianaasappelen, Variëteit: Navel",13‐8‐2024,Zuid Afrika,POIESZ SUPERMARKTEN,tebuconazool,0.022,0.9,,CONFORM
6507,sinaasappelen,99436123,"Handsianaasappelen, Variëteit: Navel",13‐8‐2024,Zuid Afrika,POIESZ SUPERMARKTEN,thiabendazool,1.2,7.0,,CONFORM
6508,sinaasappelen,99436123,"Handsianaasappelen, Variëteit: Navel",13‐8‐2024,Zuid Afrika,POIESZ SUPERMARKTEN,Overige bestrijdingsmiddelen,,,,CONFORM
6509,sinaasappelen,99439297,"Fresh Organge, Variety: Valencia, Class; 2",18‐6‐2024,Egypte,O. SMEDING EN ZOON B.V.,acetamiprid,0.042,0.9,,CONFORM
6510,sinaasappelen,99439297,"Fresh Organge, Variety: Valencia, Class; 2",18‐6‐2024,Egypte,O. SMEDING EN ZOON B.V.,cyhalothrin‐lambda,0.016,0.2,,CONFORM
6511,sinaasappelen,99439297,"Fresh Organge, Variety: Valencia, Class; 2",18‐6‐2024,Egypte,O. SMEDING EN ZOON B.V.,fenylfenol‐2,1.4,10.0,,CONFORM
6512,sinaasappelen,99439297,"Fresh Organge, Variety: Valencia, Class; 2",18‐6‐2024,Egypte,O. SMEDING EN ZOON B.V.,imazalil,1.9,4.0,,CONFORM
6513,sinaasappelen,99439297,"Fresh Organge, Variety: Valencia, Class; 2",18‐6‐2024,Egypte,O. SMEDING EN ZOON B.V.,pyriproxyfen,0.025,0.7,,CONFORM
6514,sinaasappelen,99439297,"Fresh Organge, Variety: Valencia, Class; 2",18‐6‐2024,Egypte,O. SMEDING EN ZOON B.V.,thiabendazool,1.0,7.0,,CONFORM
6515,sinaasappelen,99439297,"Fresh Organge, Variety: Valencia, Class; 2",18‐6‐2024,Egypte,O. SMEDING EN ZOON B.V.,Overige bestrijdingsmiddelen,,,,CONFORM
6516,sinaasappelen,99440198,Handsinaasappelen,30‐7‐2024,Spanje,EKOPLAZA (HENGELO),Overige bestrijdingsmiddelen,,,,CONFORM
6517,sinaasappelen,99440791,hand sinaasappelen,6‐8‐2024,Zuid Afrika,JUMBO SUPERMARKT,"2,4‐D",0.19,1.0,,CONFORM
6518,sinaasappelen,99440791,hand sinaasappelen,6‐8‐2024,Zuid Afrika,JUMBO SUPERMARKT,azoxystrobin,1.0,15.0,,CONFORM
6519,sinaasappelen,99440791,hand sinaasappelen,6‐8‐2024,Zuid Afrika,JUMBO SUPERMARKT,buprofezin,0.01,0.01,,CONFORM
6520,sinaasappelen,99440791,hand sinaasappelen,6‐8‐2024,Zuid Afrika,JUMBO SUPERMARKT,chloorfenapyr,0.0065,0.01,,CONFORM
6521,sinaasappelen,99440791,hand sinaasappelen,6‐8‐2024,Zuid Afrika,JUMBO SUPERMARKT,fludioxonil,2.7,10.0,,CONFORM
6522,sinaasappelen,99440791,hand sinaasappelen,6‐8‐2024,Zuid Afrika,JUMBO SUPERMARKT,malathion (som),0.0077,2.0,,CONFORM
6523,sinaasappelen,99440791,hand sinaasappelen,6‐8‐2024,Zuid Afrika,JUMBO SUPERMARKT,pyrimethanil,0.013,8.0,,CONFORM
6524,sinaasappelen,99440791,hand sinaasappelen,6‐8‐2024,Zuid Afrika,JUMBO SUPERMARKT,pyriproxyfen,0.011,0.7,,CONFORM
6525,sinaasappelen,99440791,hand sinaasappelen,6‐8‐2024,Zuid Afrika,JUMBO SUPERMARKT,thiabendazool,1.2,7.0,,CONFORM
6526,sinaasappelen,99440791,hand sinaasappelen,6‐8‐2024,Zuid Afrika,JUMBO SUPERMARKT,Overige bestrijdingsmiddelen,,,,CONFORM
6527,sinaasappelen,99441283,handsinaasappelen,13‐8‐2024,Zuid Afrika,ALBERT HEIJN,"2,4‐D",0.17,1.0,,CONFORM
6528,sinaasappelen,99441283,handsinaasappelen,13‐8‐2024,Zuid Afrika,ALBERT HEIJN,azoxystrobin,0.72,15.0,,CONFORM
6529,sinaasappelen,99441283,handsinaasappelen,13‐8‐2024,Zuid Afrika,ALBERT HEIJN,fenylfenol‐2,0.027,10.0,,CONFORM
6530,sinaasappelen,99441283,handsinaasappelen,13‐8‐2024,Zuid Afrika,ALBERT HEIJN,fludioxonil,3.2,10.0,,CONFORM
6531,sinaasappelen,99441283,handsinaasappelen,13‐8‐2024,Zuid Afrika,ALBERT HEIJN,imazalil,3.9,4.0,,CONFORM
6532,sinaasappelen,99441283,handsinaasappelen,13‐8‐2024,Zuid Afrika,ALBERT HEIJN,pyraclostrobin,0.0075,2.0,,CONFORM
6533,sinaasappelen,99441283,handsinaasappelen,13‐8‐2024,Zuid Afrika,ALBERT HEIJN,pyrimethanil,1.3,8.0,,CONFORM
6534,sinaasappelen,99441283,handsinaasappelen,13‐8‐2024,Zuid Afrika,ALBERT HEIJN,thiabendazool,1.7,7.0,,CONFORM
6535,sinaasappelen,99441283,handsinaasappelen,13‐8‐2024,Zuid Afrika,ALBERT HEIJN,Overige bestrijdingsmiddelen,,,,CONFORM
6536,sinaasappelen,99452609,SINAASAPPEL HAND,19‐9‐2024,Landcode onbekend,DE BUYTENHOF,Overige bestrijdingsmiddelen,,,,CONFORM
6537,sjalotten,86998831,sjaloten,21‐10‐2024,Frankrijk,WATERMAN ONIONS B.V.,azoxystrobin,0.0092,10.0,,CONFORM
6538,sjalotten,86998831,sjaloten,21‐10‐2024,Frankrijk,WATERMAN ONIONS B.V.,bifenyl,0.012,0.01,,NIET CONFORM*
6539,sjalotten,86998831,sjaloten,21‐10‐2024,Frankrijk,WATERMAN ONIONS B.V.,spirotetramat (som),0.06,0.3,,CONFORM
6540,sjalotten,86998831,sjaloten,21‐10‐2024,Frankrijk,WATERMAN ONIONS B.V.,Overige bestrijdingsmiddelen,,,,CONFORM
6541,sla,86963027,sla,19‐8‐2024,België,FIRMA POSTUMA‐KAMPEN,fludioxonil,0.0059,40.0,,CONFORM
6542,sla,86963027,sla,19‐8‐2024,België,FIRMA POSTUMA‐KAMPEN,fluopicolide,0.07,6.0,,CONFORM
6543,sla,86963027,sla,19‐8‐2024,België,FIRMA POSTUMA‐KAMPEN,fluopyram,0.021,15.0,,CONFORM
6544,sla,86963027,sla,19‐8‐2024,België,FIRMA POSTUMA‐KAMPEN,propamocarb,0.12,40.0,,CONFORM
6545,sla,86963027,sla,19‐8‐2024,België,FIRMA POSTUMA‐KAMPEN,Overige bestrijdingsmiddelen,,,,CONFORM
6546,sojabonen,86799006,wdgBOip (water degummed Sojaolie identy preseverd),1‐5‐2024,Landcode onbekend,SD GUTHRIE INTERNATIONAL ZWIJNDRECHT REFINERY,cyproconazool,0.011,0.07,,CONFORM
6547,sojabonen,86799006,wdgBOip (water degummed Sojaolie identy preseverd),1‐5‐2024,Landcode onbekend,SD GUTHRIE INTERNATIONAL ZWIJNDRECHT REFINERY,fluazifop (som),0.025,15.0,,CONFORM
6548,sojabonen,86799006,wdgBOip (water degummed Sojaolie identy preseverd),1‐5‐2024,Landcode onbekend,SD GUTHRIE INTERNATIONAL ZWIJNDRECHT REFINERY,Overige bestrijdingsmiddelen,,,,CONFORM
6549,sojabonen,86799057,Sojabonen,3‐5‐2024,Brazilië,ADM EUROPOORT,anthrachinon,0.019,0.02,,CONFORM
6550,sojabonen,86799057,Sojabonen,3‐5‐2024,Brazilië,ADM EUROPOORT,diquat,0.017,0.3,,CONFORM
6551,sojabonen,86799057,Sojabonen,3‐5‐2024,Brazilië,ADM EUROPOORT,glyfosaat,1.5,20.0,,CONFORM
6552,sojabonen,86799057,Sojabonen,3‐5‐2024,Brazilië,ADM EUROPOORT,Overige bestrijdingsmiddelen,,,,CONFORM
6553,sojabonen,86799065,Vita Unity,3‐5‐2024,Brazilië,ADM EUROPOORT,anthrachinon,0.021,0.02,,NIET CONFORM*
6554,sojabonen,86799065,Vita Unity,3‐5‐2024,Brazilië,ADM EUROPOORT,diquat,0.017,0.3,,CONFORM
6555,sojabonen,86799065,Vita Unity,3‐5‐2024,Brazilië,ADM EUROPOORT,glyfosaat,1.6,20.0,,CONFORM
6556,sojabonen,86799065,Vita Unity,3‐5‐2024,Brazilië,ADM EUROPOORT,Overige bestrijdingsmiddelen,,,,CONFORM
6557,sojabonen,86799073,sojabonen,3‐5‐2024,Brazilië,ADM EUROPOORT,diquat,0.023,0.3,,CONFORM
6558,sojabonen,86799073,sojabonen,3‐5‐2024,Brazilië,ADM EUROPOORT,glyfosaat,3.2,20.0,,CONFORM
6559,sojabonen,86799073,sojabonen,3‐5‐2024,Brazilië,ADM EUROPOORT,haloxyfop (som),0.02,0.5,,CONFORM
6560,sojabonen,86799073,sojabonen,3‐5‐2024,Brazilië,ADM EUROPOORT,Overige bestrijdingsmiddelen,,,,CONFORM
6561,sojabonen,86799081,Ruwe soja olie,3‐5‐2024,Brazilië,ADM EUROPOORT,anthrachinon,0.13,0.1,5,NIET CONFORM*
6562,sojabonen,86799081,Ruwe soja olie,3‐5‐2024,Brazilië,ADM EUROPOORT,cyproconazool,0.044,0.35,5,CONFORM
6563,sojabonen,86799081,Ruwe soja olie,3‐5‐2024,Brazilië,ADM EUROPOORT,prothioconazool‐desthio,0.031,1.0,5,CONFORM
6564,sojabonen,86799081,Ruwe soja olie,3‐5‐2024,Brazilië,ADM EUROPOORT,tebuconazool,0.013,0.75,5,CONFORM
6565,sojabonen,86799081,Ruwe soja olie,3‐5‐2024,Brazilië,ADM EUROPOORT,Overige bestrijdingsmiddelen,,,5,CONFORM
6566,sojabonen,86815362,soja olie organic,2‐5‐2024,Landcode onbekend,AAK NETHERLANDS B.V.,Overige bestrijdingsmiddelen,,,,CONFORM
6567,sopropos/bittere meloenen/balsemperen,86814978,chinese bitter melon,23‐4‐2024,Mexico,NANHOE IMPORT EXPORT B.V.,chloorthalonil,0.049,0.01,,NIET CONFORM
6568,sopropos/bittere meloenen/balsemperen,86814978,chinese bitter melon,23‐4‐2024,Mexico,NANHOE IMPORT EXPORT B.V.,thiofanaat‐methyl,0.0064,0.1,,CONFORM
6569,sopropos/bittere meloenen/balsemperen,86814978,chinese bitter melon,23‐4‐2024,Mexico,NANHOE IMPORT EXPORT B.V.,Overige bestrijdingsmiddelen,,,,CONFORM
6570,sperziebonen/snijbonen,86758156,Sperziebonen,25‐3‐2024,Marokko,HEEMSKERK FRESH EN EASY,azoxystrobin,0.11,3.0,,CONFORM
6571,sperziebonen/snijbonen,86758156,Sperziebonen,25‐3‐2024,Marokko,HEEMSKERK FRESH EN EASY,chloorantraniliprole,0.015,0.8,,CONFORM
6572,sperziebonen/snijbonen,86758156,Sperziebonen,25‐3‐2024,Marokko,HEEMSKERK FRESH EN EASY,cyhalothrin‐lambda,0.0067,0.4,,CONFORM
6573,sperziebonen/snijbonen,86758156,Sperziebonen,25‐3‐2024,Marokko,HEEMSKERK FRESH EN EASY,Overige bestrijdingsmiddelen,,,,CONFORM
6574,sperziebonen/snijbonen,86769719,haricoverts,26‐2‐2024,Kenia,ROVEG FRUIT B.V.,Overige bestrijdingsmiddelen,,,,CONFORM
6575,sperziebonen/snijbonen,86770067,sperziebonen,4‐3‐2024,Nederland,HELLOFRESH DC PRISMALAAN,fluopyram,0.029,3.0,,CONFORM
6576,sperziebonen/snijbonen,86770067,sperziebonen,4‐3‐2024,Nederland,HELLOFRESH DC PRISMALAAN,trifloxystrobin,0.011,1.0,,CONFORM
6577,sperziebonen/snijbonen,86770067,sperziebonen,4‐3‐2024,Nederland,HELLOFRESH DC PRISMALAAN,Overige bestrijdingsmiddelen,,,,CONFORM
6578,sperziebonen/snijbonen,86781964,haricots verts,5‐9‐2024,Kenia,BROEKHOF GROENTEN EN FRUIT B.V.,azoxystrobin,0.02,3.0,,CONFORM
6579,sperziebonen/snijbonen,86781964,haricots verts,5‐9‐2024,Kenia,BROEKHOF GROENTEN EN FRUIT B.V.,deltamethrin,0.017,0.2,,CONFORM
6580,sperziebonen/snijbonen,86781964,haricots verts,5‐9‐2024,Kenia,BROEKHOF GROENTEN EN FRUIT B.V.,difenoconazool,0.016,1.0,,CONFORM
6581,sperziebonen/snijbonen,86781964,haricots verts,5‐9‐2024,Kenia,BROEKHOF GROENTEN EN FRUIT B.V.,Overige bestrijdingsmiddelen,,,,CONFORM
6582,sperziebonen/snijbonen,86797313,Haricot Vert Coco,26‐3‐2024,Marokko,VAN GELDER RIDDERKERK B.V.,boscalid,0.0057,5.0,,CONFORM
6583,sperziebonen/snijbonen,86797313,Haricot Vert Coco,26‐3‐2024,Marokko,VAN GELDER RIDDERKERK B.V.,Overige bestrijdingsmiddelen,,,,CONFORM
6584,sperziebonen/snijbonen,86797852,Gebroken sperziebonen,8‐4‐2024,Nederland,DE JONG DIEPVRIES B.V.,boscalid,0.076,5.0,,CONFORM
6585,sperziebonen/snijbonen,86797852,Gebroken sperziebonen,8‐4‐2024,Nederland,DE JONG DIEPVRIES B.V.,chloraat,0.047,0.35,,CONFORM
6586,sperziebonen/snijbonen,86797852,Gebroken sperziebonen,8‐4‐2024,Nederland,DE JONG DIEPVRIES B.V.,cyprodinil,0.0095,2.0,,CONFORM
6587,sperziebonen/snijbonen,86797852,Gebroken sperziebonen,8‐4‐2024,Nederland,DE JONG DIEPVRIES B.V.,fludioxonil,0.0057,1.0,,CONFORM
6588,sperziebonen/snijbonen,86797852,Gebroken sperziebonen,8‐4‐2024,Nederland,DE JONG DIEPVRIES B.V.,pyrimethanil,0.0071,3.0,,CONFORM
6589,sperziebonen/snijbonen,86797852,Gebroken sperziebonen,8‐4‐2024,Nederland,DE JONG DIEPVRIES B.V.,Overige bestrijdingsmiddelen,,,,CONFORM
6590,sperziebonen/snijbonen,86797941,Haricots Verts,9‐4‐2024,Nederland,ARDO B.V.,fluopyram,0.0088,3.0,,CONFORM
6591,sperziebonen/snijbonen,86797941,Haricots Verts,9‐4‐2024,Nederland,ARDO B.V.,trifloxystrobin,0.016,1.0,,CONFORM
6592,sperziebonen/snijbonen,86797941,Haricots Verts,9‐4‐2024,Nederland,ARDO B.V.,Overige bestrijdingsmiddelen,,,,CONFORM
6593,sperziebonen/snijbonen,86802201,Haricots Verts,19‐1‐2024,Senegal,VAN GEEST INTERNATIONAL B.V.,azoxystrobin,0.0073,3.0,,CONFORM
6594,sperziebonen/snijbonen,86802201,Haricots Verts,19‐1‐2024,Senegal,VAN GEEST INTERNATIONAL B.V.,chloorantraniliprole,0.0069,0.8,,CONFORM
6595,sperziebonen/snijbonen,86802201,Haricots Verts,19‐1‐2024,Senegal,VAN GEEST INTERNATIONAL B.V.,Overige bestrijdingsmiddelen,,,,CONFORM
6596,sperziebonen/snijbonen,86803925,haricot verts,4‐3‐2024,Ethiopië,VOMAR (DC),Overige bestrijdingsmiddelen,,,,CONFORM
6597,sperziebonen/snijbonen,86804034,sperziebonen,6‐3‐2024,Senegal,CRISP B.V.,chloorantraniliprole,0.0096,0.8,,CONFORM
6598,sperziebonen/snijbonen,86804034,sperziebonen,6‐3‐2024,Senegal,CRISP B.V.,fluopyram,0.044,3.0,,CONFORM
6599,sperziebonen/snijbonen,86804034,sperziebonen,6‐3‐2024,Senegal,CRISP B.V.,spinosad,0.0088,0.3,,CONFORM
6600,sperziebonen/snijbonen,86804034,sperziebonen,6‐3‐2024,Senegal,CRISP B.V.,thiabendazool,0.0061,0.01,,CONFORM
6601,sperziebonen/snijbonen,86804034,sperziebonen,6‐3‐2024,Senegal,CRISP B.V.,Overige bestrijdingsmiddelen,,,,CONFORM
6602,sperziebonen/snijbonen,86804662,sperziebonen,8‐4‐2024,Senegal,O. SMEDING EN ZOON B.V.,fluopyram,0.029,3.0,,CONFORM
6603,sperziebonen/snijbonen,86804662,sperziebonen,8‐4‐2024,Senegal,O. SMEDING EN ZOON B.V.,thiabendazool,0.012,0.01,,NIET CONFORM*
6604,sperziebonen/snijbonen,86804662,sperziebonen,8‐4‐2024,Senegal,O. SMEDING EN ZOON B.V.,trifloxystrobin,0.021,1.0,,CONFORM
6605,sperziebonen/snijbonen,86804662,sperziebonen,8‐4‐2024,Senegal,O. SMEDING EN ZOON B.V.,Overige bestrijdingsmiddelen,,,,CONFORM
6606,sperziebonen/snijbonen,86805111,Snijbonen,22‐4‐2024,Landcode onbekend,PLUKON CONVENIENCE DRONTEN B.V.,Overige bestrijdingsmiddelen,,,,CONFORM
6607,sperziebonen/snijbonen,86805367,Haricot Vert bobby,28‐5‐2024,Marokko,FIRMA POSTUMA‐KAMPEN,azoxystrobin,0.062,3.0,,CONFORM
6608,sperziebonen/snijbonen,86805367,Haricot Vert bobby,28‐5‐2024,Marokko,FIRMA POSTUMA‐KAMPEN,boscalid,0.11,5.0,,CONFORM
6609,sperziebonen/snijbonen,86805367,Haricot Vert bobby,28‐5‐2024,Marokko,FIRMA POSTUMA‐KAMPEN,chloorantraniliprole,0.037,0.8,,CONFORM
6610,sperziebonen/snijbonen,86805367,Haricot Vert bobby,28‐5‐2024,Marokko,FIRMA POSTUMA‐KAMPEN,pyraclostrobin,0.0097,0.6,,CONFORM
6611,sperziebonen/snijbonen,86805367,Haricot Vert bobby,28‐5‐2024,Marokko,FIRMA POSTUMA‐KAMPEN,Overige bestrijdingsmiddelen,,,,CONFORM
6612,sperziebonen/snijbonen,86807637,Sperziebonen,12‐8‐2024,Nederland,PICNIC FULFILLMENTCENTRUM,fluopyram,0.025,3.0,,CONFORM
6613,sperziebonen/snijbonen,86807637,Sperziebonen,12‐8‐2024,Nederland,PICNIC FULFILLMENTCENTRUM,Overige bestrijdingsmiddelen,,,,CONFORM
6614,sperziebonen/snijbonen,86809532,Haricoverts,29‐5‐2024,Marokko,DISTRIBUTIECENTRUM ALBERT HEIJN,azoxystrobin,0.008,3.0,,CONFORM
6615,sperziebonen/snijbonen,86809532,Haricoverts,29‐5‐2024,Marokko,DISTRIBUTIECENTRUM ALBERT HEIJN,boscalid,0.49,5.0,,CONFORM
6616,sperziebonen/snijbonen,86809532,Haricoverts,29‐5‐2024,Marokko,DISTRIBUTIECENTRUM ALBERT HEIJN,chloorantraniliprole,0.011,0.8,,CONFORM
6617,sperziebonen/snijbonen,86809532,Haricoverts,29‐5‐2024,Marokko,DISTRIBUTIECENTRUM ALBERT HEIJN,pyraclostrobin,0.073,0.6,,CONFORM
6618,sperziebonen/snijbonen,86809532,Haricoverts,29‐5‐2024,Marokko,DISTRIBUTIECENTRUM ALBERT HEIJN,spiromesifen,0.036,1.0,,CONFORM
6619,sperziebonen/snijbonen,86809532,Haricoverts,29‐5‐2024,Marokko,DISTRIBUTIECENTRUM ALBERT HEIJN,Overige bestrijdingsmiddelen,,,,CONFORM
6620,sperziebonen/snijbonen,86812517,haricoverts,7‐5‐2024,Kenia,AARTSEN VENLO B.V.,Overige bestrijdingsmiddelen,,,,CONFORM
6621,sperziebonen/snijbonen,86814463,sperziebonen,19‐2‐2024,Senegal,DEKAMARKT LOGISTIEK B.V. (VERSCENTRALE),boscalid,0.035,5.0,,CONFORM
6622,sperziebonen/snijbonen,86814463,sperziebonen,19‐2‐2024,Senegal,DEKAMARKT LOGISTIEK B.V. (VERSCENTRALE),fluopyram,0.014,3.0,,CONFORM
6623,sperziebonen/snijbonen,86814463,sperziebonen,19‐2‐2024,Senegal,DEKAMARKT LOGISTIEK B.V. (VERSCENTRALE),trifloxystrobin,0.0075,1.0,,CONFORM
6624,sperziebonen/snijbonen,86814463,sperziebonen,19‐2‐2024,Senegal,DEKAMARKT LOGISTIEK B.V. (VERSCENTRALE),Overige bestrijdingsmiddelen,,,,CONFORM
6625,sperziebonen/snijbonen,86832755,Haricoverts,28‐10‐2024,Kenia,COMBILO B.V.,Overige bestrijdingsmiddelen,,,,CONFORM
6626,sperziebonen/snijbonen,86837587,snijbonen,27‐11‐2024,Marokko,GEBROEDERS DE MOOIJ AMSTERDAM,Overige bestrijdingsmiddelen,,,,CONFORM
6627,sperziebonen/snijbonen,86846403,snijbonen,12‐11‐2024,Marokko,GREENS & SALADS B.V.,fluopyram,0.008,3.0,,CONFORM
6628,sperziebonen/snijbonen,86846403,snijbonen,12‐11‐2024,Marokko,GREENS & SALADS B.V.,Overige bestrijdingsmiddelen,,,,CONFORM
6629,sperziebonen/snijbonen,86847892,Haricots Verts,19‐8‐2024,Kenia,DETAILRESULT LOGISTIEK,azoxystrobin,0.0056,3.0,,CONFORM
6630,sperziebonen/snijbonen,86847892,Haricots Verts,19‐8‐2024,Kenia,DETAILRESULT LOGISTIEK,cyhalothrin‐lambda,0.0079,0.4,,CONFORM
6631,sperziebonen/snijbonen,86847892,Haricots Verts,19‐8‐2024,Kenia,DETAILRESULT LOGISTIEK,Overige bestrijdingsmiddelen,,,,CONFORM
6632,sperziebonen/snijbonen,86850702,Sperziebonen,10‐10‐2024,Nederland,LIDL,cyprodinil,0.025,2.0,,CONFORM
6633,sperziebonen/snijbonen,86850702,Sperziebonen,10‐10‐2024,Nederland,LIDL,Overige bestrijdingsmiddelen,,,,CONFORM
6634,sperziebonen/snijbonen,86851318,Haricots verts,5‐11‐2024,Marokko,DISTRIBUTIECENTRUM ALBERT HEIJN,boscalid,0.61,5.0,,CONFORM
6635,sperziebonen/snijbonen,86851318,Haricots verts,5‐11‐2024,Marokko,DISTRIBUTIECENTRUM ALBERT HEIJN,chloorantraniliprole,0.007,0.8,,CONFORM
6636,sperziebonen/snijbonen,86851318,Haricots verts,5‐11‐2024,Marokko,DISTRIBUTIECENTRUM ALBERT HEIJN,pyraclostrobin,0.066,0.6,,CONFORM
6637,sperziebonen/snijbonen,86851318,Haricots verts,5‐11‐2024,Marokko,DISTRIBUTIECENTRUM ALBERT HEIJN,tebufenpyrad,0.0057,0.3,,CONFORM
6638,sperziebonen/snijbonen,86851318,Haricots verts,5‐11‐2024,Marokko,DISTRIBUTIECENTRUM ALBERT HEIJN,trifloxystrobin,0.0068,1.0,,CONFORM
6639,sperziebonen/snijbonen,86851318,Haricots verts,5‐11‐2024,Marokko,DISTRIBUTIECENTRUM ALBERT HEIJN,Overige bestrijdingsmiddelen,,,,CONFORM
6640,sperziebonen/snijbonen,86867508,Haricots verts,27‐3‐2024,Ethiopië,FRANKORT & KONING B.V.,acefaat,0.029,0.01,,NIET CONFORM
6641,sperziebonen/snijbonen,86867508,Haricots verts,27‐3‐2024,Ethiopië,FRANKORT & KONING B.V.,azoxystrobin,0.061,3.0,,CONFORM
6642,sperziebonen/snijbonen,86867508,Haricots verts,27‐3‐2024,Ethiopië,FRANKORT & KONING B.V.,carbendazim,0.022,0.2,,CONFORM
6643,sperziebonen/snijbonen,86867508,Haricots verts,27‐3‐2024,Ethiopië,FRANKORT & KONING B.V.,chloorantraniliprole,0.019,0.8,,CONFORM
6644,sperziebonen/snijbonen,86867508,Haricots verts,27‐3‐2024,Ethiopië,FRANKORT & KONING B.V.,cyhalothrin‐lambda,0.028,0.4,,CONFORM
6645,sperziebonen/snijbonen,86867508,Haricots verts,27‐3‐2024,Ethiopië,FRANKORT & KONING B.V.,cypermethrin,0.071,0.7,,CONFORM
6646,sperziebonen/snijbonen,86867508,Haricots verts,27‐3‐2024,Ethiopië,FRANKORT & KONING B.V.,methamidofos,0.011,0.01,,NIET CONFORM*
6647,sperziebonen/snijbonen,86867508,Haricots verts,27‐3‐2024,Ethiopië,FRANKORT & KONING B.V.,Overige bestrijdingsmiddelen,,,,CONFORM
6648,sperziebonen/snijbonen,86867516,sperziebonen,27‐3‐2024,Egypte,FRANKORT & KONING B.V.,azoxystrobin,0.0051,3.0,,CONFORM
6649,sperziebonen/snijbonen,86867516,sperziebonen,27‐3‐2024,Egypte,FRANKORT & KONING B.V.,Overige bestrijdingsmiddelen,,,,CONFORM
6650,sperziebonen/snijbonen,86867559,sperziebonen,8‐4‐2024,Senegal,HESSING GREENPOORT,Overige bestrijdingsmiddelen,,,,CONFORM
6651,sperziebonen/snijbonen,86894475,fijne bonen,21‐8‐2024,Marokko,JUMBO DISTRIBUTIECENTRUM (409),chloorantraniliprole,0.0067,0.8,,CONFORM
6652,sperziebonen/snijbonen,86894475,fijne bonen,21‐8‐2024,Marokko,JUMBO DISTRIBUTIECENTRUM (409),fenylfenol‐2,0.0059,0.01,,CONFORM
6653,sperziebonen/snijbonen,86894475,fijne bonen,21‐8‐2024,Marokko,JUMBO DISTRIBUTIECENTRUM (409),fludioxonil,0.011,1.0,,CONFORM
6654,sperziebonen/snijbonen,86894475,fijne bonen,21‐8‐2024,Marokko,JUMBO DISTRIBUTIECENTRUM (409),fluopyram,0.023,3.0,,CONFORM
6655,sperziebonen/snijbonen,86894475,fijne bonen,21‐8‐2024,Marokko,JUMBO DISTRIBUTIECENTRUM (409),Overige bestrijdingsmiddelen,,,,CONFORM
6656,sperziebonen/snijbonen,86909669,Sperziebonen,16‐1‐2024,Marokko,FIRMA POSTUMA‐KAMPEN,boscalid,0.034,5.0,,CONFORM
6657,sperziebonen/snijbonen,86909669,Sperziebonen,16‐1‐2024,Marokko,FIRMA POSTUMA‐KAMPEN,chloorantraniliprole,0.017,0.8,,CONFORM
6658,sperziebonen/snijbonen,86909669,Sperziebonen,16‐1‐2024,Marokko,FIRMA POSTUMA‐KAMPEN,Overige bestrijdingsmiddelen,,,,CONFORM
6659,sperziebonen/snijbonen,86924749,Sperziebonen,22‐5‐2024,Marokko,COOP SUPERMARKTEN,azoxystrobin,0.02,3.0,,CONFORM
6660,sperziebonen/snijbonen,86924749,Sperziebonen,22‐5‐2024,Marokko,COOP SUPERMARKTEN,chloorantraniliprole,0.045,0.8,,CONFORM
6661,sperziebonen/snijbonen,86924749,Sperziebonen,22‐5‐2024,Marokko,COOP SUPERMARKTEN,trifloxystrobin,0.089,1.0,,CONFORM
6662,sperziebonen/snijbonen,86924749,Sperziebonen,22‐5‐2024,Marokko,COOP SUPERMARKTEN,Overige bestrijdingsmiddelen,,,,CONFORM
6663,sperziebonen/snijbonen,86961776,snijbonen,15‐10‐2024,Marokko,ALDI GRONINGEN B.V.,Overige bestrijdingsmiddelen,,,,CONFORM
6664,sperziebonen/snijbonen,86961822,MA Haricots Verts,16‐10‐2024,Marokko,K. V.D. SPIJK EN ZN IJSSELMUIDEN B.V.,azoxystrobin,0.0093,3.0,,CONFORM
6665,sperziebonen/snijbonen,86961822,MA Haricots Verts,16‐10‐2024,Marokko,K. V.D. SPIJK EN ZN IJSSELMUIDEN B.V.,boscalid,0.26,5.0,,CONFORM
6666,sperziebonen/snijbonen,86961822,MA Haricots Verts,16‐10‐2024,Marokko,K. V.D. SPIJK EN ZN IJSSELMUIDEN B.V.,chloorantraniliprole,0.045,0.8,,CONFORM
6667,sperziebonen/snijbonen,86961822,MA Haricots Verts,16‐10‐2024,Marokko,K. V.D. SPIJK EN ZN IJSSELMUIDEN B.V.,pyraclostrobin,0.031,0.6,,CONFORM
6668,sperziebonen/snijbonen,86961822,MA Haricots Verts,16‐10‐2024,Marokko,K. V.D. SPIJK EN ZN IJSSELMUIDEN B.V.,Overige bestrijdingsmiddelen,,,,CONFORM
6669,sperziebonen/snijbonen,86985306,sperziebonen,26‐11‐2024,Marokko,P. SEELEN GRUBBENVORST B.V.,boscalid,0.053,5.0,,CONFORM
6670,sperziebonen/snijbonen,86985306,sperziebonen,26‐11‐2024,Marokko,P. SEELEN GRUBBENVORST B.V.,chloorantraniliprole,0.011,0.8,,CONFORM
6671,sperziebonen/snijbonen,86985306,sperziebonen,26‐11‐2024,Marokko,P. SEELEN GRUBBENVORST B.V.,fluopyram,0.031,3.0,,CONFORM
6672,sperziebonen/snijbonen,86985306,sperziebonen,26‐11‐2024,Marokko,P. SEELEN GRUBBENVORST B.V.,fluvalinaat,0.032,0.6,,CONFORM
6673,sperziebonen/snijbonen,86985306,sperziebonen,26‐11‐2024,Marokko,P. SEELEN GRUBBENVORST B.V.,Overige bestrijdingsmiddelen,,,,CONFORM
6674,sperziebonen/snijbonen,86996014,sperziebonen,11‐3‐2024,Senegal,KONINKLIJKE VEZET B.V.,boscalid,0.031,5.0,,CONFORM
6675,sperziebonen/snijbonen,86996014,sperziebonen,11‐3‐2024,Senegal,KONINKLIJKE VEZET B.V.,fluopyram,0.011,3.0,,CONFORM
6676,sperziebonen/snijbonen,86996014,sperziebonen,11‐3‐2024,Senegal,KONINKLIJKE VEZET B.V.,thiabendazool,0.0058,0.01,,CONFORM
6677,sperziebonen/snijbonen,86996014,sperziebonen,11‐3‐2024,Senegal,KONINKLIJKE VEZET B.V.,trifloxystrobin,0.0094,1.0,,CONFORM
6678,sperziebonen/snijbonen,86996014,sperziebonen,11‐3‐2024,Senegal,KONINKLIJKE VEZET B.V.,Overige bestrijdingsmiddelen,,,,CONFORM
6679,sperziebonen/snijbonen,99181699,Boon,19‐9‐2024,Nederland,GROENTE & FRUUIT VAN DEN VEN,fludioxonil,0.011,1.0,,CONFORM
6680,sperziebonen/snijbonen,99181699,Boon,19‐9‐2024,Nederland,GROENTE & FRUUIT VAN DEN VEN,Overige bestrijdingsmiddelen,,,,CONFORM
6681,spinazie,86788195,spinazie,14‐2‐2024,Nederland,PICNIC FULFILLMENTCENTRUM,acetamiprid,0.012,0.6,,CONFORM
6682,spinazie,86788195,spinazie,14‐2‐2024,Nederland,PICNIC FULFILLMENTCENTRUM,boscalid,0.1,50.0,,CONFORM
6683,spinazie,86788195,spinazie,14‐2‐2024,Nederland,PICNIC FULFILLMENTCENTRUM,cyhalothrin‐lambda,0.013,0.6,,CONFORM
6684,spinazie,86788195,spinazie,14‐2‐2024,Nederland,PICNIC FULFILLMENTCENTRUM,deltamethrin,0.0051,0.01,,CONFORM
6685,spinazie,86788195,spinazie,14‐2‐2024,Nederland,PICNIC FULFILLMENTCENTRUM,fluopicolide,0.021,6.0,,CONFORM
6686,spinazie,86788195,spinazie,14‐2‐2024,Nederland,PICNIC FULFILLMENTCENTRUM,flupyradifurone,0.0078,6.0,,CONFORM
6687,spinazie,86788195,spinazie,14‐2‐2024,Nederland,PICNIC FULFILLMENTCENTRUM,mandipropamid,0.13,25.0,,CONFORM
6688,spinazie,86788195,spinazie,14‐2‐2024,Nederland,PICNIC FULFILLMENTCENTRUM,propamocarb,0.43,40.0,,CONFORM
6689,spinazie,86788195,spinazie,14‐2‐2024,Nederland,PICNIC FULFILLMENTCENTRUM,spirotetramat (som),0.033,7.0,,CONFORM
6690,spinazie,86788195,spinazie,14‐2‐2024,Nederland,PICNIC FULFILLMENTCENTRUM,thiabendazool,0.006,0.01,,CONFORM
6691,spinazie,86788195,spinazie,14‐2‐2024,Nederland,PICNIC FULFILLMENTCENTRUM,Overige bestrijdingsmiddelen,,,,CONFORM
6692,spinazie,86794349,spinazie,4‐6‐2024,Nederland,POIESZ SUPERMARKTEN SNEEK B.V.,cyhalothrin‐lambda,0.039,0.6,,CONFORM
6693,spinazie,86794349,spinazie,4‐6‐2024,Nederland,POIESZ SUPERMARKTEN SNEEK B.V.,flupyradifurone,0.0061,6.0,,CONFORM
6694,spinazie,86794349,spinazie,4‐6‐2024,Nederland,POIESZ SUPERMARKTEN SNEEK B.V.,mandipropamid,0.32,25.0,,CONFORM
6695,spinazie,86794349,spinazie,4‐6‐2024,Nederland,POIESZ SUPERMARKTEN SNEEK B.V.,Overige bestrijdingsmiddelen,,,,CONFORM
6696,spinazie,86797976,Fijn gesneden spinazie,9‐4‐2024,Nederland,ARDO B.V.,cyhalothrin‐lambda,0.046,0.6,,CONFORM
6697,spinazie,86797976,Fijn gesneden spinazie,9‐4‐2024,Nederland,ARDO B.V.,Overige bestrijdingsmiddelen,,,,CONFORM
6698,spinazie,86803992,spinazie,6‐3‐2024,Nederland,CRISP B.V.,Overige bestrijdingsmiddelen,,,,CONFORM
6699,spinazie,86846179,gewassen spinazie,23‐10‐2024,Nederland,LIDL,boscalid,0.07,50.0,,CONFORM
6700,spinazie,86846179,gewassen spinazie,23‐10‐2024,Nederland,LIDL,cyhalothrin‐lambda,0.19,0.6,,CONFORM
6701,spinazie,86846179,gewassen spinazie,23‐10‐2024,Nederland,LIDL,fenmedifam,0.025,0.3,,CONFORM
6702,spinazie,86846179,gewassen spinazie,23‐10‐2024,Nederland,LIDL,fluopicolide,0.49,6.0,,CONFORM
6703,spinazie,86846179,gewassen spinazie,23‐10‐2024,Nederland,LIDL,flupyradifurone,0.014,6.0,,CONFORM
6704,spinazie,86846179,gewassen spinazie,23‐10‐2024,Nederland,LIDL,propamocarb,4.2,40.0,,CONFORM
6705,spinazie,86846179,gewassen spinazie,23‐10‐2024,Nederland,LIDL,pyraclostrobin,0.0064,0.6,,CONFORM
6706,spinazie,86846179,gewassen spinazie,23‐10‐2024,Nederland,LIDL,Overige bestrijdingsmiddelen,,,,CONFORM
6707,spinazie,86867613,spinazie,8‐4‐2024,Landcode onbekend,HESSING GREENPOORT,Overige bestrijdingsmiddelen,,,,CONFORM
6708,spinazie,86909685,veldverse spinazie gewassen,16‐1‐2024,Spanje,FIRMA POSTUMA‐KAMPEN,fluopicolide,0.079,6.0,,CONFORM
6709,spinazie,86909685,veldverse spinazie gewassen,16‐1‐2024,Spanje,FIRMA POSTUMA‐KAMPEN,propamocarb,4.8,40.0,,CONFORM
6710,spinazie,86909685,veldverse spinazie gewassen,16‐1‐2024,Spanje,FIRMA POSTUMA‐KAMPEN,Overige bestrijdingsmiddelen,,,,CONFORM
6711,spinazie,86960524,spinazie,17‐9‐2024,Landcode onbekend,DISTRIBUTIECENTRUM ALBERT HEIJN,cyhalothrin‐lambda,0.033,0.6,,CONFORM
6712,spinazie,86960524,spinazie,17‐9‐2024,Landcode onbekend,DISTRIBUTIECENTRUM ALBERT HEIJN,fluopicolide,0.36,6.0,,CONFORM
6713,spinazie,86960524,spinazie,17‐9‐2024,Landcode onbekend,DISTRIBUTIECENTRUM ALBERT HEIJN,propamocarb,7.6,40.0,,CONFORM
6714,spinazie,86960524,spinazie,17‐9‐2024,Landcode onbekend,DISTRIBUTIECENTRUM ALBERT HEIJN,Overige bestrijdingsmiddelen,,,,CONFORM
6715,spinazie,86963035,spinazie,19‐8‐2024,Nederland,FIRMA POSTUMA‐KAMPEN,Overige bestrijdingsmiddelen,,,,CONFORM
6716,spinazie,86996049,spinazie biologisch,11‐3‐2024,Italië,KONINKLIJKE VEZET B.V.,Overige bestrijdingsmiddelen,,,,CONFORM
6717,spinazie,86997592,italiaanse wilde spinazie,30‐9‐2024,Italië,O. SMEDING EN ZOON B.V.,chloorantraniliprole,0.14,20.0,,CONFORM
6718,spinazie,86997592,italiaanse wilde spinazie,30‐9‐2024,Italië,O. SMEDING EN ZOON B.V.,spirotetramat (som),0.007,7.0,,CONFORM
6719,spinazie,86997592,italiaanse wilde spinazie,30‐9‐2024,Italië,O. SMEDING EN ZOON B.V.,Overige bestrijdingsmiddelen,,,,CONFORM
6720,spruitjes,86782758,Spruiten,8‐10‐2024,Nederland,ALDI ZOETERMEER B.V.,azoxystrobin,0.0067,5.0,,CONFORM
6721,spruitjes,86782758,Spruiten,8‐10‐2024,Nederland,ALDI ZOETERMEER B.V.,cyhalothrin‐lambda,0.0054,0.04,,CONFORM
6722,spruitjes,86782758,Spruiten,8‐10‐2024,Nederland,ALDI ZOETERMEER B.V.,mandipropamid,0.01,0.2,,CONFORM
6723,spruitjes,86782758,Spruiten,8‐10‐2024,Nederland,ALDI ZOETERMEER B.V.,spirotetramat (som),0.008,0.3,,CONFORM
6724,spruitjes,86782758,Spruiten,8‐10‐2024,Nederland,ALDI ZOETERMEER B.V.,Overige bestrijdingsmiddelen,,,,CONFORM
6725,spruitjes,86803429,Spruiten,14‐2‐2024,Nederland,ALDI ZOETERMEER B.V.,difenoconazool,0.0053,0.4,,CONFORM
6726,spruitjes,86803429,Spruiten,14‐2‐2024,Nederland,ALDI ZOETERMEER B.V.,spirotetramat (som),0.018,0.3,,CONFORM
6727,spruitjes,86803429,Spruiten,14‐2‐2024,Nederland,ALDI ZOETERMEER B.V.,Overige bestrijdingsmiddelen,,,,CONFORM
6728,spruitjes,86811561,spruiten,4‐4‐2024,Duitsland,EUROFRIGO B.V.,difenoconazool,0.0055,0.4,,CONFORM
6729,spruitjes,86811561,spruiten,4‐4‐2024,Duitsland,EUROFRIGO B.V.,propamocarb,0.0077,2.0,,CONFORM
6730,spruitjes,86811561,spruiten,4‐4‐2024,Duitsland,EUROFRIGO B.V.,spirotetramat (som),0.035,0.3,,CONFORM
6731,spruitjes,86811561,spruiten,4‐4‐2024,Duitsland,EUROFRIGO B.V.,Overige bestrijdingsmiddelen,,,,CONFORM
6732,spruitjes,86811588,spruiten,4‐4‐2024,Duitsland,EUROFRIGO B.V.,boscalid,0.0084,5.0,,CONFORM
6733,spruitjes,86811588,spruiten,4‐4‐2024,Duitsland,EUROFRIGO B.V.,difenoconazool,0.0079,0.4,,CONFORM
6734,spruitjes,86811588,spruiten,4‐4‐2024,Duitsland,EUROFRIGO B.V.,spirotetramat (som),0.022,0.3,,CONFORM
6735,spruitjes,86811588,spruiten,4‐4‐2024,Duitsland,EUROFRIGO B.V.,Overige bestrijdingsmiddelen,,,,CONFORM
6736,spruitjes,86827522,spruitjes,9‐1‐2024,Nederland,KEMPEN TRANSPORT,boscalid,0.016,5.0,,CONFORM
6737,spruitjes,86827522,spruitjes,9‐1‐2024,Nederland,KEMPEN TRANSPORT,difenoconazool,0.006,0.4,,CONFORM
6738,spruitjes,86827522,spruitjes,9‐1‐2024,Nederland,KEMPEN TRANSPORT,pyraclostrobin,0.0052,0.3,,CONFORM
6739,spruitjes,86827522,spruitjes,9‐1‐2024,Nederland,KEMPEN TRANSPORT,spirotetramat (som),0.031,0.3,,CONFORM
6740,spruitjes,86827522,spruitjes,9‐1‐2024,Nederland,KEMPEN TRANSPORT,Overige bestrijdingsmiddelen,,,,CONFORM
6741,spruitjes,86894912,Sruiten,3‐9‐2024,Nederland,HESSING GREENPOORT,Overige bestrijdingsmiddelen,,,,CONFORM
6742,spruitjes,86909693,D‐Spruiten,16‐1‐2024,Nederland,FIRMA POSTUMA‐KAMPEN,azoxystrobin,0.0056,5.0,,CONFORM
6743,spruitjes,86909693,D‐Spruiten,16‐1‐2024,Nederland,FIRMA POSTUMA‐KAMPEN,prothioconazool‐desthio,0.0097,0.1,,CONFORM
6744,spruitjes,86909693,D‐Spruiten,16‐1‐2024,Nederland,FIRMA POSTUMA‐KAMPEN,spirotetramat (som),0.038,0.3,,CONFORM
6745,spruitjes,86909693,D‐Spruiten,16‐1‐2024,Nederland,FIRMA POSTUMA‐KAMPEN,Overige bestrijdingsmiddelen,,,,CONFORM
6746,spruitjes,99470704,Spruiten,28‐11‐2024,Nederland,LANDWINKEL OL DIEK,acetamiprid,0.019,0.05,,CONFORM
6747,spruitjes,99470704,Spruiten,28‐11‐2024,Nederland,LANDWINKEL OL DIEK,azoxystrobin,0.012,5.0,,CONFORM
6748,spruitjes,99470704,Spruiten,28‐11‐2024,Nederland,LANDWINKEL OL DIEK,difenoconazool,0.0057,0.4,,CONFORM
6749,spruitjes,99470704,Spruiten,28‐11‐2024,Nederland,LANDWINKEL OL DIEK,prothioconazool‐desthio,0.0099,0.1,,CONFORM
6750,spruitjes,99470704,Spruiten,28‐11‐2024,Nederland,LANDWINKEL OL DIEK,Overige bestrijdingsmiddelen,,,,CONFORM
6751,steranijs,86802902,Steranijs Gemalen,5‐2‐2024,Landcode onbekend,CULINA FOOD CONCEPTS B.V.,Overige bestrijdingsmiddelen,,,,CONFORM
6752,suikerbiet,86782693,suikerbiet 0110360,7‐10‐2024,Nederland,COSUN BEET COMPANY BV,fluopyram,0.01,0.1,,CONFORM
6753,suikerbiet,86782693,suikerbiet 0110360,7‐10‐2024,Nederland,COSUN BEET COMPANY BV,Overige bestrijdingsmiddelen,,,,CONFORM
6754,suikerbiet,86782707,suikerbiet 0110391,7‐10‐2024,Nederland,COSUN BEET COMPANY BV,fenpropidin,0.012,0.07,,CONFORM
6755,suikerbiet,86782707,suikerbiet 0110391,7‐10‐2024,Nederland,COSUN BEET COMPANY BV,Overige bestrijdingsmiddelen,,,,CONFORM
6756,suikerbiet,86782715,suikerbiet 0110408,7‐10‐2024,Nederland,COSUN BEET COMPANY BV,Overige bestrijdingsmiddelen,,,,CONFORM
6757,suikerbiet,86782723,suikerbiet 0110519,7‐10‐2024,Nederland,COSUN BEET COMPANY BV,fenpropidin,0.0095,0.07,,CONFORM
6758,suikerbiet,86782723,suikerbiet 0110519,7‐10‐2024,Nederland,COSUN BEET COMPANY BV,Overige bestrijdingsmiddelen,,,,CONFORM
6759,suikerbiet,86782731,suikerbiet 0110409,7‐10‐2024,Nederland,COSUN BEET COMPANY BV,Overige bestrijdingsmiddelen,,,,CONFORM
6760,tafeldruiven,86758008,Pitloze rode druiven,20‐3‐2024,Zuid Afrika,O. SMEDING EN ZOON B.V.,ametoctradin,0.017,6.0,,CONFORM
6761,tafeldruiven,86758008,Pitloze rode druiven,20‐3‐2024,Zuid Afrika,O. SMEDING EN ZOON B.V.,boscalid,0.046,5.0,,CONFORM
6762,tafeldruiven,86758008,Pitloze rode druiven,20‐3‐2024,Zuid Afrika,O. SMEDING EN ZOON B.V.,cyprodinil,0.0091,3.0,,CONFORM
6763,tafeldruiven,86758008,Pitloze rode druiven,20‐3‐2024,Zuid Afrika,O. SMEDING EN ZOON B.V.,dimethomorf,0.014,3.0,,CONFORM
6764,tafeldruiven,86758008,Pitloze rode druiven,20‐3‐2024,Zuid Afrika,O. SMEDING EN ZOON B.V.,pyrimethanil,0.0059,5.0,,CONFORM
6765,tafeldruiven,86758008,Pitloze rode druiven,20‐3‐2024,Zuid Afrika,O. SMEDING EN ZOON B.V.,tetraconazool,0.025,0.07,,CONFORM
6766,tafeldruiven,86758008,Pitloze rode druiven,20‐3‐2024,Zuid Afrika,O. SMEDING EN ZOON B.V.,Overige bestrijdingsmiddelen,,,,CONFORM
6767,tafeldruiven,86775646,Biologische Druiven,12‐8‐2024,Spanje,HOLLANDER BARENDRECHT B.V.,Overige bestrijdingsmiddelen,,,,CONFORM
6768,tafeldruiven,86794314,pitloze rode druiven,4‐6‐2024,Egypte,POIESZ SUPERMARKTEN SNEEK B.V.,boscalid,0.098,5.0,,CONFORM
6769,tafeldruiven,86794314,pitloze rode druiven,4‐6‐2024,Egypte,POIESZ SUPERMARKTEN SNEEK B.V.,methoxyfenozide,0.024,1.0,,CONFORM
6770,tafeldruiven,86794314,pitloze rode druiven,4‐6‐2024,Egypte,POIESZ SUPERMARKTEN SNEEK B.V.,pyraclostrobin,0.045,0.3,,CONFORM
6771,tafeldruiven,86794314,pitloze rode druiven,4‐6‐2024,Egypte,POIESZ SUPERMARKTEN SNEEK B.V.,spirotetramat (som),0.038,2.0,,CONFORM
6772,tafeldruiven,86794314,pitloze rode druiven,4‐6‐2024,Egypte,POIESZ SUPERMARKTEN SNEEK B.V.,Overige bestrijdingsmiddelen,,,,CONFORM
6773,tafeldruiven,86802163,Grapes,19‐1‐2024,Zuid Afrika,VAN GEEST INTERNATIONAL B.V.,fluopyram,0.15,2.0,,CONFORM
6774,tafeldruiven,86802163,Grapes,19‐1‐2024,Zuid Afrika,VAN GEEST INTERNATIONAL B.V.,imidacloprid,0.0052,0.7,,CONFORM
6775,tafeldruiven,86802163,Grapes,19‐1‐2024,Zuid Afrika,VAN GEEST INTERNATIONAL B.V.,koper,0.65,50.0,,CONFORM
6776,tafeldruiven,86802163,Grapes,19‐1‐2024,Zuid Afrika,VAN GEEST INTERNATIONAL B.V.,Overige bestrijdingsmiddelen,,,,CONFORM
6777,tafeldruiven,86803933,pitloze rode druiven,4‐3‐2024,Zuid Afrika,VOMAR (DC),boscalid,0.12,5.0,,CONFORM
6778,tafeldruiven,86803933,pitloze rode druiven,4‐3‐2024,Zuid Afrika,VOMAR (DC),dimethomorf,0.088,3.0,,CONFORM
6779,tafeldruiven,86803933,pitloze rode druiven,4‐3‐2024,Zuid Afrika,VOMAR (DC),fluopyram,0.36,2.0,,CONFORM
6780,tafeldruiven,86803933,pitloze rode druiven,4‐3‐2024,Zuid Afrika,VOMAR (DC),Overige bestrijdingsmiddelen,,,,CONFORM
6781,tafeldruiven,86804743,pitloze rode druiven. Scarlotta (Sugra 19),8‐4‐2024,Zuid Afrika,O. SMEDING EN ZOON B.V.,boscalid,0.03,5.0,,CONFORM
6782,tafeldruiven,86804743,pitloze rode druiven. Scarlotta (Sugra 19),8‐4‐2024,Zuid Afrika,O. SMEDING EN ZOON B.V.,penconazool,0.015,0.5,,CONFORM
6783,tafeldruiven,86804743,pitloze rode druiven. Scarlotta (Sugra 19),8‐4‐2024,Zuid Afrika,O. SMEDING EN ZOON B.V.,pyrimethanil,0.038,5.0,,CONFORM
6784,tafeldruiven,86804743,pitloze rode druiven. Scarlotta (Sugra 19),8‐4‐2024,Zuid Afrika,O. SMEDING EN ZOON B.V.,Overige bestrijdingsmiddelen,,,,CONFORM
6785,tafeldruiven,86805383,witte druiven,28‐5‐2024,India,FIRMA POSTUMA‐KAMPEN,clothianidin,0.0054,0.7,,CONFORM
6786,tafeldruiven,86805383,witte druiven,28‐5‐2024,India,FIRMA POSTUMA‐KAMPEN,cyazofamid,0.03,2.0,,CONFORM
6787,tafeldruiven,86805383,witte druiven,28‐5‐2024,India,FIRMA POSTUMA‐KAMPEN,fluopicolide,0.0052,2.0,,CONFORM
6788,tafeldruiven,86805383,witte druiven,28‐5‐2024,India,FIRMA POSTUMA‐KAMPEN,fluopyram,0.047,2.0,,CONFORM
6789,tafeldruiven,86805383,witte druiven,28‐5‐2024,India,FIRMA POSTUMA‐KAMPEN,spinetoram,0.0095,0.4,,CONFORM
6790,tafeldruiven,86805383,witte druiven,28‐5‐2024,India,FIRMA POSTUMA‐KAMPEN,spirotetramat (som),0.03,2.0,,CONFORM
6791,tafeldruiven,86805383,witte druiven,28‐5‐2024,India,FIRMA POSTUMA‐KAMPEN,thiamethoxam,0.0068,0.4,,CONFORM
6792,tafeldruiven,86805383,witte druiven,28‐5‐2024,India,FIRMA POSTUMA‐KAMPEN,Overige bestrijdingsmiddelen,,,,CONFORM
6793,tafeldruiven,86807599,Tafel druiven,12‐8‐2024,Nederland,PICNIC FULFILLMENTCENTRUM,flupyradifurone,0.27,3.0,,CONFORM
6794,tafeldruiven,86807599,Tafel druiven,12‐8‐2024,Nederland,PICNIC FULFILLMENTCENTRUM,fluxapyroxad,0.16,3.0,,CONFORM
6795,tafeldruiven,86807599,Tafel druiven,12‐8‐2024,Nederland,PICNIC FULFILLMENTCENTRUM,spinosad,0.045,0.5,,CONFORM
6796,tafeldruiven,86807599,Tafel druiven,12‐8‐2024,Nederland,PICNIC FULFILLMENTCENTRUM,spirotetramat (som),0.14,2.0,,CONFORM
6797,tafeldruiven,86807599,Tafel druiven,12‐8‐2024,Nederland,PICNIC FULFILLMENTCENTRUM,trifloxystrobin,0.3,3.0,,CONFORM
6798,tafeldruiven,86807599,Tafel druiven,12‐8‐2024,Nederland,PICNIC FULFILLMENTCENTRUM,Overige bestrijdingsmiddelen,,,,CONFORM
6799,tafeldruiven,86807629,Tafel druiven,12‐8‐2024,Nederland,PICNIC FULFILLMENTCENTRUM,boscalid,0.36,5.0,,CONFORM
6800,tafeldruiven,86807629,Tafel druiven,12‐8‐2024,Nederland,PICNIC FULFILLMENTCENTRUM,flupyradifurone,0.1,3.0,,CONFORM
6801,tafeldruiven,86807629,Tafel druiven,12‐8‐2024,Nederland,PICNIC FULFILLMENTCENTRUM,fluxapyroxad,0.032,3.0,,CONFORM
6802,tafeldruiven,86807629,Tafel druiven,12‐8‐2024,Nederland,PICNIC FULFILLMENTCENTRUM,spirotetramat (som),0.017,2.0,,CONFORM
6803,tafeldruiven,86807629,Tafel druiven,12‐8‐2024,Nederland,PICNIC FULFILLMENTCENTRUM,zoxamide,0.057,5.0,,CONFORM
6804,tafeldruiven,86807629,Tafel druiven,12‐8‐2024,Nederland,PICNIC FULFILLMENTCENTRUM,Overige bestrijdingsmiddelen,,,,CONFORM
6805,tafeldruiven,86808781,rode druiven,30‐9‐2024,Italië,IBRAHIM GROENTE GROOTHANDEL B.V.,acetamiprid,0.013,0.5,,CONFORM
6806,tafeldruiven,86808781,rode druiven,30‐9‐2024,Italië,IBRAHIM GROENTE GROOTHANDEL B.V.,metalaxyl,0.0075,2.0,,CONFORM
6807,tafeldruiven,86808781,rode druiven,30‐9‐2024,Italië,IBRAHIM GROENTE GROOTHANDEL B.V.,methoxyfenozide,0.088,1.0,,CONFORM
6808,tafeldruiven,86808781,rode druiven,30‐9‐2024,Italië,IBRAHIM GROENTE GROOTHANDEL B.V.,spiroxamine,0.057,0.6,,CONFORM
6809,tafeldruiven,86808781,rode druiven,30‐9‐2024,Italië,IBRAHIM GROENTE GROOTHANDEL B.V.,Overige bestrijdingsmiddelen,,,,CONFORM
6810,tafeldruiven,86814404,witte druiven,19‐2‐2024,Namibië,DEKAMARKT LOGISTIEK B.V. (VERSCENTRALE),boscalid,0.55,5.0,,CONFORM
6811,tafeldruiven,86814404,witte druiven,19‐2‐2024,Namibië,DEKAMARKT LOGISTIEK B.V. (VERSCENTRALE),fluopyram,0.54,2.0,,CONFORM
6812,tafeldruiven,86814404,witte druiven,19‐2‐2024,Namibië,DEKAMARKT LOGISTIEK B.V. (VERSCENTRALE),Overige bestrijdingsmiddelen,,,,CONFORM
6813,tafeldruiven,86846195,"Druiven rood, pitloos",23‐10‐2024,Spanje,LIDL,pyrethrinen,0.0076,1.0,,CONFORM
6814,tafeldruiven,86846195,"Druiven rood, pitloos",23‐10‐2024,Spanje,LIDL,spinosad,0.032,0.5,,CONFORM
6815,tafeldruiven,86846195,"Druiven rood, pitloos",23‐10‐2024,Spanje,LIDL,Overige bestrijdingsmiddelen,,,,CONFORM
6816,tafeldruiven,86847841,Pitloze Witte Druiven,19‐8‐2024,Spanje,DETAILRESULT LOGISTIEK,ethirimol,0.0088,0.4,,CONFORM
6817,tafeldruiven,86847841,Pitloze Witte Druiven,19‐8‐2024,Spanje,DETAILRESULT LOGISTIEK,fluopyram,0.11,2.0,,CONFORM
6818,tafeldruiven,86847841,Pitloze Witte Druiven,19‐8‐2024,Spanje,DETAILRESULT LOGISTIEK,metalaxyl,0.035,2.0,,CONFORM
6819,tafeldruiven,86847841,Pitloze Witte Druiven,19‐8‐2024,Spanje,DETAILRESULT LOGISTIEK,spirotetramat (som),0.23,2.0,,CONFORM
6820,tafeldruiven,86847841,Pitloze Witte Druiven,19‐8‐2024,Spanje,DETAILRESULT LOGISTIEK,trifloxystrobin,0.032,3.0,,CONFORM
6821,tafeldruiven,86847841,Pitloze Witte Druiven,19‐8‐2024,Spanje,DETAILRESULT LOGISTIEK,Overige bestrijdingsmiddelen,,,,CONFORM
6822,tafeldruiven,86867869,organic raisins sultans,15‐4‐2024,Oezbekistan,JONKER EN SCHUT (FOOD),cyhalothrin‐lambda,0.014,0.08,,CONFORM
6823,tafeldruiven,86867869,organic raisins sultans,15‐4‐2024,Oezbekistan,JONKER EN SCHUT (FOOD),Overige bestrijdingsmiddelen,,,,CONFORM
6824,tafeldruiven,86867877,organic raisins sultans,15‐4‐2024,Oezbekistan,JONKER EN SCHUT (FOOD),Overige bestrijdingsmiddelen,,,,CONFORM
6825,tafeldruiven,86924781,Table grapes Crimson Seedless,22‐5‐2024,Chili,COOP SUPERMARKTEN,acetamiprid,0.17,0.5,,CONFORM
6826,tafeldruiven,86924781,Table grapes Crimson Seedless,22‐5‐2024,Chili,COOP SUPERMARKTEN,azoxystrobin,0.028,3.0,,CONFORM
6827,tafeldruiven,86924781,Table grapes Crimson Seedless,22‐5‐2024,Chili,COOP SUPERMARKTEN,cyprodinil,0.8,3.0,,CONFORM
6828,tafeldruiven,86924781,Table grapes Crimson Seedless,22‐5‐2024,Chili,COOP SUPERMARKTEN,difenoconazool,0.025,3.0,,CONFORM
6829,tafeldruiven,86924781,Table grapes Crimson Seedless,22‐5‐2024,Chili,COOP SUPERMARKTEN,fludioxonil,0.31,5.0,,CONFORM
6830,tafeldruiven,86924781,Table grapes Crimson Seedless,22‐5‐2024,Chili,COOP SUPERMARKTEN,tebuconazool,0.18,0.5,,CONFORM
6831,tafeldruiven,86924781,Table grapes Crimson Seedless,22‐5‐2024,Chili,COOP SUPERMARKTEN,Overige bestrijdingsmiddelen,,,,CONFORM
6832,tafeldruiven,86955458,Druiven Early Sweet,23‐1‐2024,Zuid Afrika,FRUITFACTOR B.V.,boscalid,0.012,5.0,,CONFORM
6833,tafeldruiven,86955458,Druiven Early Sweet,23‐1‐2024,Zuid Afrika,FRUITFACTOR B.V.,chloorantraniliprole,0.0061,1.0,,CONFORM
6834,tafeldruiven,86955458,Druiven Early Sweet,23‐1‐2024,Zuid Afrika,FRUITFACTOR B.V.,fluopyram,0.19,2.0,,CONFORM
6835,tafeldruiven,86955458,Druiven Early Sweet,23‐1‐2024,Zuid Afrika,FRUITFACTOR B.V.,glufosinaat (som),0.37,0.15,,NIET CONFORM
6836,tafeldruiven,86955458,Druiven Early Sweet,23‐1‐2024,Zuid Afrika,FRUITFACTOR B.V.,koper,0.52,50.0,,CONFORM
6837,tafeldruiven,86955458,Druiven Early Sweet,23‐1‐2024,Zuid Afrika,FRUITFACTOR B.V.,Overige bestrijdingsmiddelen,,,,CONFORM
6838,tafeldruiven,86960494,witte druiven pitloos,17‐9‐2024,Griekenland,DISTRIBUTIECENTRUM ALBERT HEIJN,chloorantraniliprole,0.028,1.0,,CONFORM
6839,tafeldruiven,86960494,witte druiven pitloos,17‐9‐2024,Griekenland,DISTRIBUTIECENTRUM ALBERT HEIJN,deltamethrin,0.021,0.2,,CONFORM
6840,tafeldruiven,86960494,witte druiven pitloos,17‐9‐2024,Griekenland,DISTRIBUTIECENTRUM ALBERT HEIJN,fluopyram,0.006,2.0,,CONFORM
6841,tafeldruiven,86960494,witte druiven pitloos,17‐9‐2024,Griekenland,DISTRIBUTIECENTRUM ALBERT HEIJN,flupyradifurone,0.11,3.0,,CONFORM
6842,tafeldruiven,86960494,witte druiven pitloos,17‐9‐2024,Griekenland,DISTRIBUTIECENTRUM ALBERT HEIJN,metrafenon,0.01,7.0,,CONFORM
6843,tafeldruiven,86960494,witte druiven pitloos,17‐9‐2024,Griekenland,DISTRIBUTIECENTRUM ALBERT HEIJN,penconazool,0.055,0.5,,CONFORM
6844,tafeldruiven,86960494,witte druiven pitloos,17‐9‐2024,Griekenland,DISTRIBUTIECENTRUM ALBERT HEIJN,pyriofenone,0.038,0.9,,CONFORM
6845,tafeldruiven,86960494,witte druiven pitloos,17‐9‐2024,Griekenland,DISTRIBUTIECENTRUM ALBERT HEIJN,spinetoram,0.016,0.4,,CONFORM
6846,tafeldruiven,86960494,witte druiven pitloos,17‐9‐2024,Griekenland,DISTRIBUTIECENTRUM ALBERT HEIJN,spirotetramat (som),0.09,2.0,,CONFORM
6847,tafeldruiven,86960494,witte druiven pitloos,17‐9‐2024,Griekenland,DISTRIBUTIECENTRUM ALBERT HEIJN,spiroxamine,0.027,0.6,,CONFORM
6848,tafeldruiven,86960494,witte druiven pitloos,17‐9‐2024,Griekenland,DISTRIBUTIECENTRUM ALBERT HEIJN,tebuconazool,0.01,0.5,,CONFORM
6849,tafeldruiven,86960494,witte druiven pitloos,17‐9‐2024,Griekenland,DISTRIBUTIECENTRUM ALBERT HEIJN,tebufenpyrad,0.052,0.6,,CONFORM
6850,tafeldruiven,86960494,witte druiven pitloos,17‐9‐2024,Griekenland,DISTRIBUTIECENTRUM ALBERT HEIJN,Overige bestrijdingsmiddelen,,,,CONFORM
6851,tafeldruiven,86961121,druiven rood met pit,7‐10‐2024,Italië,JUMBO DISTRIBUTIECENTRUM,deltamethrin,0.023,0.2,,CONFORM
6852,tafeldruiven,86961121,druiven rood met pit,7‐10‐2024,Italië,JUMBO DISTRIBUTIECENTRUM,etofenprox,0.097,4.0,,CONFORM
6853,tafeldruiven,86961121,druiven rood met pit,7‐10‐2024,Italië,JUMBO DISTRIBUTIECENTRUM,proquinazid,0.081,0.5,,CONFORM
6854,tafeldruiven,86961121,druiven rood met pit,7‐10‐2024,Italië,JUMBO DISTRIBUTIECENTRUM,trifloxystrobin,0.69,3.0,,CONFORM
6855,tafeldruiven,86961121,druiven rood met pit,7‐10‐2024,Italië,JUMBO DISTRIBUTIECENTRUM,Overige bestrijdingsmiddelen,,,,CONFORM
6856,tafeldruiven,86961814,witte duiven,16‐10‐2024,Italië,K. V.D. SPIJK EN ZN IJSSELMUIDEN B.V.,fludioxonil,0.44,5.0,,CONFORM
6857,tafeldruiven,86961814,witte duiven,16‐10‐2024,Italië,K. V.D. SPIJK EN ZN IJSSELMUIDEN B.V.,fluxapyroxad,0.38,3.0,,CONFORM
6858,tafeldruiven,86961814,witte duiven,16‐10‐2024,Italië,K. V.D. SPIJK EN ZN IJSSELMUIDEN B.V.,penconazool,0.0099,0.5,,CONFORM
6859,tafeldruiven,86961814,witte duiven,16‐10‐2024,Italië,K. V.D. SPIJK EN ZN IJSSELMUIDEN B.V.,spiroxamine,0.14,0.6,,CONFORM
6860,tafeldruiven,86961814,witte duiven,16‐10‐2024,Italië,K. V.D. SPIJK EN ZN IJSSELMUIDEN B.V.,trifloxystrobin,0.32,3.0,,CONFORM
6861,tafeldruiven,86961814,witte duiven,16‐10‐2024,Italië,K. V.D. SPIJK EN ZN IJSSELMUIDEN B.V.,Overige bestrijdingsmiddelen,,,,CONFORM
6862,tafeldruiven,86963086,witte druiven,19‐8‐2024,Griekenland,FIRMA POSTUMA‐KAMPEN,etofenprox,0.08,4.0,,CONFORM
6863,tafeldruiven,86963086,witte druiven,19‐8‐2024,Griekenland,FIRMA POSTUMA‐KAMPEN,penconazool,0.0062,0.5,,CONFORM
6864,tafeldruiven,86963086,witte druiven,19‐8‐2024,Griekenland,FIRMA POSTUMA‐KAMPEN,pyriofenone,0.0077,0.9,,CONFORM
6865,tafeldruiven,86963086,witte druiven,19‐8‐2024,Griekenland,FIRMA POSTUMA‐KAMPEN,spirotetramat (som),0.028,2.0,,CONFORM
6866,tafeldruiven,86963086,witte druiven,19‐8‐2024,Griekenland,FIRMA POSTUMA‐KAMPEN,spiroxamine,0.0077,0.6,,CONFORM
6867,tafeldruiven,86963086,witte druiven,19‐8‐2024,Griekenland,FIRMA POSTUMA‐KAMPEN,zoxamide,0.011,5.0,,CONFORM
6868,tafeldruiven,86963086,witte druiven,19‐8‐2024,Griekenland,FIRMA POSTUMA‐KAMPEN,Overige bestrijdingsmiddelen,,,,CONFORM
6869,tafeldruiven,86999099,rode druiven,30‐10‐2024,Italië,AGF OVERTOOM GROOTHANDEL EN HORECALEVERANCIER B.V.,acetamiprid,0.099,0.5,,CONFORM
6870,tafeldruiven,86999099,rode druiven,30‐10‐2024,Italië,AGF OVERTOOM GROOTHANDEL EN HORECALEVERANCIER B.V.,chloorpyrifos‐methyl,0.013,0.01,,NIET CONFORM*
6871,tafeldruiven,86999099,rode druiven,30‐10‐2024,Italië,AGF OVERTOOM GROOTHANDEL EN HORECALEVERANCIER B.V.,cyazofamid,0.14,2.0,,CONFORM
6872,tafeldruiven,86999099,rode druiven,30‐10‐2024,Italië,AGF OVERTOOM GROOTHANDEL EN HORECALEVERANCIER B.V.,cyhalothrin‐lambda,0.013,0.08,,CONFORM
6873,tafeldruiven,86999099,rode druiven,30‐10‐2024,Italië,AGF OVERTOOM GROOTHANDEL EN HORECALEVERANCIER B.V.,cyprodinil,0.45,3.0,,CONFORM
6874,tafeldruiven,86999099,rode druiven,30‐10‐2024,Italië,AGF OVERTOOM GROOTHANDEL EN HORECALEVERANCIER B.V.,fenazaquin,0.015,0.01,,NIET CONFORM*
6875,tafeldruiven,86999099,rode druiven,30‐10‐2024,Italië,AGF OVERTOOM GROOTHANDEL EN HORECALEVERANCIER B.V.,fenhexamid,0.79,15.0,,CONFORM
6876,tafeldruiven,86999099,rode druiven,30‐10‐2024,Italië,AGF OVERTOOM GROOTHANDEL EN HORECALEVERANCIER B.V.,fludioxonil,0.28,5.0,,CONFORM
6877,tafeldruiven,86999099,rode druiven,30‐10‐2024,Italië,AGF OVERTOOM GROOTHANDEL EN HORECALEVERANCIER B.V.,flupyradifurone,0.0091,3.0,,CONFORM
6878,tafeldruiven,86999099,rode druiven,30‐10‐2024,Italië,AGF OVERTOOM GROOTHANDEL EN HORECALEVERANCIER B.V.,mandipropamid,0.055,2.0,,CONFORM
6879,tafeldruiven,86999099,rode druiven,30‐10‐2024,Italië,AGF OVERTOOM GROOTHANDEL EN HORECALEVERANCIER B.V.,metalaxyl,0.04,2.0,,CONFORM
6880,tafeldruiven,86999099,rode druiven,30‐10‐2024,Italië,AGF OVERTOOM GROOTHANDEL EN HORECALEVERANCIER B.V.,oxathiapiproline,0.013,0.7,,CONFORM
6881,tafeldruiven,86999099,rode druiven,30‐10‐2024,Italië,AGF OVERTOOM GROOTHANDEL EN HORECALEVERANCIER B.V.,penconazool,0.09,0.5,,CONFORM
6882,tafeldruiven,86999099,rode druiven,30‐10‐2024,Italië,AGF OVERTOOM GROOTHANDEL EN HORECALEVERANCIER B.V.,zoxamide,0.081,5.0,,CONFORM
6883,tafeldruiven,86999099,rode druiven,30‐10‐2024,Italië,AGF OVERTOOM GROOTHANDEL EN HORECALEVERANCIER B.V.,Overige bestrijdingsmiddelen,,,,CONFORM
6884,tafeldruiven,99389257,Witte druiven pitloos,9‐1‐2024,Zuid Afrika,ALBERT HEIJN XL,boscalid,0.023,5.0,,CONFORM
6885,tafeldruiven,99389257,Witte druiven pitloos,9‐1‐2024,Zuid Afrika,ALBERT HEIJN XL,fluopyram,0.21,2.0,,CONFORM
6886,tafeldruiven,99389257,Witte druiven pitloos,9‐1‐2024,Zuid Afrika,ALBERT HEIJN XL,koper,0.29,50.0,,CONFORM
6887,tafeldruiven,99389257,Witte druiven pitloos,9‐1‐2024,Zuid Afrika,ALBERT HEIJN XL,Overige bestrijdingsmiddelen,,,,CONFORM
6888,tafeldruiven,99390166,pitloze rode druiven,6‐2‐2024,Zuid Afrika,COOP MAASBREE,boscalid,0.026,5.0,,CONFORM
6889,tafeldruiven,99390166,pitloze rode druiven,6‐2‐2024,Zuid Afrika,COOP MAASBREE,ethefon,1.1,1.0,,NIET CONFORM*
6890,tafeldruiven,99390166,pitloze rode druiven,6‐2‐2024,Zuid Afrika,COOP MAASBREE,fluopyram,0.0073,2.0,,CONFORM
6891,tafeldruiven,99390166,pitloze rode druiven,6‐2‐2024,Zuid Afrika,COOP MAASBREE,koper,0.62,50.0,,CONFORM
6892,tafeldruiven,99390166,pitloze rode druiven,6‐2‐2024,Zuid Afrika,COOP MAASBREE,spinetoram,0.021,0.4,,CONFORM
6893,tafeldruiven,99390166,pitloze rode druiven,6‐2‐2024,Zuid Afrika,COOP MAASBREE,Overige bestrijdingsmiddelen,,,,CONFORM
6894,tafeldruiven,99399732,WITTE DRUIVEN,16‐1‐2024,Zuid Afrika,ALDI MARKT,captan (som),0.034,0.03,,NIET CONFORM*
6895,tafeldruiven,99399732,WITTE DRUIVEN,16‐1‐2024,Zuid Afrika,ALDI MARKT,fluopyram,0.17,2.0,,CONFORM
6896,tafeldruiven,99399732,WITTE DRUIVEN,16‐1‐2024,Zuid Afrika,ALDI MARKT,koper,0.58,50.0,,CONFORM
6897,tafeldruiven,99399732,WITTE DRUIVEN,16‐1‐2024,Zuid Afrika,ALDI MARKT,Overige bestrijdingsmiddelen,,,,CONFORM
6898,tafeldruiven,99401605,Pitloze Rode Druiven,23‐1‐2024,Namibië,PLUS BECKERS,boscalid,0.41,5.0,,CONFORM
6899,tafeldruiven,99401605,Pitloze Rode Druiven,23‐1‐2024,Namibië,PLUS BECKERS,ethefon,0.19,1.0,,CONFORM
6900,tafeldruiven,99401605,Pitloze Rode Druiven,23‐1‐2024,Namibië,PLUS BECKERS,fluopyram,0.37,2.0,,CONFORM
6901,tafeldruiven,99401605,Pitloze Rode Druiven,23‐1‐2024,Namibië,PLUS BECKERS,koper,0.76,50.0,,CONFORM
6902,tafeldruiven,99401605,Pitloze Rode Druiven,23‐1‐2024,Namibië,PLUS BECKERS,Overige bestrijdingsmiddelen,,,,CONFORM
6903,tafeldruiven,99401885,Druiven,30‐1‐2024,Zuid Afrika,LIDL,boscalid,0.0073,5.0,,CONFORM
6904,tafeldruiven,99401885,Druiven,30‐1‐2024,Zuid Afrika,LIDL,imidacloprid,0.0067,0.7,,CONFORM
6905,tafeldruiven,99401885,Druiven,30‐1‐2024,Zuid Afrika,LIDL,koper,0.78,50.0,,CONFORM
6906,tafeldruiven,99401885,Druiven,30‐1‐2024,Zuid Afrika,LIDL,Overige bestrijdingsmiddelen,,,,CONFORM
6907,tafeldruiven,99402237,Rode druiven,6‐2‐2024,Zuid Afrika,JUMBO SUPERMARKT,ethefon,0.11,1.0,,CONFORM
6908,tafeldruiven,99402237,Rode druiven,6‐2‐2024,Zuid Afrika,JUMBO SUPERMARKT,fosetyl (som),0.39,100.0,,CONFORM
6909,tafeldruiven,99402237,Rode druiven,6‐2‐2024,Zuid Afrika,JUMBO SUPERMARKT,imidacloprid,0.0074,0.7,,CONFORM
6910,tafeldruiven,99402237,Rode druiven,6‐2‐2024,Zuid Afrika,JUMBO SUPERMARKT,koper,0.65,50.0,,CONFORM
6911,tafeldruiven,99402237,Rode druiven,6‐2‐2024,Zuid Afrika,JUMBO SUPERMARKT,nicotine,0.0089,0.01,,CONFORM
6912,tafeldruiven,99402237,Rode druiven,6‐2‐2024,Zuid Afrika,JUMBO SUPERMARKT,Overige bestrijdingsmiddelen,,,,CONFORM
6913,tafeldruiven,99414456,druiven,16‐1‐2024,Zuid Afrika,LIDL,boscalid,0.022,5.0,,CONFORM
6914,tafeldruiven,99414456,druiven,16‐1‐2024,Zuid Afrika,LIDL,fluopyram,0.23,2.0,,CONFORM
6915,tafeldruiven,99414456,druiven,16‐1‐2024,Zuid Afrika,LIDL,koper,0.32,50.0,,CONFORM
6916,tafeldruiven,99414456,druiven,16‐1‐2024,Zuid Afrika,LIDL,Overige bestrijdingsmiddelen,,,,CONFORM
6917,tafeldruiven,99414847,Rode druiven,24‐1‐2024,Peru,COOP ALMELO,acetamiprid,0.064,0.5,,CONFORM
6918,tafeldruiven,99414847,Rode druiven,24‐1‐2024,Peru,COOP ALMELO,boscalid,0.03,5.0,,CONFORM
6919,tafeldruiven,99414847,Rode druiven,24‐1‐2024,Peru,COOP ALMELO,fosetyl (som),18.0,100.0,,CONFORM
6920,tafeldruiven,99414847,Rode druiven,24‐1‐2024,Peru,COOP ALMELO,koper,1.1,50.0,,CONFORM
6921,tafeldruiven,99414847,Rode druiven,24‐1‐2024,Peru,COOP ALMELO,myclobutanil,0.029,1.5,,CONFORM
6922,tafeldruiven,99414847,Rode druiven,24‐1‐2024,Peru,COOP ALMELO,spinosad,0.0056,0.5,,CONFORM
6923,tafeldruiven,99414847,Rode druiven,24‐1‐2024,Peru,COOP ALMELO,Overige bestrijdingsmiddelen,,,,CONFORM
6924,tafeldruiven,99415134,1 de Beste witte druiven,30‐1‐2024,Namibië,DIRK,fluopyram,0.22,2.0,,CONFORM
6925,tafeldruiven,99415134,1 de Beste witte druiven,30‐1‐2024,Namibië,DIRK,koper,0.62,50.0,,CONFORM
6926,tafeldruiven,99415134,1 de Beste witte druiven,30‐1‐2024,Namibië,DIRK,penconazool,0.0094,0.5,,CONFORM
6927,tafeldruiven,99415134,1 de Beste witte druiven,30‐1‐2024,Namibië,DIRK,Overige bestrijdingsmiddelen,,,,CONFORM
6928,tafeldruiven,99415878,AH witte druiven,7‐2‐2024,Namibië,"ALBERT HEIJN, TJ VOSSELMAN SUPERMARKT T.H.O.D.N.",boscalid,0.16,5.0,,CONFORM
6929,tafeldruiven,99415878,AH witte druiven,7‐2‐2024,Namibië,"ALBERT HEIJN, TJ VOSSELMAN SUPERMARKT T.H.O.D.N.",fluopyram,0.38,2.0,,CONFORM
6930,tafeldruiven,99415878,AH witte druiven,7‐2‐2024,Namibië,"ALBERT HEIJN, TJ VOSSELMAN SUPERMARKT T.H.O.D.N.",koper,0.7,50.0,,CONFORM
6931,tafeldruiven,99415878,AH witte druiven,7‐2‐2024,Namibië,"ALBERT HEIJN, TJ VOSSELMAN SUPERMARKT T.H.O.D.N.",Overige bestrijdingsmiddelen,,,,CONFORM
6932,tafeldruiven,99419857,Jumbo pitloze witte druiven 500gr,23‐1‐2024,Peru,JUMBO SUPERMARKT,acetamiprid,0.068,0.5,,CONFORM
6933,tafeldruiven,99419857,Jumbo pitloze witte druiven 500gr,23‐1‐2024,Peru,JUMBO SUPERMARKT,boscalid,0.9,5.0,,CONFORM
6934,tafeldruiven,99419857,Jumbo pitloze witte druiven 500gr,23‐1‐2024,Peru,JUMBO SUPERMARKT,cyprodinil,0.4,3.0,,CONFORM
6935,tafeldruiven,99419857,Jumbo pitloze witte druiven 500gr,23‐1‐2024,Peru,JUMBO SUPERMARKT,difenoconazool,0.23,3.0,,CONFORM
6936,tafeldruiven,99419857,Jumbo pitloze witte druiven 500gr,23‐1‐2024,Peru,JUMBO SUPERMARKT,fludioxonil,0.21,5.0,,CONFORM
6937,tafeldruiven,99419857,Jumbo pitloze witte druiven 500gr,23‐1‐2024,Peru,JUMBO SUPERMARKT,koper,0.99,50.0,,CONFORM
6938,tafeldruiven,99419857,Jumbo pitloze witte druiven 500gr,23‐1‐2024,Peru,JUMBO SUPERMARKT,spinosad,0.0077,0.5,,CONFORM
6939,tafeldruiven,99419857,Jumbo pitloze witte druiven 500gr,23‐1‐2024,Peru,JUMBO SUPERMARKT,Overige bestrijdingsmiddelen,,,,CONFORM
6940,tafeldruiven,99420685,Pitloze rode druiven 500gr,6‐2‐2024,Zuid Afrika,ALDI MARKT,ethefon,0.2,1.0,,CONFORM
6941,tafeldruiven,99420685,Pitloze rode druiven 500gr,6‐2‐2024,Zuid Afrika,ALDI MARKT,fluopyram,0.025,2.0,,CONFORM
6942,tafeldruiven,99420685,Pitloze rode druiven 500gr,6‐2‐2024,Zuid Afrika,ALDI MARKT,fosetyl (som),3.0,100.0,,CONFORM
6943,tafeldruiven,99420685,Pitloze rode druiven 500gr,6‐2‐2024,Zuid Afrika,ALDI MARKT,koper,0.92,50.0,,CONFORM
6944,tafeldruiven,99420685,Pitloze rode druiven 500gr,6‐2‐2024,Zuid Afrika,ALDI MARKT,propamocarb,0.0067,0.01,,CONFORM
6945,tafeldruiven,99420685,Pitloze rode druiven 500gr,6‐2‐2024,Zuid Afrika,ALDI MARKT,Overige bestrijdingsmiddelen,,,,CONFORM
6946,tafeldruiven,99634464,"Druiven wit, pitloos, Klasse I, Variety: Arrafifteen (Arra sweeties),",24‐1‐2024,Namibië,LIDL,boscalid,0.099,5.0,,CONFORM
6947,tafeldruiven,99634464,"Druiven wit, pitloos, Klasse I, Variety: Arrafifteen (Arra sweeties),",24‐1‐2024,Namibië,LIDL,fluopyram,0.19,2.0,,CONFORM
6948,tafeldruiven,99634464,"Druiven wit, pitloos, Klasse I, Variety: Arrafifteen (Arra sweeties),",24‐1‐2024,Namibië,LIDL,koper,0.87,50.0,,CONFORM
6949,tafeldruiven,99634464,"Druiven wit, pitloos, Klasse I, Variety: Arrafifteen (Arra sweeties),",24‐1‐2024,Namibië,LIDL,Overige bestrijdingsmiddelen,,,,CONFORM
6950,tafeldruiven,99634693,Druiven rood pitloos,31‐1‐2024,Zuid Afrika,JUMBO SUPERMARKT,boscalid,0.033,5.0,,CONFORM
6951,tafeldruiven,99634693,Druiven rood pitloos,31‐1‐2024,Zuid Afrika,JUMBO SUPERMARKT,ethefon,0.51,1.0,,CONFORM
6952,tafeldruiven,99634693,Druiven rood pitloos,31‐1‐2024,Zuid Afrika,JUMBO SUPERMARKT,fluopyram,0.0083,2.0,,CONFORM
6953,tafeldruiven,99634693,Druiven rood pitloos,31‐1‐2024,Zuid Afrika,JUMBO SUPERMARKT,imidacloprid,0.0053,0.7,,CONFORM
6954,tafeldruiven,99634693,Druiven rood pitloos,31‐1‐2024,Zuid Afrika,JUMBO SUPERMARKT,koper,0.68,50.0,,CONFORM
6955,tafeldruiven,99634693,Druiven rood pitloos,31‐1‐2024,Zuid Afrika,JUMBO SUPERMARKT,spinetoram,0.0094,0.4,,CONFORM
6956,tafeldruiven,99634693,Druiven rood pitloos,31‐1‐2024,Zuid Afrika,JUMBO SUPERMARKT,Overige bestrijdingsmiddelen,,,,CONFORM
6957,tafeldruiven,99635096,"Pitloze witte druiven, Druivenras: Sugar Crisp",7‐2‐2024,Namibië,DIRK VAN DER BROEK,boscalid,0.51,5.0,,CONFORM
6958,tafeldruiven,99635096,"Pitloze witte druiven, Druivenras: Sugar Crisp",7‐2‐2024,Namibië,DIRK VAN DER BROEK,fluopyram,0.64,2.0,,CONFORM
6959,tafeldruiven,99635096,"Pitloze witte druiven, Druivenras: Sugar Crisp",7‐2‐2024,Namibië,DIRK VAN DER BROEK,koper,0.45,50.0,,CONFORM
6960,tafeldruiven,99635096,"Pitloze witte druiven, Druivenras: Sugar Crisp",7‐2‐2024,Namibië,DIRK VAN DER BROEK,Overige bestrijdingsmiddelen,,,,CONFORM
6961,tafeldruiven,99642882,"Rode druiven, pitloos, Varieteit Bheegene 13",3‐1‐2024,Brazilië,ALBERT HEIJN,bromide,0.64,20.0,,CONFORM
6962,tafeldruiven,99642882,"Rode druiven, pitloos, Varieteit Bheegene 13",3‐1‐2024,Brazilië,ALBERT HEIJN,clothianidin,0.0057,0.7,,CONFORM
6963,tafeldruiven,99642882,"Rode druiven, pitloos, Varieteit Bheegene 13",3‐1‐2024,Brazilië,ALBERT HEIJN,difenoconazool,0.0079,3.0,,CONFORM
6964,tafeldruiven,99642882,"Rode druiven, pitloos, Varieteit Bheegene 13",3‐1‐2024,Brazilië,ALBERT HEIJN,ethefon,0.26,1.0,,CONFORM
6965,tafeldruiven,99642882,"Rode druiven, pitloos, Varieteit Bheegene 13",3‐1‐2024,Brazilië,ALBERT HEIJN,fosetyl (som),1.7,100.0,,CONFORM
6966,tafeldruiven,99642882,"Rode druiven, pitloos, Varieteit Bheegene 13",3‐1‐2024,Brazilië,ALBERT HEIJN,koper,2.3,50.0,,CONFORM
6967,tafeldruiven,99642882,"Rode druiven, pitloos, Varieteit Bheegene 13",3‐1‐2024,Brazilië,ALBERT HEIJN,Overige bestrijdingsmiddelen,,,,CONFORM
6968,tafeldruiven,99643021,"Red Grapes, Sorte: Flame Seedless",11‐1‐2024,Zuid Afrika,LIDL,azoxystrobin,0.43,3.0,,CONFORM
6969,tafeldruiven,99643021,"Red Grapes, Sorte: Flame Seedless",11‐1‐2024,Zuid Afrika,LIDL,ethefon,0.29,1.0,,CONFORM
6970,tafeldruiven,99643021,"Red Grapes, Sorte: Flame Seedless",11‐1‐2024,Zuid Afrika,LIDL,fenhexamid,0.12,15.0,,CONFORM
6971,tafeldruiven,99643021,"Red Grapes, Sorte: Flame Seedless",11‐1‐2024,Zuid Afrika,LIDL,fluopyram,0.012,2.0,,CONFORM
6972,tafeldruiven,99643021,"Red Grapes, Sorte: Flame Seedless",11‐1‐2024,Zuid Afrika,LIDL,fosetyl (som),0.57,100.0,,CONFORM
6973,tafeldruiven,99643021,"Red Grapes, Sorte: Flame Seedless",11‐1‐2024,Zuid Afrika,LIDL,koper,1.2,50.0,,CONFORM
6974,tafeldruiven,99643021,"Red Grapes, Sorte: Flame Seedless",11‐1‐2024,Zuid Afrika,LIDL,Overige bestrijdingsmiddelen,,,,CONFORM
6975,tafeldruiven,99643242,"Witte druiven pitloos, Vari""teit: Prime Seedless",10‐1‐2024,Zuid Afrika,ALDI MARKT,boscalid,0.012,5.0,,CONFORM
6976,tafeldruiven,99643242,"Witte druiven pitloos, Vari""teit: Prime Seedless",10‐1‐2024,Zuid Afrika,ALDI MARKT,fluopyram,0.26,2.0,,CONFORM
6977,tafeldruiven,99643242,"Witte druiven pitloos, Vari""teit: Prime Seedless",10‐1‐2024,Zuid Afrika,ALDI MARKT,fosetyl (som),1.8,100.0,,CONFORM
6978,tafeldruiven,99643242,"Witte druiven pitloos, Vari""teit: Prime Seedless",10‐1‐2024,Zuid Afrika,ALDI MARKT,koper,0.53,50.0,,CONFORM
6979,tafeldruiven,99643242,"Witte druiven pitloos, Vari""teit: Prime Seedless",10‐1‐2024,Zuid Afrika,ALDI MARKT,proquinazid,0.018,0.5,,CONFORM
6980,tafeldruiven,99643242,"Witte druiven pitloos, Vari""teit: Prime Seedless",10‐1‐2024,Zuid Afrika,ALDI MARKT,spirotetramat (som),0.015,2.0,,CONFORM
6981,tafeldruiven,99643242,"Witte druiven pitloos, Vari""teit: Prime Seedless",10‐1‐2024,Zuid Afrika,ALDI MARKT,tetraconazool,0.019,0.07,,CONFORM
6982,tafeldruiven,99643242,"Witte druiven pitloos, Vari""teit: Prime Seedless",10‐1‐2024,Zuid Afrika,ALDI MARKT,Overige bestrijdingsmiddelen,,,,CONFORM
6983,tafeldruiven,99643501,Rode druiven,17‐1‐2024,Zuid Afrika,PLUS DE WEERD,acetamiprid,0.2,0.5,,CONFORM
6984,tafeldruiven,99643501,Rode druiven,17‐1‐2024,Zuid Afrika,PLUS DE WEERD,cyprodinil,0.11,3.0,,CONFORM
6985,tafeldruiven,99643501,Rode druiven,17‐1‐2024,Zuid Afrika,PLUS DE WEERD,fenhexamid,1.3,15.0,,CONFORM
6986,tafeldruiven,99643501,Rode druiven,17‐1‐2024,Zuid Afrika,PLUS DE WEERD,pyrimethanil,0.019,5.0,,CONFORM
6987,tafeldruiven,99643501,Rode druiven,17‐1‐2024,Zuid Afrika,PLUS DE WEERD,Overige bestrijdingsmiddelen,,,,CONFORM
6988,tafeldruiven,99648503,Druiven Wit,3‐1‐2024,Zuid Afrika,JUMBO SUPERMARKT,azoxystrobin,0.38,3.0,,CONFORM
6989,tafeldruiven,99648503,Druiven Wit,3‐1‐2024,Zuid Afrika,JUMBO SUPERMARKT,fenhexamid,0.13,15.0,,CONFORM
6990,tafeldruiven,99648503,Druiven Wit,3‐1‐2024,Zuid Afrika,JUMBO SUPERMARKT,fluopyram,0.027,2.0,,CONFORM
6991,tafeldruiven,99648503,Druiven Wit,3‐1‐2024,Zuid Afrika,JUMBO SUPERMARKT,fosetyl (som),0.47,100.0,,CONFORM
6992,tafeldruiven,99648503,Druiven Wit,3‐1‐2024,Zuid Afrika,JUMBO SUPERMARKT,koper,1.0,50.0,,CONFORM
6993,tafeldruiven,99648503,Druiven Wit,3‐1‐2024,Zuid Afrika,JUMBO SUPERMARKT,proquinazid,0.027,0.5,,CONFORM
6994,tafeldruiven,99648503,Druiven Wit,3‐1‐2024,Zuid Afrika,JUMBO SUPERMARKT,Overige bestrijdingsmiddelen,,,,CONFORM
6995,tafeldruiven,99658827,witte druiven,2‐1‐2024,Zuid Afrika,ALDI MARKT,bromide,1.1,20.0,,CONFORM
6996,tafeldruiven,99658827,witte druiven,2‐1‐2024,Zuid Afrika,ALDI MARKT,cyprodinil,0.085,3.0,,CONFORM
6997,tafeldruiven,99658827,witte druiven,2‐1‐2024,Zuid Afrika,ALDI MARKT,fenhexamid,0.14,15.0,,CONFORM
6998,tafeldruiven,99658827,witte druiven,2‐1‐2024,Zuid Afrika,ALDI MARKT,fludioxonil,0.022,5.0,,CONFORM
6999,tafeldruiven,99658827,witte druiven,2‐1‐2024,Zuid Afrika,ALDI MARKT,koper,0.66,50.0,,CONFORM
7000,tafeldruiven,99658827,witte druiven,2‐1‐2024,Zuid Afrika,ALDI MARKT,Overige bestrijdingsmiddelen,,,,CONFORM
7001,tafeldruiven,99659181,Plus pitloze rode druiven 500gr Sweet Surrender,10‐1‐2024,Namibië,PLUS LEUSINK,boscalid,0.21,5.0,,CONFORM
7002,tafeldruiven,99659181,Plus pitloze rode druiven 500gr Sweet Surrender,10‐1‐2024,Namibië,PLUS LEUSINK,ethefon,0.065,1.0,,CONFORM
7003,tafeldruiven,99659181,Plus pitloze rode druiven 500gr Sweet Surrender,10‐1‐2024,Namibië,PLUS LEUSINK,fluopyram,0.32,2.0,,CONFORM
7004,tafeldruiven,99659181,Plus pitloze rode druiven 500gr Sweet Surrender,10‐1‐2024,Namibië,PLUS LEUSINK,koper,0.97,50.0,,CONFORM
7005,tafeldruiven,99659181,Plus pitloze rode druiven 500gr Sweet Surrender,10‐1‐2024,Namibië,PLUS LEUSINK,Overige bestrijdingsmiddelen,,,,CONFORM
7006,tafeldruiven,99659785,AH witte druiven pitloos 500gr,17‐1‐2024,Zuid Afrika,ALBERT HEIJN,boscalid,0.018,5.0,,CONFORM
7007,tafeldruiven,99659785,AH witte druiven pitloos 500gr,17‐1‐2024,Zuid Afrika,ALBERT HEIJN,fluopyram,0.18,2.0,,CONFORM
7008,tafeldruiven,99659785,AH witte druiven pitloos 500gr,17‐1‐2024,Zuid Afrika,ALBERT HEIJN,fosetyl (som),4.1,100.0,,CONFORM
7009,tafeldruiven,99659785,AH witte druiven pitloos 500gr,17‐1‐2024,Zuid Afrika,ALBERT HEIJN,koper,0.57,50.0,,CONFORM
7010,tafeldruiven,99659785,AH witte druiven pitloos 500gr,17‐1‐2024,Zuid Afrika,ALBERT HEIJN,proquinazid,0.012,0.5,,CONFORM
7011,tafeldruiven,99659785,AH witte druiven pitloos 500gr,17‐1‐2024,Zuid Afrika,ALBERT HEIJN,tetraconazool,0.011,0.07,,CONFORM
7012,tafeldruiven,99659785,AH witte druiven pitloos 500gr,17‐1‐2024,Zuid Afrika,ALBERT HEIJN,Overige bestrijdingsmiddelen,,,,CONFORM
7013,tamarillos,86788357,Tamarillo,19‐2‐2024,Colombia,TFC HOLLAND,tebuconazool,0.0077,2.0,,CONFORM
7014,tamarillos,86788357,Tamarillo,19‐2‐2024,Colombia,TFC HOLLAND,Overige bestrijdingsmiddelen,,,,CONFORM
7015,tangelos (met uitzondering van minneolas)/ugli,86812258,Ugli,29‐4‐2024,Jamaica,HENK VAN WALDERVEEN EN ZONEN B.V.,fenylfenol‐2,1.2,10.0,,CONFORM
7016,tangelos (met uitzondering van minneolas)/ugli,86812258,Ugli,29‐4‐2024,Jamaica,HENK VAN WALDERVEEN EN ZONEN B.V.,imazalil,0.78,4.0,,CONFORM
7017,tangelos (met uitzondering van minneolas)/ugli,86812258,Ugli,29‐4‐2024,Jamaica,HENK VAN WALDERVEEN EN ZONEN B.V.,thiabendazool,1.8,7.0,,CONFORM
7018,tangelos (met uitzondering van minneolas)/ugli,86812258,Ugli,29‐4‐2024,Jamaica,HENK VAN WALDERVEEN EN ZONEN B.V.,Overige bestrijdingsmiddelen,,,,CONFORM
7019,tarwe,86782235,Franse Miselle 11%,23‐9‐2024,Frankrijk,DOSSCHE MILLS,chloormequat,0.071,7.0,,CONFORM
7020,tarwe,86782235,Franse Miselle 11%,23‐9‐2024,Frankrijk,DOSSCHE MILLS,koper,2.9,10.0,,CONFORM
7021,tarwe,86782235,Franse Miselle 11%,23‐9‐2024,Frankrijk,DOSSCHE MILLS,Overige bestrijdingsmiddelen,,,,CONFORM
7022,tarwe,86782243,Duiste A13%,23‐9‐2024,Duitsland,DOSSCHE MILLS,chloormequat,0.17,7.0,,CONFORM
7023,tarwe,86782243,Duiste A13%,23‐9‐2024,Duitsland,DOSSCHE MILLS,glyfosaat,0.015,10.0,,CONFORM
7024,tarwe,86782243,Duiste A13%,23‐9‐2024,Duitsland,DOSSCHE MILLS,koper,3.3,10.0,,CONFORM
7025,tarwe,86782243,Duiste A13%,23‐9‐2024,Duitsland,DOSSCHE MILLS,Overige bestrijdingsmiddelen,,,,CONFORM
7026,tarwe,86782251,"duitse Q40 0,14 %",23‐9‐2024,Duitsland,DOSSCHE MILLS,chloormequat,0.15,7.0,,CONFORM
7027,tarwe,86782251,"duitse Q40 0,14 %",23‐9‐2024,Duitsland,DOSSCHE MILLS,chloortoluron,0.0057,0.1,,CONFORM
7028,tarwe,86782251,"duitse Q40 0,14 %",23‐9‐2024,Duitsland,DOSSCHE MILLS,koper,2.7,10.0,,CONFORM
7029,tarwe,86782251,"duitse Q40 0,14 %",23‐9‐2024,Duitsland,DOSSCHE MILLS,tebuconazool,0.02,0.3,,CONFORM
7030,tarwe,86782251,"duitse Q40 0,14 %",23‐9‐2024,Duitsland,DOSSCHE MILLS,Overige bestrijdingsmiddelen,,,,CONFORM
7031,tarwe,86782421,tarwe,26‐9‐2024,Nederland,MEELFABRIEK DE JONGH B.V.,chloormequat,0.35,7.0,,CONFORM
7032,tarwe,86782421,tarwe,26‐9‐2024,Nederland,MEELFABRIEK DE JONGH B.V.,koper,2.5,10.0,,CONFORM
7033,tarwe,86782421,tarwe,26‐9‐2024,Nederland,MEELFABRIEK DE JONGH B.V.,Overige bestrijdingsmiddelen,,,,CONFORM
7034,tarwe,86782448,Tarwe Loods 1996,26‐9‐2024,Nederland,CZAV,chloormequat,0.33,7.0,,CONFORM
7035,tarwe,86782448,Tarwe Loods 1996,26‐9‐2024,Nederland,CZAV,glyfosaat,0.03,10.0,,CONFORM
7036,tarwe,86782448,Tarwe Loods 1996,26‐9‐2024,Nederland,CZAV,koper,2.9,10.0,,CONFORM
7037,tarwe,86782448,Tarwe Loods 1996,26‐9‐2024,Nederland,CZAV,Overige bestrijdingsmiddelen,,,,CONFORM
7038,tarwe,86782456,Tarwe Loods 2018,26‐9‐2024,Nederland,CZAV,chloormequat,0.9,7.0,,CONFORM
7039,tarwe,86782456,Tarwe Loods 2018,26‐9‐2024,Nederland,CZAV,glyfosaat,0.079,10.0,,CONFORM
7040,tarwe,86782456,Tarwe Loods 2018,26‐9‐2024,Nederland,CZAV,koper,2.5,10.0,,CONFORM
7041,tarwe,86782456,Tarwe Loods 2018,26‐9‐2024,Nederland,CZAV,Overige bestrijdingsmiddelen,,,,CONFORM
7042,tarwe,86782626,Volkoren tarwemeel,3‐10‐2024,Nederland,DRIE KLEUR GRUTTERIJ,chloormequat,0.045,7.0,,CONFORM
7043,tarwe,86782626,Volkoren tarwemeel,3‐10‐2024,Nederland,DRIE KLEUR GRUTTERIJ,deltamethrin,0.039,1.0,,CONFORM
7044,tarwe,86782626,Volkoren tarwemeel,3‐10‐2024,Nederland,DRIE KLEUR GRUTTERIJ,koper,1.3,10.0,,CONFORM
7045,tarwe,86782626,Volkoren tarwemeel,3‐10‐2024,Nederland,DRIE KLEUR GRUTTERIJ,Overige bestrijdingsmiddelen,,,,CONFORM
7046,tarwe,86782642,Tarwebloem ongebleekt,3‐10‐2024,Nederland,DRIE KLEUR GRUTTERIJ,chloormequat,0.14,7.0,,CONFORM
7047,tarwe,86782642,Tarwebloem ongebleekt,3‐10‐2024,Nederland,DRIE KLEUR GRUTTERIJ,deltamethrin,0.07,1.0,,CONFORM
7048,tarwe,86782642,Tarwebloem ongebleekt,3‐10‐2024,Nederland,DRIE KLEUR GRUTTERIJ,koper,2.7,10.0,,CONFORM
7049,tarwe,86782642,Tarwebloem ongebleekt,3‐10‐2024,Nederland,DRIE KLEUR GRUTTERIJ,Overige bestrijdingsmiddelen,,,,CONFORM
7050,tarwe,86808072,volkorenmeel,16‐9‐2024,Nederland,BORGESIUS BUNSCHOTEN BV,chloormequat,0.058,7.0,,CONFORM
7051,tarwe,86808072,volkorenmeel,16‐9‐2024,Nederland,BORGESIUS BUNSCHOTEN BV,deltamethrin,0.03,1.0,,CONFORM
7052,tarwe,86808072,volkorenmeel,16‐9‐2024,Nederland,BORGESIUS BUNSCHOTEN BV,koper,2.3,10.0,,CONFORM
7053,tarwe,86808072,volkorenmeel,16‐9‐2024,Nederland,BORGESIUS BUNSCHOTEN BV,pirimifos‐methyl,0.012,5.0,,CONFORM
7054,tarwe,86808072,volkorenmeel,16‐9‐2024,Nederland,BORGESIUS BUNSCHOTEN BV,Overige bestrijdingsmiddelen,,,,CONFORM
7055,tarwe,86808099,Patentbloem,16‐9‐2024,Nederland,BORGESIUS BUNSCHOTEN BV,chloormequat,0.037,7.0,,CONFORM
7056,tarwe,86808099,Patentbloem,16‐9‐2024,Nederland,BORGESIUS BUNSCHOTEN BV,koper,1.3,10.0,,CONFORM
7057,tarwe,86808099,Patentbloem,16‐9‐2024,Nederland,BORGESIUS BUNSCHOTEN BV,Overige bestrijdingsmiddelen,,,,CONFORM
7058,tarwe,86808579,Tarwebloem,23‐9‐2024,Nederland,KREKO B.V.,chloormequat,0.032,7.0,,CONFORM
7059,tarwe,86808579,Tarwebloem,23‐9‐2024,Nederland,KREKO B.V.,koper,0.89,10.0,,CONFORM
7060,tarwe,86808579,Tarwebloem,23‐9‐2024,Nederland,KREKO B.V.,pirimifos‐methyl,0.033,5.0,,CONFORM
7061,tarwe,86808579,Tarwebloem,23‐9‐2024,Nederland,KREKO B.V.,Overige bestrijdingsmiddelen,,,,CONFORM
7062,tarwe,86808986,Tarwebloem,1‐10‐2024,Nederland,MOLENWINKEL,chloormequat,0.043,7.0,,CONFORM
7063,tarwe,86808986,Tarwebloem,1‐10‐2024,Nederland,MOLENWINKEL,koper,1.3,10.0,,CONFORM
7064,tarwe,86808986,Tarwebloem,1‐10‐2024,Nederland,MOLENWINKEL,pirimifos‐methyl,0.12,5.0,,CONFORM
7065,tarwe,86808986,Tarwebloem,1‐10‐2024,Nederland,MOLENWINKEL,Overige bestrijdingsmiddelen,,,,CONFORM
7066,tarwe,86808994,Tarwemeel,1‐10‐2024,Nederland,MOLENWINKEL,chloormequat,0.2,7.0,,CONFORM
7067,tarwe,86808994,Tarwemeel,1‐10‐2024,Nederland,MOLENWINKEL,koper,3.4,10.0,,CONFORM
7068,tarwe,86808994,Tarwemeel,1‐10‐2024,Nederland,MOLENWINKEL,Overige bestrijdingsmiddelen,,,,CONFORM
7069,tarwe,86809001,Tarwemeel,1‐10‐2024,Nederland,MOLENWINKEL,chloormequat,0.2,7.0,,CONFORM
7070,tarwe,86809001,Tarwemeel,1‐10‐2024,Nederland,MOLENWINKEL,koper,3.4,10.0,,CONFORM
7071,tarwe,86809001,Tarwemeel,1‐10‐2024,Nederland,MOLENWINKEL,Overige bestrijdingsmiddelen,,,,CONFORM
7072,tarwe,86895099,Witbloem,16‐9‐2024,Nederland,BORGESIUS BUNSCHOTEN BV,chloormequat,0.038,7.0,,CONFORM
7073,tarwe,86895099,Witbloem,16‐9‐2024,Nederland,BORGESIUS BUNSCHOTEN BV,deltamethrin,0.02,1.0,,CONFORM
7074,tarwe,86895099,Witbloem,16‐9‐2024,Nederland,BORGESIUS BUNSCHOTEN BV,koper,1.3,10.0,,CONFORM
7075,tarwe,86895099,Witbloem,16‐9‐2024,Nederland,BORGESIUS BUNSCHOTEN BV,Overige bestrijdingsmiddelen,,,,CONFORM
7076,tarwe,86895102,tarwe,1‐10‐2024,Nederland,DE MUESLIFABRIEK B.V.,koper,3.2,10.0,,CONFORM
7077,tarwe,86895102,tarwe,1‐10‐2024,Nederland,DE MUESLIFABRIEK B.V.,Overige bestrijdingsmiddelen,,,,CONFORM
7078,tarwe,86960753,tarwebloem,24‐9‐2024,Landcode onbekend,DC DEKAMARKT LOGISTIEK VELSEN KW,chloormequat,0.029,7.0,,CONFORM
7079,tarwe,86960753,tarwebloem,24‐9‐2024,Landcode onbekend,DC DEKAMARKT LOGISTIEK VELSEN KW,koper,1.0,10.0,,CONFORM
7080,tarwe,86960753,tarwebloem,24‐9‐2024,Landcode onbekend,DC DEKAMARKT LOGISTIEK VELSEN KW,Overige bestrijdingsmiddelen,,,,CONFORM
7081,tarwe,86960761,tarwebloem,24‐9‐2024,Landcode onbekend,DC DEKAMARKT LOGISTIEK VELSEN KW,koper,1.4,10.0,,CONFORM
7082,tarwe,86960761,tarwebloem,24‐9‐2024,Landcode onbekend,DC DEKAMARKT LOGISTIEK VELSEN KW,Overige bestrijdingsmiddelen,,,,CONFORM
7083,tarwe,86960788,volkoren tarwemeel,24‐9‐2024,Landcode onbekend,DC DEKAMARKT LOGISTIEK VELSEN KW,chloormequat,0.21,7.0,,CONFORM
7084,tarwe,86960788,volkoren tarwemeel,24‐9‐2024,Landcode onbekend,DC DEKAMARKT LOGISTIEK VELSEN KW,koper,2.5,10.0,,CONFORM
7085,tarwe,86960788,volkoren tarwemeel,24‐9‐2024,Landcode onbekend,DC DEKAMARKT LOGISTIEK VELSEN KW,pirimifos‐methyl,0.0051,5.0,,CONFORM
7086,tarwe,86960788,volkoren tarwemeel,24‐9‐2024,Landcode onbekend,DC DEKAMARKT LOGISTIEK VELSEN KW,Overige bestrijdingsmiddelen,,,,CONFORM
7087,tarwe,86997487,tarwe laag B 11%,25‐9‐2024,Landcode onbekend,KOOPMANS MEEL B.V.,MCPA en MCPB (som),0.021,0.2,,CONFORM
7088,tarwe,86997487,tarwe laag B 11%,25‐9‐2024,Landcode onbekend,KOOPMANS MEEL B.V.,chloormequat,0.53,7.0,,CONFORM
7089,tarwe,86997487,tarwe laag B 11%,25‐9‐2024,Landcode onbekend,KOOPMANS MEEL B.V.,glyfosaat,0.086,10.0,,CONFORM
7090,tarwe,86997487,tarwe laag B 11%,25‐9‐2024,Landcode onbekend,KOOPMANS MEEL B.V.,koper,2.9,10.0,,CONFORM
7091,tarwe,86997487,tarwe laag B 11%,25‐9‐2024,Landcode onbekend,KOOPMANS MEEL B.V.,Overige bestrijdingsmiddelen,,,,CONFORM
7092,tarwe,86997495,tarwe laag 11 %,25‐9‐2024,Landcode onbekend,KOOPMANS MEEL B.V.,MCPA en MCPB (som),0.027,0.2,,CONFORM
7093,tarwe,86997495,tarwe laag 11 %,25‐9‐2024,Landcode onbekend,KOOPMANS MEEL B.V.,chloormequat,0.54,7.0,,CONFORM
7094,tarwe,86997495,tarwe laag 11 %,25‐9‐2024,Landcode onbekend,KOOPMANS MEEL B.V.,flutolanil,0.0073,0.01,,CONFORM
7095,tarwe,86997495,tarwe laag 11 %,25‐9‐2024,Landcode onbekend,KOOPMANS MEEL B.V.,koper,2.7,10.0,,CONFORM
7096,tarwe,86997495,tarwe laag 11 %,25‐9‐2024,Landcode onbekend,KOOPMANS MEEL B.V.,Overige bestrijdingsmiddelen,,,,CONFORM
7097,tarwe,86997509,tarwe midden A 13 %,25‐9‐2024,Landcode onbekend,KOOPMANS MEEL B.V.,chloormequat,0.17,7.0,,CONFORM
7098,tarwe,86997509,tarwe midden A 13 %,25‐9‐2024,Landcode onbekend,KOOPMANS MEEL B.V.,deltamethrin,0.042,1.0,,CONFORM
7099,tarwe,86997509,tarwe midden A 13 %,25‐9‐2024,Landcode onbekend,KOOPMANS MEEL B.V.,koper,3.1,10.0,,CONFORM
7100,tarwe,86997509,tarwe midden A 13 %,25‐9‐2024,Landcode onbekend,KOOPMANS MEEL B.V.,tebuconazool,0.0059,0.3,,CONFORM
7101,tarwe,86997509,tarwe midden A 13 %,25‐9‐2024,Landcode onbekend,KOOPMANS MEEL B.V.,Overige bestrijdingsmiddelen,,,,CONFORM
7102,tarwe,86997517,tarwe hoog E 14%,25‐9‐2024,Landcode onbekend,KOOPMANS MEEL B.V.,chloormequat,0.099,7.0,,CONFORM
7103,tarwe,86997517,tarwe hoog E 14%,25‐9‐2024,Landcode onbekend,KOOPMANS MEEL B.V.,deltamethrin,0.11,1.0,,CONFORM
7104,tarwe,86997517,tarwe hoog E 14%,25‐9‐2024,Landcode onbekend,KOOPMANS MEEL B.V.,koper,3.3,10.0,,CONFORM
7105,tarwe,86997517,tarwe hoog E 14%,25‐9‐2024,Landcode onbekend,KOOPMANS MEEL B.V.,tebuconazool,0.011,0.3,,CONFORM
7106,tarwe,86997517,tarwe hoog E 14%,25‐9‐2024,Landcode onbekend,KOOPMANS MEEL B.V.,Overige bestrijdingsmiddelen,,,,CONFORM
7107,tarwe,86997525,tarwe midden 13 %,25‐9‐2024,Landcode onbekend,KOOPMANS MEEL B.V.,chloormequat,0.16,7.0,,CONFORM
7108,tarwe,86997525,tarwe midden 13 %,25‐9‐2024,Landcode onbekend,KOOPMANS MEEL B.V.,deltamethrin,0.045,1.0,,CONFORM
7109,tarwe,86997525,tarwe midden 13 %,25‐9‐2024,Landcode onbekend,KOOPMANS MEEL B.V.,koper,3.0,10.0,,CONFORM
7110,tarwe,86997525,tarwe midden 13 %,25‐9‐2024,Landcode onbekend,KOOPMANS MEEL B.V.,tebuconazool,0.0061,0.3,,CONFORM
7111,tarwe,86997525,tarwe midden 13 %,25‐9‐2024,Landcode onbekend,KOOPMANS MEEL B.V.,Overige bestrijdingsmiddelen,,,,CONFORM
7112,thaise basilicum,86844729,Basil,12‐11‐2024,Kenia,VELEKA LOGISTICS B.V.,chloorantraniliprole,0.47,20.0,,CONFORM
7113,thaise basilicum,86844729,Basil,12‐11‐2024,Kenia,VELEKA LOGISTICS B.V.,cyprodinil,0.34,40.0,,CONFORM
7114,thaise basilicum,86844729,Basil,12‐11‐2024,Kenia,VELEKA LOGISTICS B.V.,fenhexamid,7.0,50.0,,CONFORM
7115,thaise basilicum,86844729,Basil,12‐11‐2024,Kenia,VELEKA LOGISTICS B.V.,fludioxonil,0.35,20.0,,CONFORM
7116,thaise basilicum,86844729,Basil,12‐11‐2024,Kenia,VELEKA LOGISTICS B.V.,metalaxyl,0.027,3.0,,CONFORM
7117,thaise basilicum,86844729,Basil,12‐11‐2024,Kenia,VELEKA LOGISTICS B.V.,Overige bestrijdingsmiddelen,,,,CONFORM
7118,thee,86779609,Bio Bosvruchten,12‐6‐2024,Landcode onbekend,HORESCA LIEFERINK,Overige bestrijdingsmiddelen,,,,CONFORM
7119,thee,86779617,Bio Englisch Breakfast,12‐6‐2024,Landcode onbekend,HORESCA LIEFERINK,Overige bestrijdingsmiddelen,,,,CONFORM
7120,thee,86779625,Bio Groene thee,12‐6‐2024,Landcode onbekend,HORESCA LIEFERINK,Overige bestrijdingsmiddelen,,,,CONFORM
7121,thee,86779633,Bio Groene thee Citroen,12‐6‐2024,Landcode onbekend,HORESCA LIEFERINK,Overige bestrijdingsmiddelen,,,,CONFORM
7122,thee,86779668,Mint,12‐6‐2024,Landcode onbekend,HORESCA LIEFERINK,Overige bestrijdingsmiddelen,,,,CONFORM
7123,thee,86799456,Sterremunt,30‐5‐2024,Landcode onbekend,DE KREIJ,Overige bestrijdingsmiddelen,,,,CONFORM
7124,thee,86799464,English,30‐5‐2024,Landcode onbekend,DE KREIJ,Overige bestrijdingsmiddelen,,,,CONFORM
7125,thee,86799472,Cranberry,30‐5‐2024,Landcode onbekend,DE KREIJ,Overige bestrijdingsmiddelen,,,,CONFORM
7126,thee,86799499,Lemon,30‐5‐2024,Landcode onbekend,DE KREIJ,imazalil,0.033,0.05,,CONFORM
7127,thee,86799499,Lemon,30‐5‐2024,Landcode onbekend,DE KREIJ,Overige bestrijdingsmiddelen,,,,CONFORM
7128,thee,86799502,Greenn tea Pure,30‐5‐2024,Landcode onbekend,DE KREIJ,Overige bestrijdingsmiddelen,,,,CONFORM
7129,thee,86799529,Sterremix,30‐5‐2024,Landcode onbekend,DE KREIJ,ddt (som),0.037,0.2,,CONFORM
7130,thee,86799529,Sterremix,30‐5‐2024,Landcode onbekend,DE KREIJ,Overige bestrijdingsmiddelen,,,,CONFORM
7131,thee,86924838,Mahmood Tea Cardamom tea,27‐5‐2024,Sri Lanka,YARAFOOD,Overige bestrijdingsmiddelen,,,,CONFORM
7132,thee,86924846,Mahmood Tea Ceylon Opa tea,27‐5‐2024,Sri Lanka,YARAFOOD,Overige bestrijdingsmiddelen,,,,CONFORM
7133,thee,86924854,Mahmood Tea Green tea,27‐5‐2024,Sri Lanka,YARAFOOD,bifenthrin,0.038,30.0,,CONFORM
7134,thee,86924854,Mahmood Tea Green tea,27‐5‐2024,Sri Lanka,YARAFOOD,chloorfenapyr,0.12,50.0,,CONFORM
7135,thee,86924854,Mahmood Tea Green tea,27‐5‐2024,Sri Lanka,YARAFOOD,pyraclostrobin,0.029,0.1,,CONFORM
7136,thee,86924854,Mahmood Tea Green tea,27‐5‐2024,Sri Lanka,YARAFOOD,Overige bestrijdingsmiddelen,,,,CONFORM
7137,thee,86924862,Mahmood Tea Cinnamon tea,27‐5‐2024,Sri Lanka,YARAFOOD,nicotine,0.12,0.5,,CONFORM
7138,thee,86924862,Mahmood Tea Cinnamon tea,27‐5‐2024,Sri Lanka,YARAFOOD,Overige bestrijdingsmiddelen,,,,CONFORM
7139,thee,86925028,Ceylon tee Goran‐Tee,28‐5‐2024,Sri Lanka,HANDELSONDERNEMING KARA ENSCHEDE,Overige bestrijdingsmiddelen,,,,CONFORM
7140,tijm,86807548,Tijm,16‐5‐2024,Turkije,ARBE HANDEL BV,acetamiprid,0.019,30.0,10,CONFORM
7141,tijm,86807548,Tijm,16‐5‐2024,Turkije,ARBE HANDEL BV,chloorpyrifos‐ethyl,0.019,0.1,10,CONFORM
7142,tijm,86807548,Tijm,16‐5‐2024,Turkije,ARBE HANDEL BV,profenofos,0.016,0.3,10,CONFORM
7143,tijm,86807548,Tijm,16‐5‐2024,Turkije,ARBE HANDEL BV,Overige bestrijdingsmiddelen,,,10,CONFORM
7144,tilapia,99396849,Black Tilapia Steaks,22‐8‐2024,China,AMAZING ORIENTAL,chloraat,0.18,0.7,,CONFORM
7145,tilapia,99396849,Black Tilapia Steaks,22‐8‐2024,China,AMAZING ORIENTAL,Overige bestrijdingsmiddelen,,,,CONFORM
7146,tomaten,86757788,Pruimtomaat,18‐3‐2024,België,FARMHOUSE INTERNATIONAL B.V.,Overige bestrijdingsmiddelen,,,,CONFORM
7147,tomaten,86757796,Romatomaten Intense,18‐3‐2024,Marokko,FARMHOUSE INTERNATIONAL B.V.,azoxystrobin,0.0095,3.0,,CONFORM
7148,tomaten,86757796,Romatomaten Intense,18‐3‐2024,Marokko,FARMHOUSE INTERNATIONAL B.V.,boscalid,0.013,3.0,,CONFORM
7149,tomaten,86757796,Romatomaten Intense,18‐3‐2024,Marokko,FARMHOUSE INTERNATIONAL B.V.,chloorantraniliprole,0.015,0.6,,CONFORM
7150,tomaten,86757796,Romatomaten Intense,18‐3‐2024,Marokko,FARMHOUSE INTERNATIONAL B.V.,cyhalothrin‐lambda,0.054,0.07,,CONFORM
7151,tomaten,86757796,Romatomaten Intense,18‐3‐2024,Marokko,FARMHOUSE INTERNATIONAL B.V.,cyprodinil,0.028,1.5,,CONFORM
7152,tomaten,86757796,Romatomaten Intense,18‐3‐2024,Marokko,FARMHOUSE INTERNATIONAL B.V.,deltamethrin,0.015,0.07,,CONFORM
7153,tomaten,86757796,Romatomaten Intense,18‐3‐2024,Marokko,FARMHOUSE INTERNATIONAL B.V.,fludioxonil,0.013,3.0,,CONFORM
7154,tomaten,86757796,Romatomaten Intense,18‐3‐2024,Marokko,FARMHOUSE INTERNATIONAL B.V.,fluopyram,0.024,0.5,,CONFORM
7155,tomaten,86757796,Romatomaten Intense,18‐3‐2024,Marokko,FARMHOUSE INTERNATIONAL B.V.,mandipropamid,0.026,3.0,,CONFORM
7156,tomaten,86757796,Romatomaten Intense,18‐3‐2024,Marokko,FARMHOUSE INTERNATIONAL B.V.,methoxyfenozide,0.0088,0.6,,CONFORM
7157,tomaten,86757796,Romatomaten Intense,18‐3‐2024,Marokko,FARMHOUSE INTERNATIONAL B.V.,Overige bestrijdingsmiddelen,,,,CONFORM
7158,tomaten,86757915,Trostomaten,20‐3‐2024,België,O. SMEDING EN ZOON B.V.,Overige bestrijdingsmiddelen,,,,CONFORM
7159,tomaten,86757923,Cherrytomaten,20‐3‐2024,Marokko,O. SMEDING EN ZOON B.V.,cyhalothrin‐lambda,0.0077,0.07,,CONFORM
7160,tomaten,86757923,Cherrytomaten,20‐3‐2024,Marokko,O. SMEDING EN ZOON B.V.,mandipropamid,0.026,3.0,,CONFORM
7161,tomaten,86757923,Cherrytomaten,20‐3‐2024,Marokko,O. SMEDING EN ZOON B.V.,metalaxyl,0.019,0.3,,CONFORM
7162,tomaten,86757923,Cherrytomaten,20‐3‐2024,Marokko,O. SMEDING EN ZOON B.V.,pyriproxyfen,0.026,1.0,,CONFORM
7163,tomaten,86757923,Cherrytomaten,20‐3‐2024,Marokko,O. SMEDING EN ZOON B.V.,zoxamide,0.071,0.5,,CONFORM
7164,tomaten,86757923,Cherrytomaten,20‐3‐2024,Marokko,O. SMEDING EN ZOON B.V.,Overige bestrijdingsmiddelen,,,,CONFORM
7165,tomaten,86758148,Tomaat,25‐3‐2024,Marokko,HEEMSKERK FRESH EN EASY,chloorfenapyr,0.057,0.01,,NIET CONFORM
7166,tomaten,86758148,Tomaat,25‐3‐2024,Marokko,HEEMSKERK FRESH EN EASY,cyprodinil,0.099,1.5,,CONFORM
7167,tomaten,86758148,Tomaat,25‐3‐2024,Marokko,HEEMSKERK FRESH EN EASY,fludioxonil,0.026,3.0,,CONFORM
7168,tomaten,86758148,Tomaat,25‐3‐2024,Marokko,HEEMSKERK FRESH EN EASY,fluopyram,0.037,0.5,,CONFORM
7169,tomaten,86758148,Tomaat,25‐3‐2024,Marokko,HEEMSKERK FRESH EN EASY,metalaxyl,0.0051,0.3,,CONFORM
7170,tomaten,86758148,Tomaat,25‐3‐2024,Marokko,HEEMSKERK FRESH EN EASY,Overige bestrijdingsmiddelen,,,,CONFORM
7171,tomaten,86758822,Cherry,8‐4‐2024,Marokko,QUALITY PRODUCE INTERNATIONAL (QPI),pyraclostrobin,0.0095,0.3,,CONFORM
7172,tomaten,86758822,Cherry,8‐4‐2024,Marokko,QUALITY PRODUCE INTERNATIONAL (QPI),Overige bestrijdingsmiddelen,,,,CONFORM
7173,tomaten,86758903,Vleestomaten,8‐4‐2024,Tunesië,QUALITY PRODUCE INTERNATIONAL (QPI),flupyradifurone,0.0069,0.7,,CONFORM
7174,tomaten,86758903,Vleestomaten,8‐4‐2024,Tunesië,QUALITY PRODUCE INTERNATIONAL (QPI),indoxacarb,0.0074,0.5,,CONFORM
7175,tomaten,86758903,Vleestomaten,8‐4‐2024,Tunesië,QUALITY PRODUCE INTERNATIONAL (QPI),thiamethoxam,0.0053,0.2,,CONFORM
7176,tomaten,86758903,Vleestomaten,8‐4‐2024,Tunesië,QUALITY PRODUCE INTERNATIONAL (QPI),Overige bestrijdingsmiddelen,,,,CONFORM
7177,tomaten,86775662,Zoete cherrytomaten,12‐8‐2024,Nederland,HOLLANDER BARENDRECHT B.V.,cyprodinil,0.025,1.5,,CONFORM
7178,tomaten,86775662,Zoete cherrytomaten,12‐8‐2024,Nederland,HOLLANDER BARENDRECHT B.V.,fludioxonil,0.019,3.0,,CONFORM
7179,tomaten,86775662,Zoete cherrytomaten,12‐8‐2024,Nederland,HOLLANDER BARENDRECHT B.V.,pyridalyl,0.0098,1.5,,CONFORM
7180,tomaten,86775662,Zoete cherrytomaten,12‐8‐2024,Nederland,HOLLANDER BARENDRECHT B.V.,Overige bestrijdingsmiddelen,,,,CONFORM
7181,tomaten,86779854,Bio Snoepgroente Tomaat,19‐6‐2024,Nederland,DISTRIBUTIECENTRUM ALBERT HEIJN,thiabendazool,0.0055,0.01,,CONFORM
7182,tomaten,86779854,Bio Snoepgroente Tomaat,19‐6‐2024,Nederland,DISTRIBUTIECENTRUM ALBERT HEIJN,Overige bestrijdingsmiddelen,,,,CONFORM
7183,tomaten,86782766,Snoeptomaten,8‐10‐2024,Nederland,ALDI ZOETERMEER B.V.,Overige bestrijdingsmiddelen,,,,CONFORM
7184,tomaten,86782804,Roma Tomaten,8‐10‐2024,Nederland,ALDI ZOETERMEER B.V.,fluopyram,0.11,0.5,,CONFORM
7185,tomaten,86782804,Roma Tomaten,8‐10‐2024,Nederland,ALDI ZOETERMEER B.V.,Overige bestrijdingsmiddelen,,,,CONFORM
7186,tomaten,86797356,Tomates Rondes,26‐3‐2024,Marokko,VAN GELDER RIDDERKERK B.V.,azoxystrobin,0.02,3.0,,CONFORM
7187,tomaten,86797356,Tomates Rondes,26‐3‐2024,Marokko,VAN GELDER RIDDERKERK B.V.,cyhalothrin‐lambda,0.0067,0.07,,CONFORM
7188,tomaten,86797356,Tomates Rondes,26‐3‐2024,Marokko,VAN GELDER RIDDERKERK B.V.,difenoconazool,0.019,2.0,,CONFORM
7189,tomaten,86797356,Tomates Rondes,26‐3‐2024,Marokko,VAN GELDER RIDDERKERK B.V.,fluopyram,0.015,0.5,,CONFORM
7190,tomaten,86797356,Tomates Rondes,26‐3‐2024,Marokko,VAN GELDER RIDDERKERK B.V.,propamocarb,0.015,4.0,,CONFORM
7191,tomaten,86797356,Tomates Rondes,26‐3‐2024,Marokko,VAN GELDER RIDDERKERK B.V.,Overige bestrijdingsmiddelen,,,,CONFORM
7192,tomaten,86797631,Avalantino trostomaten,3‐4‐2024,Nederland,LOOYE KWEKERS VERPAK B.V.,pyridalyl,0.0052,1.5,,CONFORM
7193,tomaten,86797631,Avalantino trostomaten,3‐4‐2024,Nederland,LOOYE KWEKERS VERPAK B.V.,Overige bestrijdingsmiddelen,,,,CONFORM
7194,tomaten,86797658,Piccolo,3‐4‐2024,Nederland,LOOYE KWEKERS VERPAK B.V.,Overige bestrijdingsmiddelen,,,,CONFORM
7195,tomaten,86797666,Piccolo,3‐4‐2024,Nederland,LOOYE KWEKERS VERPAK B.V.,Overige bestrijdingsmiddelen,,,,CONFORM
7196,tomaten,86797674,Piccolo,3‐4‐2024,Nederland,LOOYE KWEKERS VERPAK B.V.,pyridalyl,0.01,1.5,,CONFORM
7197,tomaten,86797674,Piccolo,3‐4‐2024,Nederland,LOOYE KWEKERS VERPAK B.V.,spiromesifen,0.029,1.0,,CONFORM
7198,tomaten,86797674,Piccolo,3‐4‐2024,Nederland,LOOYE KWEKERS VERPAK B.V.,Overige bestrijdingsmiddelen,,,,CONFORM
7199,tomaten,86797682,Piccolo,3‐4‐2024,Portugal,LOOYE KWEKERS VERPAK B.V.,fluopyram,0.0093,0.5,,CONFORM
7200,tomaten,86797682,Piccolo,3‐4‐2024,Portugal,LOOYE KWEKERS VERPAK B.V.,metaflumizon,0.01,0.7,,CONFORM
7201,tomaten,86797682,Piccolo,3‐4‐2024,Portugal,LOOYE KWEKERS VERPAK B.V.,trifloxystrobin,0.0052,0.7,,CONFORM
7202,tomaten,86797682,Piccolo,3‐4‐2024,Portugal,LOOYE KWEKERS VERPAK B.V.,Overige bestrijdingsmiddelen,,,,CONFORM
7203,tomaten,86797704,Cherry,3‐4‐2024,Spanje,LOOYE KWEKERS VERPAK B.V.,azoxystrobin,0.1,3.0,,CONFORM
7204,tomaten,86797704,Cherry,3‐4‐2024,Spanje,LOOYE KWEKERS VERPAK B.V.,Overige bestrijdingsmiddelen,,,,CONFORM
7205,tomaten,86798174,AH BIO Snoepgroente Tomaat,15‐4‐2024,Spanje,BAKKER CENTRALE INKOOP,Overige bestrijdingsmiddelen,,,,CONFORM
7206,tomaten,86798778,Cherry Tomaat Dulcita,24‐4‐2024,Nederland,TUINDERIJ VERS B.V.,azoxystrobin,0.036,3.0,,CONFORM
7207,tomaten,86798778,Cherry Tomaat Dulcita,24‐4‐2024,Nederland,TUINDERIJ VERS B.V.,Overige bestrijdingsmiddelen,,,,CONFORM
7208,tomaten,86798808,Intens Tomaat,24‐4‐2024,Marokko,TUINDERIJ VERS B.V.,chloorantraniliprole,0.12,0.6,,CONFORM
7209,tomaten,86798808,Intens Tomaat,24‐4‐2024,Marokko,TUINDERIJ VERS B.V.,cyhalothrin‐lambda,0.044,0.07,,CONFORM
7210,tomaten,86798808,Intens Tomaat,24‐4‐2024,Marokko,TUINDERIJ VERS B.V.,cyprodinil,0.21,1.5,,CONFORM
7211,tomaten,86798808,Intens Tomaat,24‐4‐2024,Marokko,TUINDERIJ VERS B.V.,deltamethrin,0.025,0.07,,CONFORM
7212,tomaten,86798808,Intens Tomaat,24‐4‐2024,Marokko,TUINDERIJ VERS B.V.,difenoconazool,0.096,2.0,,CONFORM
7213,tomaten,86798808,Intens Tomaat,24‐4‐2024,Marokko,TUINDERIJ VERS B.V.,fludioxonil,0.1,3.0,,CONFORM
7214,tomaten,86798808,Intens Tomaat,24‐4‐2024,Marokko,TUINDERIJ VERS B.V.,lufenuron,0.094,0.4,,CONFORM
7215,tomaten,86798808,Intens Tomaat,24‐4‐2024,Marokko,TUINDERIJ VERS B.V.,mandipropamid,0.085,3.0,,CONFORM
7216,tomaten,86798808,Intens Tomaat,24‐4‐2024,Marokko,TUINDERIJ VERS B.V.,Overige bestrijdingsmiddelen,,,,CONFORM
7217,tomaten,86802309,Baby Plum Tomato,19‐1‐2024,Italië,NEW GREEN B.V.,amisulbrom,0.068,0.4,,CONFORM
7218,tomaten,86802309,Baby Plum Tomato,19‐1‐2024,Italië,NEW GREEN B.V.,cyflufenamid,0.0088,0.04,,CONFORM
7219,tomaten,86802309,Baby Plum Tomato,19‐1‐2024,Italië,NEW GREEN B.V.,deltamethrin,0.0081,0.07,,CONFORM
7220,tomaten,86802309,Baby Plum Tomato,19‐1‐2024,Italië,NEW GREEN B.V.,difenoconazool,0.043,2.0,,CONFORM
7221,tomaten,86802309,Baby Plum Tomato,19‐1‐2024,Italië,NEW GREEN B.V.,fenhexamid,0.11,2.0,,CONFORM
7222,tomaten,86802309,Baby Plum Tomato,19‐1‐2024,Italië,NEW GREEN B.V.,fenpyrazamine,0.0079,3.0,,CONFORM
7223,tomaten,86802309,Baby Plum Tomato,19‐1‐2024,Italië,NEW GREEN B.V.,metalaxyl,0.085,0.3,,CONFORM
7224,tomaten,86802309,Baby Plum Tomato,19‐1‐2024,Italië,NEW GREEN B.V.,oxathiapiproline,0.0077,0.4,,CONFORM
7225,tomaten,86802309,Baby Plum Tomato,19‐1‐2024,Italië,NEW GREEN B.V.,propamocarb,0.23,4.0,,CONFORM
7226,tomaten,86802309,Baby Plum Tomato,19‐1‐2024,Italië,NEW GREEN B.V.,tebuconazool,0.016,0.9,,CONFORM
7227,tomaten,86802309,Baby Plum Tomato,19‐1‐2024,Italië,NEW GREEN B.V.,Overige bestrijdingsmiddelen,,,,CONFORM
7228,tomaten,86803364,Trostomaten,14‐2‐2024,Spanje,ALDI ZOETERMEER B.V.,fenpyrazamine,0.067,3.0,,CONFORM
7229,tomaten,86803364,Trostomaten,14‐2‐2024,Spanje,ALDI ZOETERMEER B.V.,mandipropamid,0.035,3.0,,CONFORM
7230,tomaten,86803364,Trostomaten,14‐2‐2024,Spanje,ALDI ZOETERMEER B.V.,spirotetramat (som),0.007,1.0,,CONFORM
7231,tomaten,86803364,Trostomaten,14‐2‐2024,Spanje,ALDI ZOETERMEER B.V.,Overige bestrijdingsmiddelen,,,,CONFORM
7232,tomaten,86811707,tomaten,16‐4‐2024,Nederland,EUROFRESH,fluopyram,0.016,0.5,,CONFORM
7233,tomaten,86811707,tomaten,16‐4‐2024,Nederland,EUROFRESH,Overige bestrijdingsmiddelen,,,,CONFORM
7234,tomaten,86812851,vleestomaten,21‐5‐2024,België,GROOTHANDEL GROENTE EN FRUIT S.C. VAN RAVENSWAAIJ,cyflumetofen,0.059,0.4,,CONFORM
7235,tomaten,86812851,vleestomaten,21‐5‐2024,België,GROOTHANDEL GROENTE EN FRUIT S.C. VAN RAVENSWAAIJ,Overige bestrijdingsmiddelen,,,,CONFORM
7236,tomaten,86814528,pruim tomaten,19‐2‐2024,Spanje,DEKAMARKT LOGISTIEK B.V. (VERSCENTRALE),boscalid,0.011,3.0,,CONFORM
7237,tomaten,86814528,pruim tomaten,19‐2‐2024,Spanje,DEKAMARKT LOGISTIEK B.V. (VERSCENTRALE),difenoconazool,0.017,2.0,,CONFORM
7238,tomaten,86814528,pruim tomaten,19‐2‐2024,Spanje,DEKAMARKT LOGISTIEK B.V. (VERSCENTRALE),fenpyrazamine,0.019,3.0,,CONFORM
7239,tomaten,86814528,pruim tomaten,19‐2‐2024,Spanje,DEKAMARKT LOGISTIEK B.V. (VERSCENTRALE),Overige bestrijdingsmiddelen,,,,CONFORM
7240,tomaten,86822105,Cherry tomatoes,24‐4‐2024,Senegal,THE GREENERY B.V.,chloorantraniliprole,0.02,0.6,,CONFORM
7241,tomaten,86822105,Cherry tomatoes,24‐4‐2024,Senegal,THE GREENERY B.V.,cyhalothrin‐lambda,0.0079,0.07,,CONFORM
7242,tomaten,86822105,Cherry tomatoes,24‐4‐2024,Senegal,THE GREENERY B.V.,difenoconazool,0.098,2.0,,CONFORM
7243,tomaten,86822105,Cherry tomatoes,24‐4‐2024,Senegal,THE GREENERY B.V.,flubendiamide,0.084,2.0,,CONFORM
7244,tomaten,86822105,Cherry tomatoes,24‐4‐2024,Senegal,THE GREENERY B.V.,Overige bestrijdingsmiddelen,,,,CONFORM
7245,tomaten,86822113,Trostomaten,24‐4‐2024,Nederland,THE GREENERY B.V.,Overige bestrijdingsmiddelen,,,,CONFORM
7246,tomaten,86823438,Tomaten,3‐6‐2024,Nederland,BOON FOOD GROUP BV,fluopyram,0.036,0.5,,CONFORM
7247,tomaten,86823438,Tomaten,3‐6‐2024,Nederland,BOON FOOD GROUP BV,Overige bestrijdingsmiddelen,,,,CONFORM
7248,tomaten,86823861,Tommies Rood,14‐6‐2024,Nederland,AGF SIERE B.V.,cyflumetofen,0.011,0.4,,CONFORM
7249,tomaten,86823861,Tommies Rood,14‐6‐2024,Nederland,AGF SIERE B.V.,Overige bestrijdingsmiddelen,,,,CONFORM
7250,tomaten,86827514,minitomaten,9‐1‐2024,Nederland,KEMPEN TRANSPORT,cyflumetofen,0.059,0.4,,CONFORM
7251,tomaten,86827514,minitomaten,9‐1‐2024,Nederland,KEMPEN TRANSPORT,Overige bestrijdingsmiddelen,,,,CONFORM
7252,tomaten,86827549,tomaten,9‐1‐2024,Nederland,KEMPEN TRANSPORT,fluopyram,0.045,0.5,,CONFORM
7253,tomaten,86827549,tomaten,9‐1‐2024,Nederland,KEMPEN TRANSPORT,Overige bestrijdingsmiddelen,,,,CONFORM
7254,tomaten,86831848,tOMATEN,16‐10‐2024,Turkije,NAKI GROOTHANDEL B.V,acetamiprid,0.041,0.5,,CONFORM
7255,tomaten,86831848,tOMATEN,16‐10‐2024,Turkije,NAKI GROOTHANDEL B.V,azoxystrobin,0.017,3.0,,CONFORM
7256,tomaten,86831848,tOMATEN,16‐10‐2024,Turkije,NAKI GROOTHANDEL B.V,boscalid,0.059,3.0,,CONFORM
7257,tomaten,86831848,tOMATEN,16‐10‐2024,Turkije,NAKI GROOTHANDEL B.V,cyhalothrin‐lambda,0.0099,0.07,,CONFORM
7258,tomaten,86831848,tOMATEN,16‐10‐2024,Turkije,NAKI GROOTHANDEL B.V,cypermethrin,0.49,0.5,,CONFORM
7259,tomaten,86831848,tOMATEN,16‐10‐2024,Turkije,NAKI GROOTHANDEL B.V,cyprodinil,0.04,1.5,,CONFORM
7260,tomaten,86831848,tOMATEN,16‐10‐2024,Turkije,NAKI GROOTHANDEL B.V,deltamethrin,0.057,0.07,,CONFORM
7261,tomaten,86831848,tOMATEN,16‐10‐2024,Turkije,NAKI GROOTHANDEL B.V,difenoconazool,0.024,2.0,,CONFORM
7262,tomaten,86831848,tOMATEN,16‐10‐2024,Turkije,NAKI GROOTHANDEL B.V,fludioxonil,0.016,3.0,,CONFORM
7263,tomaten,86831848,tOMATEN,16‐10‐2024,Turkije,NAKI GROOTHANDEL B.V,flutriafol,0.0067,0.8,,CONFORM
7264,tomaten,86831848,tOMATEN,16‐10‐2024,Turkije,NAKI GROOTHANDEL B.V,fluvalinaat,0.023,0.15,,CONFORM
7265,tomaten,86831848,tOMATEN,16‐10‐2024,Turkije,NAKI GROOTHANDEL B.V,hexythiazox,0.026,0.1,,CONFORM
7266,tomaten,86831848,tOMATEN,16‐10‐2024,Turkije,NAKI GROOTHANDEL B.V,indoxacarb,0.02,0.01,,NIET CONFORM*
7267,tomaten,86831848,tOMATEN,16‐10‐2024,Turkije,NAKI GROOTHANDEL B.V,methoxyfenozide,0.089,0.6,,CONFORM
7268,tomaten,86831848,tOMATEN,16‐10‐2024,Turkije,NAKI GROOTHANDEL B.V,pyrimethanil,0.018,1.0,,CONFORM
7269,tomaten,86831848,tOMATEN,16‐10‐2024,Turkije,NAKI GROOTHANDEL B.V,spirotetramat (som),0.07,1.0,,CONFORM
7270,tomaten,86831848,tOMATEN,16‐10‐2024,Turkije,NAKI GROOTHANDEL B.V,tebuconazool,0.014,0.9,,CONFORM
7271,tomaten,86831848,tOMATEN,16‐10‐2024,Turkije,NAKI GROOTHANDEL B.V,Overige bestrijdingsmiddelen,,,,CONFORM
7272,tomaten,86832631,tomaten,24‐10‐2024,Nederland,STAAY‐VAN RIJN,Overige bestrijdingsmiddelen,,,,CONFORM
7273,tomaten,86833042,red ruby tomaten,5‐11‐2024,Nederland,IMPEX‐HEEMSKERK B.V. H7,cyazofamid,0.12,0.6,,CONFORM
7274,tomaten,86833042,red ruby tomaten,5‐11‐2024,Nederland,IMPEX‐HEEMSKERK B.V. H7,methoxyfenozide,0.12,0.6,,CONFORM
7275,tomaten,86833042,red ruby tomaten,5‐11‐2024,Nederland,IMPEX‐HEEMSKERK B.V. H7,Overige bestrijdingsmiddelen,,,,CONFORM
7276,tomaten,86833085,coeur de boeaf,5‐11‐2024,België,IMPEX‐HEEMSKERK B.V. H7,fludioxonil,0.013,3.0,,CONFORM
7277,tomaten,86833085,coeur de boeaf,5‐11‐2024,België,IMPEX‐HEEMSKERK B.V. H7,Overige bestrijdingsmiddelen,,,,CONFORM
7278,tomaten,86843242,Pruim Cherry tomaat,17‐10‐2024,Marokko,VALSTAR HOLLAND,propamocarb,0.48,4.0,,CONFORM
7279,tomaten,86843242,Pruim Cherry tomaat,17‐10‐2024,Marokko,VALSTAR HOLLAND,spirotetramat (som),0.04,1.0,,CONFORM
7280,tomaten,86843242,Pruim Cherry tomaat,17‐10‐2024,Marokko,VALSTAR HOLLAND,Overige bestrijdingsmiddelen,,,,CONFORM
7281,tomaten,86843269,Sanmazzano,17‐10‐2024,België,VALSTAR HOLLAND,flupyradifurone,0.057,0.7,,CONFORM
7282,tomaten,86843269,Sanmazzano,17‐10‐2024,België,VALSTAR HOLLAND,Overige bestrijdingsmiddelen,,,,CONFORM
7283,tomaten,86844605,Tomate cerise Allongee,12‐11‐2024,Marokko,REIS IM EXPORT,azoxystrobin,0.013,3.0,,CONFORM
7284,tomaten,86844605,Tomate cerise Allongee,12‐11‐2024,Marokko,REIS IM EXPORT,difenoconazool,0.038,2.0,,CONFORM
7285,tomaten,86844605,Tomate cerise Allongee,12‐11‐2024,Marokko,REIS IM EXPORT,mandipropamid,0.035,3.0,,CONFORM
7286,tomaten,86844605,Tomate cerise Allongee,12‐11‐2024,Marokko,REIS IM EXPORT,Overige bestrijdingsmiddelen,,,,CONFORM
7287,tomaten,86844613,Tomate cerise Allongee,12‐11‐2024,Marokko,REIS IM EXPORT,boscalid,0.048,3.0,,CONFORM
7288,tomaten,86844613,Tomate cerise Allongee,12‐11‐2024,Marokko,REIS IM EXPORT,difenoconazool,0.028,2.0,,CONFORM
7289,tomaten,86844613,Tomate cerise Allongee,12‐11‐2024,Marokko,REIS IM EXPORT,fluopyram,0.026,0.5,,CONFORM
7290,tomaten,86844613,Tomate cerise Allongee,12‐11‐2024,Marokko,REIS IM EXPORT,mandipropamid,0.014,3.0,,CONFORM
7291,tomaten,86844613,Tomate cerise Allongee,12‐11‐2024,Marokko,REIS IM EXPORT,pyraclostrobin,0.015,0.3,,CONFORM
7292,tomaten,86844613,Tomate cerise Allongee,12‐11‐2024,Marokko,REIS IM EXPORT,tebuconazool,0.019,0.9,,CONFORM
7293,tomaten,86844613,Tomate cerise Allongee,12‐11‐2024,Marokko,REIS IM EXPORT,trifloxystrobin,0.091,0.7,,CONFORM
7294,tomaten,86844613,Tomate cerise Allongee,12‐11‐2024,Marokko,REIS IM EXPORT,Overige bestrijdingsmiddelen,,,,CONFORM
7295,tomaten,86845261,vleestomaten,23‐10‐2024,Nederland,LIDL,Overige bestrijdingsmiddelen,,,,CONFORM
7296,tomaten,86845652,Red cherry Tomatoes,19‐11‐2024,Marokko,VAN GEEST INTERNATIONAL B.V.,difenoconazool,0.027,2.0,,CONFORM
7297,tomaten,86845652,Red cherry Tomatoes,19‐11‐2024,Marokko,VAN GEEST INTERNATIONAL B.V.,mandipropamid,0.029,3.0,,CONFORM
7298,tomaten,86845652,Red cherry Tomatoes,19‐11‐2024,Marokko,VAN GEEST INTERNATIONAL B.V.,Overige bestrijdingsmiddelen,,,,CONFORM
7299,tomaten,86847949,Biologische Trostomaten,19‐8‐2024,Nederland,DETAILRESULT LOGISTIEK,Overige bestrijdingsmiddelen,,,,CONFORM
7300,tomaten,86849771,Tomatoes,26‐8‐2024,Nederland,THE GREENERY B.V.,chloorantraniliprole,0.0055,0.6,,CONFORM
7301,tomaten,86849771,Tomatoes,26‐8‐2024,Nederland,THE GREENERY B.V.,Overige bestrijdingsmiddelen,,,,CONFORM
7302,tomaten,86850664,Snoep Tomaten,10‐10‐2024,Nederland,LIDL,Overige bestrijdingsmiddelen,,,,CONFORM
7303,tomaten,86851253,Snoepgroente tomaat,5‐11‐2024,Marokko,DISTRIBUTIECENTRUM ALBERT HEIJN,Overige bestrijdingsmiddelen,,,,CONFORM
7304,tomaten,86867591,Tomaten,8‐4‐2024,Spanje,HESSING GREENPOORT,acetamiprid,0.11,0.5,,CONFORM
7305,tomaten,86867591,Tomaten,8‐4‐2024,Spanje,HESSING GREENPOORT,boscalid,0.038,3.0,,CONFORM
7306,tomaten,86867591,Tomaten,8‐4‐2024,Spanje,HESSING GREENPOORT,deltamethrin,0.02,0.07,,CONFORM
7307,tomaten,86867591,Tomaten,8‐4‐2024,Spanje,HESSING GREENPOORT,propamocarb,0.31,4.0,,CONFORM
7308,tomaten,86867591,Tomaten,8‐4‐2024,Spanje,HESSING GREENPOORT,pyriproxyfen,0.019,0.7,,CONFORM
7309,tomaten,86867591,Tomaten,8‐4‐2024,Spanje,HESSING GREENPOORT,spinosad,0.0066,0.7,,CONFORM
7310,tomaten,86867591,Tomaten,8‐4‐2024,Spanje,HESSING GREENPOORT,tebuconazool,0.022,0.9,,CONFORM
7311,tomaten,86867591,Tomaten,8‐4‐2024,Spanje,HESSING GREENPOORT,Overige bestrijdingsmiddelen,,,,CONFORM
7312,tomaten,86955407,Cherry tomatoes,23‐1‐2024,Marokko,FRESH2YOU B.V.,Overige bestrijdingsmiddelen,,,,CONFORM
7313,tomaten,86956241,Tomaat,8‐3‐2024,Spanje,DE GROOT FRUIT & VEGETABLES B.V.,boscalid,0.013,3.0,,CONFORM
7314,tomaten,86956241,Tomaat,8‐3‐2024,Spanje,DE GROOT FRUIT & VEGETABLES B.V.,fenpyrazamine,0.0064,3.0,,CONFORM
7315,tomaten,86956241,Tomaat,8‐3‐2024,Spanje,DE GROOT FRUIT & VEGETABLES B.V.,fludioxonil,0.0057,3.0,,CONFORM
7316,tomaten,86956241,Tomaat,8‐3‐2024,Spanje,DE GROOT FRUIT & VEGETABLES B.V.,propamocarb,0.0097,4.0,,CONFORM
7317,tomaten,86956241,Tomaat,8‐3‐2024,Spanje,DE GROOT FRUIT & VEGETABLES B.V.,Overige bestrijdingsmiddelen,,,,CONFORM
7318,tomaten,86963566,tros tomaten,2‐9‐2024,Nederland,JAGER HOLLAND B.V.,pyridalyl,0.026,1.5,,CONFORM
7319,tomaten,86963566,tros tomaten,2‐9‐2024,Nederland,JAGER HOLLAND B.V.,Overige bestrijdingsmiddelen,,,,CONFORM
7320,tomaten,86975025,Cherry tros,19‐11‐2024,Spanje,KRAAIJEVELD,fenpyroximaat,0.0062,0.3,,CONFORM
7321,tomaten,86975025,Cherry tros,19‐11‐2024,Spanje,KRAAIJEVELD,pyriproxyfen,0.012,0.7,,CONFORM
7322,tomaten,86975025,Cherry tros,19‐11‐2024,Spanje,KRAAIJEVELD,spirotetramat (som),0.012,1.0,,CONFORM
7323,tomaten,86975025,Cherry tros,19‐11‐2024,Spanje,KRAAIJEVELD,Overige bestrijdingsmiddelen,,,,CONFORM
7324,tomaten,86975068,Pruim tomaat,19‐11‐2024,Spanje,4 FRUIT COMPANY B.V.,Overige bestrijdingsmiddelen,,,,CONFORM
7325,tomaten,86996022,intens tomaten,11‐3‐2024,Marokko,KONINKLIJKE VEZET B.V.,boscalid,0.032,3.0,,CONFORM
7326,tomaten,86996022,intens tomaten,11‐3‐2024,Marokko,KONINKLIJKE VEZET B.V.,cyprodinil,0.044,1.5,,CONFORM
7327,tomaten,86996022,intens tomaten,11‐3‐2024,Marokko,KONINKLIJKE VEZET B.V.,fludioxonil,0.016,3.0,,CONFORM
7328,tomaten,86996022,intens tomaten,11‐3‐2024,Marokko,KONINKLIJKE VEZET B.V.,fluopyram,0.038,0.5,,CONFORM
7329,tomaten,86996022,intens tomaten,11‐3‐2024,Marokko,KONINKLIJKE VEZET B.V.,Overige bestrijdingsmiddelen,,,,CONFORM
7330,tomaten,86999056,tros tomaten,30‐10‐2024,Nederland,AGF OVERTOOM GROOTHANDEL EN HORECALEVERANCIER B.V.,Overige bestrijdingsmiddelen,,,,CONFORM
7331,tomaten,99181702,Tomaat,19‐9‐2024,Nederland,GROENTE & FRUUIT VAN DEN VEN,chloorantraniliprole,0.017,0.6,,CONFORM
7332,tomaten,99181702,Tomaat,19‐9‐2024,Nederland,GROENTE & FRUUIT VAN DEN VEN,cyazofamid,0.0077,0.6,,CONFORM
7333,tomaten,99181702,Tomaat,19‐9‐2024,Nederland,GROENTE & FRUUIT VAN DEN VEN,mepanipyrim,0.0091,1.5,,CONFORM
7334,tomaten,99181702,Tomaat,19‐9‐2024,Nederland,GROENTE & FRUUIT VAN DEN VEN,propamocarb,0.33,4.0,,CONFORM
7335,tomaten,99181702,Tomaat,19‐9‐2024,Nederland,GROENTE & FRUUIT VAN DEN VEN,Overige bestrijdingsmiddelen,,,,CONFORM
7336,tomaten,99382724,trostomaten uien geel,24‐9‐2024,Nederland,BIOL. BOERDERIJWINKEL,Overige bestrijdingsmiddelen,,,,CONFORM
7337,tomaten,99389311,roma tomaten,9‐1‐2024,Spanje,ALBERT HEIJN XL,acetamiprid,0.028,0.5,,CONFORM
7338,tomaten,99389311,roma tomaten,9‐1‐2024,Spanje,ALBERT HEIJN XL,cyprodinil,0.056,1.5,,CONFORM
7339,tomaten,99389311,roma tomaten,9‐1‐2024,Spanje,ALBERT HEIJN XL,fludioxonil,0.013,3.0,,CONFORM
7340,tomaten,99389311,roma tomaten,9‐1‐2024,Spanje,ALBERT HEIJN XL,flupyradifurone,0.033,0.7,,CONFORM
7341,tomaten,99389311,roma tomaten,9‐1‐2024,Spanje,ALBERT HEIJN XL,propamocarb,0.061,4.0,,CONFORM
7342,tomaten,99389311,roma tomaten,9‐1‐2024,Spanje,ALBERT HEIJN XL,Overige bestrijdingsmiddelen,,,,CONFORM
7343,tomaten,99390239,roma tomaten,6‐2‐2024,Spanje,COOP MAASBREE,boscalid,0.023,3.0,,CONFORM
7344,tomaten,99390239,roma tomaten,6‐2‐2024,Spanje,COOP MAASBREE,chloorantraniliprole,0.0059,0.6,,CONFORM
7345,tomaten,99390239,roma tomaten,6‐2‐2024,Spanje,COOP MAASBREE,difenoconazool,0.045,2.0,,CONFORM
7346,tomaten,99390239,roma tomaten,6‐2‐2024,Spanje,COOP MAASBREE,fenpyrazamine,0.014,3.0,,CONFORM
7347,tomaten,99390239,roma tomaten,6‐2‐2024,Spanje,COOP MAASBREE,Overige bestrijdingsmiddelen,,,,CONFORM
7348,tomaten,99399708,ROMA TOMATEN,16‐1‐2024,Spanje,ALDI MARKT,cyprodinil,0.058,1.5,,CONFORM
7349,tomaten,99399708,ROMA TOMATEN,16‐1‐2024,Spanje,ALDI MARKT,difenoconazool,0.011,2.0,,CONFORM
7350,tomaten,99399708,ROMA TOMATEN,16‐1‐2024,Spanje,ALDI MARKT,fludioxonil,0.012,3.0,,CONFORM
7351,tomaten,99399708,ROMA TOMATEN,16‐1‐2024,Spanje,ALDI MARKT,penthiopyrad,0.0054,2.0,,CONFORM
7352,tomaten,99399708,ROMA TOMATEN,16‐1‐2024,Spanje,ALDI MARKT,spirotetramat (som),0.01,1.0,,CONFORM
7353,tomaten,99399708,ROMA TOMATEN,16‐1‐2024,Spanje,ALDI MARKT,Overige bestrijdingsmiddelen,,,,CONFORM
7354,tomaten,99401915,BIO Trostomaten,30‐1‐2024,Nederland,LIDL,Overige bestrijdingsmiddelen,,,,CONFORM
7355,tomaten,99402288,ROMA Tomaten,6‐2‐2024,Spanje,JUMBO SUPERMARKT,captan (som),0.069,1.0,,CONFORM
7356,tomaten,99402288,ROMA Tomaten,6‐2‐2024,Spanje,JUMBO SUPERMARKT,fludioxonil,0.0067,3.0,,CONFORM
7357,tomaten,99402288,ROMA Tomaten,6‐2‐2024,Spanje,JUMBO SUPERMARKT,propamocarb,0.049,4.0,,CONFORM
7358,tomaten,99402288,ROMA Tomaten,6‐2‐2024,Spanje,JUMBO SUPERMARKT,Overige bestrijdingsmiddelen,,,,CONFORM
7359,tomaten,99414383,Tomaten,16‐1‐2024,Spanje,LIDL,acetamiprid,0.0098,0.5,,CONFORM
7360,tomaten,99414383,Tomaten,16‐1‐2024,Spanje,LIDL,cyprodinil,0.18,1.5,,CONFORM
7361,tomaten,99414383,Tomaten,16‐1‐2024,Spanje,LIDL,flonicamid (som),0.027,0.5,,CONFORM
7362,tomaten,99414383,Tomaten,16‐1‐2024,Spanje,LIDL,fludioxonil,0.036,3.0,,CONFORM
7363,tomaten,99414383,Tomaten,16‐1‐2024,Spanje,LIDL,propamocarb,0.49,4.0,,CONFORM
7364,tomaten,99414383,Tomaten,16‐1‐2024,Spanje,LIDL,pyriproxyfen,0.024,1.0,,CONFORM
7365,tomaten,99414383,Tomaten,16‐1‐2024,Spanje,LIDL,spirotetramat (som),0.06,1.0,,CONFORM
7366,tomaten,99414383,Tomaten,16‐1‐2024,Spanje,LIDL,Overige bestrijdingsmiddelen,,,,CONFORM
7367,tomaten,99414863,romatomaten,24‐1‐2024,Spanje,COOP ALMELO,boscalid,0.026,3.0,,CONFORM
7368,tomaten,99414863,romatomaten,24‐1‐2024,Spanje,COOP ALMELO,captan (som),0.036,1.0,,CONFORM
7369,tomaten,99414863,romatomaten,24‐1‐2024,Spanje,COOP ALMELO,difenoconazool,0.012,2.0,,CONFORM
7370,tomaten,99414863,romatomaten,24‐1‐2024,Spanje,COOP ALMELO,fenpyrazamine,0.012,3.0,,CONFORM
7371,tomaten,99414863,romatomaten,24‐1‐2024,Spanje,COOP ALMELO,Overige bestrijdingsmiddelen,,,,CONFORM
7372,tomaten,99415142,1 de Beste romatomaten,30‐1‐2024,Spanje,DIRK,boscalid,0.029,3.0,,CONFORM
7373,tomaten,99415142,1 de Beste romatomaten,30‐1‐2024,Spanje,DIRK,difenoconazool,0.029,2.0,,CONFORM
7374,tomaten,99415142,1 de Beste romatomaten,30‐1‐2024,Spanje,DIRK,fenpyrazamine,0.02,3.0,,CONFORM
7375,tomaten,99415142,1 de Beste romatomaten,30‐1‐2024,Spanje,DIRK,Overige bestrijdingsmiddelen,,,,CONFORM
7376,tomaten,99415886,AH Red Intense tros tomaten,7‐2‐2024,Nederland,"ALBERT HEIJN, TJ VOSSELMAN SUPERMARKT T.H.O.D.N.",azoxystrobin,0.013,3.0,,CONFORM
7377,tomaten,99415886,AH Red Intense tros tomaten,7‐2‐2024,Nederland,"ALBERT HEIJN, TJ VOSSELMAN SUPERMARKT T.H.O.D.N.",difenoconazool,0.0079,2.0,,CONFORM
7378,tomaten,99415886,AH Red Intense tros tomaten,7‐2‐2024,Nederland,"ALBERT HEIJN, TJ VOSSELMAN SUPERMARKT T.H.O.D.N.",fludioxonil,0.0077,3.0,,CONFORM
7379,tomaten,99415886,AH Red Intense tros tomaten,7‐2‐2024,Nederland,"ALBERT HEIJN, TJ VOSSELMAN SUPERMARKT T.H.O.D.N.",fluopyram,0.013,0.5,,CONFORM
7380,tomaten,99415886,AH Red Intense tros tomaten,7‐2‐2024,Nederland,"ALBERT HEIJN, TJ VOSSELMAN SUPERMARKT T.H.O.D.N.",metrafenon,0.021,0.6,,CONFORM
7381,tomaten,99415886,AH Red Intense tros tomaten,7‐2‐2024,Nederland,"ALBERT HEIJN, TJ VOSSELMAN SUPERMARKT T.H.O.D.N.",Overige bestrijdingsmiddelen,,,,CONFORM
7382,tomaten,99419873,Jumbo snacktomaatjes 500gr,23‐1‐2024,Senegal,JUMBO SUPERMARKT,azoxystrobin,0.011,3.0,,CONFORM
7383,tomaten,99419873,Jumbo snacktomaatjes 500gr,23‐1‐2024,Senegal,JUMBO SUPERMARKT,cyhalothrin‐lambda,0.0072,0.07,,CONFORM
7384,tomaten,99419873,Jumbo snacktomaatjes 500gr,23‐1‐2024,Senegal,JUMBO SUPERMARKT,difenoconazool,0.0086,2.0,,CONFORM
7385,tomaten,99419873,Jumbo snacktomaatjes 500gr,23‐1‐2024,Senegal,JUMBO SUPERMARKT,Overige bestrijdingsmiddelen,,,,CONFORM
7386,tomaten,99420626,Romatomaten 750gr,6‐2‐2024,Spanje,ALDI MARKT,Overige bestrijdingsmiddelen,,,,CONFORM
7387,tomaten,99427981,snijtomaten,14‐8‐2024,Nederland,BOERDERIJWINKEL SCHAEPKENS,fluopyram,0.0073,0.5,,CONFORM
7388,tomaten,99427981,snijtomaten,14‐8‐2024,Nederland,BOERDERIJWINKEL SCHAEPKENS,Overige bestrijdingsmiddelen,,,,CONFORM
7389,tomaten,99500549,Biologische tomaat,26‐11‐2024,Nederland,BURGERBOERDERIJ DE PATRIJS,Overige bestrijdingsmiddelen,,,,CONFORM
7390,tomaten,99634626,"Petit Sweet tomaten, Klasse I,",24‐1‐2024,Tunesië,LIDL,Overige bestrijdingsmiddelen,,,,CONFORM
7391,tomaten,99634812,"Tomaten, Sortering: M (57‐67 mm), Klasse I",31‐1‐2024,Spanje,JUMBO SUPERMARKT,acetamiprid,0.013,0.5,,CONFORM
7392,tomaten,99634812,"Tomaten, Sortering: M (57‐67 mm), Klasse I",31‐1‐2024,Spanje,JUMBO SUPERMARKT,ametoctradin,0.028,2.0,,CONFORM
7393,tomaten,99634812,"Tomaten, Sortering: M (57‐67 mm), Klasse I",31‐1‐2024,Spanje,JUMBO SUPERMARKT,boscalid,0.041,3.0,,CONFORM
7394,tomaten,99634812,"Tomaten, Sortering: M (57‐67 mm), Klasse I",31‐1‐2024,Spanje,JUMBO SUPERMARKT,bromide,0.43,50.0,,CONFORM
7395,tomaten,99634812,"Tomaten, Sortering: M (57‐67 mm), Klasse I",31‐1‐2024,Spanje,JUMBO SUPERMARKT,cyprodinil,0.056,1.5,,CONFORM
7396,tomaten,99634812,"Tomaten, Sortering: M (57‐67 mm), Klasse I",31‐1‐2024,Spanje,JUMBO SUPERMARKT,fenpyroximaat,0.0076,0.3,,CONFORM
7397,tomaten,99634812,"Tomaten, Sortering: M (57‐67 mm), Klasse I",31‐1‐2024,Spanje,JUMBO SUPERMARKT,fludioxonil,0.014,3.0,,CONFORM
7398,tomaten,99634812,"Tomaten, Sortering: M (57‐67 mm), Klasse I",31‐1‐2024,Spanje,JUMBO SUPERMARKT,fluopyram,0.0089,0.5,,CONFORM
7399,tomaten,99634812,"Tomaten, Sortering: M (57‐67 mm), Klasse I",31‐1‐2024,Spanje,JUMBO SUPERMARKT,koper,0.45,5.0,,CONFORM
7400,tomaten,99634812,"Tomaten, Sortering: M (57‐67 mm), Klasse I",31‐1‐2024,Spanje,JUMBO SUPERMARKT,spirotetramat (som),0.027,1.0,,CONFORM
7401,tomaten,99634812,"Tomaten, Sortering: M (57‐67 mm), Klasse I",31‐1‐2024,Spanje,JUMBO SUPERMARKT,Overige bestrijdingsmiddelen,,,,CONFORM
7402,tomaten,99635568,Trostomaten los,7‐2‐2024,Spanje,DIRK VAN DER BROEK,boscalid,0.4,3.0,,CONFORM
7403,tomaten,99635568,Trostomaten los,7‐2‐2024,Spanje,DIRK VAN DER BROEK,chloorantraniliprole,0.011,0.6,,CONFORM
7404,tomaten,99635568,Trostomaten los,7‐2‐2024,Spanje,DIRK VAN DER BROEK,difenoconazool,0.2,2.0,,CONFORM
7405,tomaten,99635568,Trostomaten los,7‐2‐2024,Spanje,DIRK VAN DER BROEK,fenpyrazamine,0.19,3.0,,CONFORM
7406,tomaten,99635568,Trostomaten los,7‐2‐2024,Spanje,DIRK VAN DER BROEK,Overige bestrijdingsmiddelen,,,,CONFORM
7407,tomaten,99642998,"Bio‐Trostomaten, Soort: Razymo, Cal: 47‐57 mm",11‐1‐2024,Spanje,LIDL,Overige bestrijdingsmiddelen,,,,CONFORM
7408,tomaten,99643005,"Fijne Trostomaten, Ras: Sweetern",10‐1‐2024,België,ALDI MARKT,Overige bestrijdingsmiddelen,,,,CONFORM
7409,tomaten,99643145,"Trostomaten, Klasse 1",3‐1‐2024,Spanje,ALBERT HEIJN,Overige bestrijdingsmiddelen,,,,CONFORM
7410,tomaten,99643544,"Romatomaten, Klasse: 1",17‐1‐2024,Spanje,PLUS DE WEERD,boscalid,0.029,3.0,,CONFORM
7411,tomaten,99643544,"Romatomaten, Klasse: 1",17‐1‐2024,Spanje,PLUS DE WEERD,difenoconazool,0.017,2.0,,CONFORM
7412,tomaten,99643544,"Romatomaten, Klasse: 1",17‐1‐2024,Spanje,PLUS DE WEERD,fenpyrazamine,0.02,3.0,,CONFORM
7413,tomaten,99643544,"Romatomaten, Klasse: 1",17‐1‐2024,Spanje,PLUS DE WEERD,Overige bestrijdingsmiddelen,,,,CONFORM
7414,tomaten,99648554,ROMA tomaten,3‐1‐2024,Spanje,JUMBO SUPERMARKT,boscalid,0.016,3.0,,CONFORM
7415,tomaten,99648554,ROMA tomaten,3‐1‐2024,Spanje,JUMBO SUPERMARKT,Overige bestrijdingsmiddelen,,,,CONFORM
7416,tomaten,99658819,Ronde tomaten,2‐1‐2024,Marokko,ALDI MARKT,azoxystrobin,0.006,3.0,,CONFORM
7417,tomaten,99658819,Ronde tomaten,2‐1‐2024,Marokko,ALDI MARKT,captan (som),0.018,1.0,,CONFORM
7418,tomaten,99658819,Ronde tomaten,2‐1‐2024,Marokko,ALDI MARKT,chloorfenapyr,0.01,0.01,,CONFORM
7419,tomaten,99658819,Ronde tomaten,2‐1‐2024,Marokko,ALDI MARKT,cyprodinil,0.0062,1.5,,CONFORM
7420,tomaten,99658819,Ronde tomaten,2‐1‐2024,Marokko,ALDI MARKT,fluopyram,0.018,0.5,,CONFORM
7421,tomaten,99658819,Ronde tomaten,2‐1‐2024,Marokko,ALDI MARKT,Overige bestrijdingsmiddelen,,,,CONFORM
7422,tomaten,99659327,Plus snoepgroenten tomaten 500gr,11‐1‐2024,Spanje,PLUS BRUGHUIS,acetamiprid,0.11,0.5,,CONFORM
7423,tomaten,99659327,Plus snoepgroenten tomaten 500gr,11‐1‐2024,Spanje,PLUS BRUGHUIS,boscalid,0.11,3.0,,CONFORM
7424,tomaten,99659327,Plus snoepgroenten tomaten 500gr,11‐1‐2024,Spanje,PLUS BRUGHUIS,cymoxanil,0.0058,0.4,,CONFORM
7425,tomaten,99659327,Plus snoepgroenten tomaten 500gr,11‐1‐2024,Spanje,PLUS BRUGHUIS,fludioxonil,0.14,3.0,,CONFORM
7426,tomaten,99659327,Plus snoepgroenten tomaten 500gr,11‐1‐2024,Spanje,PLUS BRUGHUIS,propamocarb,0.031,4.0,,CONFORM
7427,tomaten,99659327,Plus snoepgroenten tomaten 500gr,11‐1‐2024,Spanje,PLUS BRUGHUIS,pyraclostrobin,0.025,0.3,,CONFORM
7428,tomaten,99659327,Plus snoepgroenten tomaten 500gr,11‐1‐2024,Spanje,PLUS BRUGHUIS,spirotetramat (som),0.03,1.0,,CONFORM
7429,tomaten,99659327,Plus snoepgroenten tomaten 500gr,11‐1‐2024,Spanje,PLUS BRUGHUIS,tebuconazool,0.044,0.9,,CONFORM
7430,tomaten,99659327,Plus snoepgroenten tomaten 500gr,11‐1‐2024,Spanje,PLUS BRUGHUIS,Overige bestrijdingsmiddelen,,,,CONFORM
7431,tomaten,99659807,AH roma tomaten 750gr,17‐1‐2024,Spanje,ALBERT HEIJN,cyprodinil,0.036,1.5,,CONFORM
7432,tomaten,99659807,AH roma tomaten 750gr,17‐1‐2024,Spanje,ALBERT HEIJN,fludioxonil,0.015,3.0,,CONFORM
7433,tomaten,99659807,AH roma tomaten 750gr,17‐1‐2024,Spanje,ALBERT HEIJN,propamocarb,0.017,4.0,,CONFORM
7434,tomaten,99659807,AH roma tomaten 750gr,17‐1‐2024,Spanje,ALBERT HEIJN,pyriproxyfen,0.018,1.0,,CONFORM
7435,tomaten,99659807,AH roma tomaten 750gr,17‐1‐2024,Spanje,ALBERT HEIJN,spirotetramat (som),0.021,1.0,,CONFORM
7436,tomaten,99659807,AH roma tomaten 750gr,17‐1‐2024,Spanje,ALBERT HEIJN,Overige bestrijdingsmiddelen,,,,CONFORM
7437,tropische beurszwam/rijst‐stro‐paddenstoel,86832593,King oyster mushroom,24‐10‐2024,China,STAAY‐VAN RIJN,fenvaleraat (som),0.01,0.02,,CONFORM
7438,tropische beurszwam/rijst‐stro‐paddenstoel,86832593,King oyster mushroom,24‐10‐2024,China,STAAY‐VAN RIJN,Overige bestrijdingsmiddelen,,,,CONFORM
7439,uien,86782596,gele uien,2‐10‐2024,Nederland,JJK UIENHANDEL B.V,chloorprofam,0.074,0.01,,NIET CONFORM
7440,uien,86782596,gele uien,2‐10‐2024,Nederland,JJK UIENHANDEL B.V,fluoxastrobin,0.0075,0.04,,CONFORM
7441,uien,86782596,gele uien,2‐10‐2024,Nederland,JJK UIENHANDEL B.V,propamocarb,0.0086,2.0,,CONFORM
7442,uien,86782596,gele uien,2‐10‐2024,Nederland,JJK UIENHANDEL B.V,spirotetramat (som),0.042,0.4,,CONFORM
7443,uien,86782596,gele uien,2‐10‐2024,Nederland,JJK UIENHANDEL B.V,Overige bestrijdingsmiddelen,,,,CONFORM
7444,uien,86782618,gele uien jumbo,2‐10‐2024,Nederland,JJK UIENHANDEL B.V,azoxystrobin,0.0064,10.0,,CONFORM
7445,uien,86782618,gele uien jumbo,2‐10‐2024,Nederland,JJK UIENHANDEL B.V,Overige bestrijdingsmiddelen,,,,CONFORM
7446,uien,86804093,gele uien,6‐3‐2024,Nederland,CRISP B.V.,Overige bestrijdingsmiddelen,,,,CONFORM
7447,uien,86811529,uien,4‐4‐2024,Polen,EUROFRIGO B.V.,Overige bestrijdingsmiddelen,,,,CONFORM
7448,uien,86845873,Onion Minced,28‐11‐2024,India,HVS INTERNATIONAL B.V.,Overige bestrijdingsmiddelen,,,,CONFORM
7449,uien,86849895,Rode ui,2‐10‐2024,Landcode onbekend,M.B. NIEUWENHUIJSE (MARBO),fluoxastrobin,0.0051,0.04,,CONFORM
7450,uien,86849895,Rode ui,2‐10‐2024,Landcode onbekend,M.B. NIEUWENHUIJSE (MARBO),spirotetramat (som),0.017,0.4,,CONFORM
7451,uien,86849895,Rode ui,2‐10‐2024,Landcode onbekend,M.B. NIEUWENHUIJSE (MARBO),Overige bestrijdingsmiddelen,,,,CONFORM
7452,uien,86849909,Gele ui BIO,2‐10‐2024,Landcode onbekend,M.B. NIEUWENHUIJSE (MARBO),Overige bestrijdingsmiddelen,,,,CONFORM
7453,uien,86849917,Gele ui,2‐10‐2024,Landcode onbekend,M.B. NIEUWENHUIJSE (MARBO),spirotetramat (som),0.027,0.4,,CONFORM
7454,uien,86849917,Gele ui,2‐10‐2024,Landcode onbekend,M.B. NIEUWENHUIJSE (MARBO),Overige bestrijdingsmiddelen,,,,CONFORM
7455,uien,86849925,Gele ui,2‐10‐2024,Landcode onbekend,ARJAZON VASTGOED B.V.,azoxystrobin,0.019,10.0,,CONFORM
7456,uien,86849925,Gele ui,2‐10‐2024,Landcode onbekend,ARJAZON VASTGOED B.V.,clopyralid,0.03,0.5,,CONFORM
7457,uien,86849925,Gele ui,2‐10‐2024,Landcode onbekend,ARJAZON VASTGOED B.V.,oxathiapiproline,0.0084,0.04,,CONFORM
7458,uien,86849925,Gele ui,2‐10‐2024,Landcode onbekend,ARJAZON VASTGOED B.V.,spirotetramat (som),0.07,0.4,,CONFORM
7459,uien,86849925,Gele ui,2‐10‐2024,Landcode onbekend,ARJAZON VASTGOED B.V.,Overige bestrijdingsmiddelen,,,,CONFORM
7460,uien,86849933,Gele ui,2‐10‐2024,Landcode onbekend,ARJAZON VASTGOED B.V.,azoxystrobin,0.013,10.0,,CONFORM
7461,uien,86849933,Gele ui,2‐10‐2024,Landcode onbekend,ARJAZON VASTGOED B.V.,fluopicolide,0.006,1.0,,CONFORM
7462,uien,86849933,Gele ui,2‐10‐2024,Landcode onbekend,ARJAZON VASTGOED B.V.,fluoxastrobin,0.01,0.04,,CONFORM
7463,uien,86849933,Gele ui,2‐10‐2024,Landcode onbekend,ARJAZON VASTGOED B.V.,spirotetramat (som),0.016,0.4,,CONFORM
7464,uien,86849933,Gele ui,2‐10‐2024,Landcode onbekend,ARJAZON VASTGOED B.V.,Overige bestrijdingsmiddelen,,,,CONFORM
7465,uien,86850559,Gele ui,2‐10‐2024,Landcode onbekend,M.B. NIEUWENHUIJSE (MARBO),spirotetramat (som),0.046,0.4,,CONFORM
7466,uien,86850559,Gele ui,2‐10‐2024,Landcode onbekend,M.B. NIEUWENHUIJSE (MARBO),Overige bestrijdingsmiddelen,,,,CONFORM
7467,uien,86850567,Gele ui,2‐10‐2024,Landcode onbekend,ARJAZON VASTGOED B.V.,azoxystrobin,0.016,10.0,,CONFORM
7468,uien,86850567,Gele ui,2‐10‐2024,Landcode onbekend,ARJAZON VASTGOED B.V.,fluopicolide,0.011,1.0,,CONFORM
7469,uien,86850567,Gele ui,2‐10‐2024,Landcode onbekend,ARJAZON VASTGOED B.V.,fluopyram,0.0077,0.07,,CONFORM
7470,uien,86850567,Gele ui,2‐10‐2024,Landcode onbekend,ARJAZON VASTGOED B.V.,fluoxastrobin,0.019,0.04,,CONFORM
7471,uien,86850567,Gele ui,2‐10‐2024,Landcode onbekend,ARJAZON VASTGOED B.V.,propamocarb,0.036,2.0,,CONFORM
7472,uien,86850567,Gele ui,2‐10‐2024,Landcode onbekend,ARJAZON VASTGOED B.V.,prothioconazool‐desthio,0.0073,0.05,,CONFORM
7473,uien,86850567,Gele ui,2‐10‐2024,Landcode onbekend,ARJAZON VASTGOED B.V.,spirotetramat (som),0.035,0.4,,CONFORM
7474,uien,86850567,Gele ui,2‐10‐2024,Landcode onbekend,ARJAZON VASTGOED B.V.,tebuconazool,0.0052,0.15,,CONFORM
7475,uien,86850567,Gele ui,2‐10‐2024,Landcode onbekend,ARJAZON VASTGOED B.V.,Overige bestrijdingsmiddelen,,,,CONFORM
7476,uien,86850575,Gele ui,2‐10‐2024,Landcode onbekend,ARJAZON VASTGOED B.V.,azoxystrobin,0.027,10.0,,CONFORM
7477,uien,86850575,Gele ui,2‐10‐2024,Landcode onbekend,ARJAZON VASTGOED B.V.,boscalid,0.09,5.0,,CONFORM
7478,uien,86850575,Gele ui,2‐10‐2024,Landcode onbekend,ARJAZON VASTGOED B.V.,chloorprofam,0.0075,0.01,,CONFORM
7479,uien,86850575,Gele ui,2‐10‐2024,Landcode onbekend,ARJAZON VASTGOED B.V.,fluoxastrobin,0.0085,0.04,,CONFORM
7480,uien,86850575,Gele ui,2‐10‐2024,Landcode onbekend,ARJAZON VASTGOED B.V.,oxathiapiproline,0.0051,0.04,,CONFORM
7481,uien,86850575,Gele ui,2‐10‐2024,Landcode onbekend,ARJAZON VASTGOED B.V.,pyraclostrobin,0.014,1.5,,CONFORM
7482,uien,86850575,Gele ui,2‐10‐2024,Landcode onbekend,ARJAZON VASTGOED B.V.,spirotetramat (som),0.016,0.4,,CONFORM
7483,uien,86850575,Gele ui,2‐10‐2024,Landcode onbekend,ARJAZON VASTGOED B.V.,Overige bestrijdingsmiddelen,,,,CONFORM
7484,uien,86869217,gele uien,17‐6‐2024,Egypte,JUMBO DISTRIBUTIECENTRUM,Overige bestrijdingsmiddelen,,,,CONFORM
7485,uien,86960796,uien,30‐9‐2024,Nederland,KONAXX ONIONS B.V.,fluopyram,0.017,0.07,,CONFORM
7486,uien,86960796,uien,30‐9‐2024,Nederland,KONAXX ONIONS B.V.,Overige bestrijdingsmiddelen,,,,CONFORM
7487,uien,86960818,uien 1/10,30‐9‐2024,Nederland,KONAXX ONIONS B.V.,fluopyram,0.015,0.07,,CONFORM
7488,uien,86960818,uien 1/10,30‐9‐2024,Nederland,KONAXX ONIONS B.V.,Overige bestrijdingsmiddelen,,,,CONFORM
7489,uien,86998815,gele uien,21‐10‐2024,Nederland,WATERMAN ONIONS B.V.,boscalid,0.0077,5.0,,CONFORM
7490,uien,86998815,gele uien,21‐10‐2024,Nederland,WATERMAN ONIONS B.V.,Overige bestrijdingsmiddelen,,,,CONFORM
7491,uien,86998823,rode uien,21‐10‐2024,Nederland,WATERMAN ONIONS B.V.,azoxystrobin,0.0088,10.0,,CONFORM
7492,uien,86998823,rode uien,21‐10‐2024,Nederland,WATERMAN ONIONS B.V.,Overige bestrijdingsmiddelen,,,,CONFORM
7493,uien,99369558,uien,18‐9‐2024,Nederland,FRUITBOERDERIJ OOLD BLEANK,spirotetramat (som),0.01,0.4,,CONFORM
7494,uien,99369558,uien,18‐9‐2024,Nederland,FRUITBOERDERIJ OOLD BLEANK,Overige bestrijdingsmiddelen,,,,CONFORM
7495,uien,99382716,uien geel uien geel,24‐9‐2024,Nederland,BIOL. BOERDERIJWINKEL,Overige bestrijdingsmiddelen,,,,CONFORM
7496,uien,99386843,uien geel fijn,26‐11‐2024,Nederland,BOERDERIJWINKEL OVERESCH,Overige bestrijdingsmiddelen,,,,CONFORM
7497,uien,99452617,UIEN GEEL BIO,19‐9‐2024,Nederland,DE BUYTENHOF,Overige bestrijdingsmiddelen,,,,CONFORM
7498,uien,99469781,"Uien, middel, Klasse II",18‐9‐2024,Nederland,BOERDERIJWINKEL DE GELDER,fluopicolide,0.005,1.0,,CONFORM
7499,uien,99469781,"Uien, middel, Klasse II",18‐9‐2024,Nederland,BOERDERIJWINKEL DE GELDER,spirotetramat (som),0.009,0.4,,CONFORM
7500,uien,99469781,"Uien, middel, Klasse II",18‐9‐2024,Nederland,BOERDERIJWINKEL DE GELDER,Overige bestrijdingsmiddelen,,,,CONFORM
7501,"venkel (zaad, als specerij)",86802945,venkelzaad gemalen,5‐2‐2024,Landcode onbekend,CULINA FOOD CONCEPTS B.V.,acetamiprid,0.055,0.05,,NIET CONFORM*
7502,"venkel (zaad, als specerij)",86802945,venkelzaad gemalen,5‐2‐2024,Landcode onbekend,CULINA FOOD CONCEPTS B.V.,azoxystrobin,0.013,0.3,,CONFORM
7503,"venkel (zaad, als specerij)",86802945,venkelzaad gemalen,5‐2‐2024,Landcode onbekend,CULINA FOOD CONCEPTS B.V.,carbendazim,0.029,0.1,,CONFORM
7504,"venkel (zaad, als specerij)",86802945,venkelzaad gemalen,5‐2‐2024,Landcode onbekend,CULINA FOOD CONCEPTS B.V.,chloorpyrifos‐ethyl,0.25,0.01,,NIET CONFORM
7505,"venkel (zaad, als specerij)",86802945,venkelzaad gemalen,5‐2‐2024,Landcode onbekend,CULINA FOOD CONCEPTS B.V.,propiconazool,0.014,0.05,,CONFORM
7506,"venkel (zaad, als specerij)",86802945,venkelzaad gemalen,5‐2‐2024,Landcode onbekend,CULINA FOOD CONCEPTS B.V.,Overige bestrijdingsmiddelen,,,,CONFORM
7507,"venkel (zaad, als specerij)",86924226,Venkelzaad heel,22‐4‐2024,Landcode onbekend,SERHAT IMPEX VELP B.V.,acetamiprid,0.032,0.05,,CONFORM
7508,"venkel (zaad, als specerij)",86924226,Venkelzaad heel,22‐4‐2024,Landcode onbekend,SERHAT IMPEX VELP B.V.,chloorpyrifos‐ethyl,0.035,0.01,,NIET CONFORM
7509,"venkel (zaad, als specerij)",86924226,Venkelzaad heel,22‐4‐2024,Landcode onbekend,SERHAT IMPEX VELP B.V.,cyhalothrin‐lambda,0.023,0.3,,CONFORM
7510,"venkel (zaad, als specerij)",86924226,Venkelzaad heel,22‐4‐2024,Landcode onbekend,SERHAT IMPEX VELP B.V.,imidacloprid,0.03,0.05,,CONFORM
7511,"venkel (zaad, als specerij)",86924226,Venkelzaad heel,22‐4‐2024,Landcode onbekend,SERHAT IMPEX VELP B.V.,Overige bestrijdingsmiddelen,,,,CONFORM
7512,"venkel (zaad, als specerij)",86924234,Venkelzaad heel,22‐4‐2024,Landcode onbekend,SERHAT IMPEX VELP B.V.,Overige bestrijdingsmiddelen,,,,CONFORM
7513,verse worst/saucijs/braadworst,99427523,braadworst,31‐7‐2024,Nederland,ALBERT HEIJN,chloraat,0.03,0.05,,CONFORM
7514,verse worst/saucijs/braadworst,99427523,braadworst,31‐7‐2024,Nederland,ALBERT HEIJN,Overige bestrijdingsmiddelen,,,,CONFORM
7515,verse worst/saucijs/braadworst,99430117,varkensaucijs,2‐7‐2024,Nederland,JUMBO SITTARD STADION,chloraat,0.01,0.05,,CONFORM
7516,verse worst/saucijs/braadworst,99430117,varkensaucijs,2‐7‐2024,Nederland,JUMBO SITTARD STADION,Overige bestrijdingsmiddelen,,,,CONFORM
7517,verse worst/saucijs/braadworst,99430362,verse worst,16‐7‐2024,Nederland,DAGWINKEL AMERICA,chloraat,0.03,0.05,,CONFORM
7518,verse worst/saucijs/braadworst,99430362,verse worst,16‐7‐2024,Nederland,DAGWINKEL AMERICA,Overige bestrijdingsmiddelen,,,,CONFORM
7519,verse worst/saucijs/braadworst,99430664,verse worst,23‐7‐2024,Nederland,PLUS BOUDA POSTMA,Overige bestrijdingsmiddelen,,,,CONFORM
7520,vet (dierlijk),86837897,vet rund,4‐12‐2024,Landcode onbekend,DUMMY,Overige bestrijdingsmiddelen,,,,CONFORM
7521,vet (dierlijk),86837919,vet rund,4‐12‐2024,Landcode onbekend,DUMMY,Overige bestrijdingsmiddelen,,,,CONFORM
7522,vet (dierlijk),86837927,vet rund,4‐12‐2024,Landcode onbekend,DUMMY,Overige bestrijdingsmiddelen,,,,CONFORM
7523,vet (dierlijk),86837935,vet rund,4‐12‐2024,Landcode onbekend,DUMMY,Overige bestrijdingsmiddelen,,,,CONFORM
7524,vet (dierlijk),86837943,vet rund,4‐12‐2024,Landcode onbekend,DUMMY,Overige bestrijdingsmiddelen,,,,CONFORM
7525,vet (dierlijk),86837951,vet rund,4‐12‐2024,Landcode onbekend,DUMMY,Overige bestrijdingsmiddelen,,,,CONFORM
7526,vet (dierlijk),86837978,vet rund,4‐12‐2024,Landcode onbekend,DUMMY,Overige bestrijdingsmiddelen,,,,CONFORM
7527,vet (dierlijk),86837986,vet rund,4‐12‐2024,Landcode onbekend,DUMMY,Overige bestrijdingsmiddelen,,,,CONFORM
7528,vet (dierlijk),86837994,vet rund,4‐12‐2024,Landcode onbekend,DUMMY,Overige bestrijdingsmiddelen,,,,CONFORM
7529,vet (dierlijk),86838001,vet rund,4‐12‐2024,Landcode onbekend,DUMMY,cypermethrin,0.013,2.0,,CONFORM
7530,vet (dierlijk),86838001,vet rund,4‐12‐2024,Landcode onbekend,DUMMY,Overige bestrijdingsmiddelen,,,,CONFORM
7531,vet (dierlijk),86838028,vet rund,4‐12‐2024,Landcode onbekend,DUMMY,Overige bestrijdingsmiddelen,,,,CONFORM
7532,vet (dierlijk),86838036,vet rund,4‐12‐2024,Landcode onbekend,DUMMY,Overige bestrijdingsmiddelen,,,,CONFORM
7533,vet (dierlijk),86838044,vet rund,4‐12‐2024,Landcode onbekend,DUMMY,Overige bestrijdingsmiddelen,,,,CONFORM
7534,vet (dierlijk),86838052,vet rund,4‐12‐2024,Landcode onbekend,DUMMY,Overige bestrijdingsmiddelen,,,,CONFORM
7535,vet (dierlijk),86838079,vet rund,4‐12‐2024,Landcode onbekend,DUMMY,Overige bestrijdingsmiddelen,,,,CONFORM
7536,vet (dierlijk),86838087,vet rund,4‐12‐2024,Landcode onbekend,DUMMY,Overige bestrijdingsmiddelen,,,,CONFORM
7537,vet (dierlijk),86838095,vet rund,4‐12‐2024,Landcode onbekend,DUMMY,Overige bestrijdingsmiddelen,,,,CONFORM
7538,vet (dierlijk),86838109,vet rund,4‐12‐2024,Landcode onbekend,DUMMY,Overige bestrijdingsmiddelen,,,,CONFORM
7539,vet (dierlijk),86838117,vet rund,4‐12‐2024,Landcode onbekend,DUMMY,Overige bestrijdingsmiddelen,,,,CONFORM
7540,vet (dierlijk),86838125,vet rund,4‐12‐2024,Landcode onbekend,DUMMY,Overige bestrijdingsmiddelen,,,,CONFORM
7541,vet (dierlijk),86838133,vet rund,4‐12‐2024,Landcode onbekend,DUMMY,Overige bestrijdingsmiddelen,,,,CONFORM
7542,vet (dierlijk),86838141,vet rund,4‐12‐2024,Landcode onbekend,DUMMY,Overige bestrijdingsmiddelen,,,,CONFORM
7543,vet (dierlijk),86838168,vet rund,4‐12‐2024,Landcode onbekend,DUMMY,Overige bestrijdingsmiddelen,,,,CONFORM
7544,vet (dierlijk),86838176,vet rund,4‐12‐2024,Landcode onbekend,DUMMY,Overige bestrijdingsmiddelen,,,,CONFORM
7545,vijgen,86759128,Vijgen,15‐4‐2024,Brazilië,HOLLANDER BARENDRECHT B.V.,spinetoram,0.01,0.02,,CONFORM
7546,vijgen,86759128,Vijgen,15‐4‐2024,Brazilië,HOLLANDER BARENDRECHT B.V.,Overige bestrijdingsmiddelen,,,,CONFORM
7547,vijgen,86833131,Vijgen,5‐11‐2024,Peru,SOUS FRESH B.V.,Overige bestrijdingsmiddelen,,,,CONFORM
7548,vijgen,86843315,Fresh Black Figs,17‐10‐2024,Turkije,YEX B.V.,cypermethrin,0.0054,0.05,,CONFORM
7549,vijgen,86843315,Fresh Black Figs,17‐10‐2024,Turkije,YEX B.V.,Overige bestrijdingsmiddelen,,,,CONFORM
7550,vijgen,86895005,Vijgen,5‐9‐2024,Turkije,EUROFRESH,Overige bestrijdingsmiddelen,,,,CONFORM
7551,vijgen,99643153,Dried Figs,11‐1‐2024,Frankrijk,LIDL,Overige bestrijdingsmiddelen,,,,CONFORM
7552,vlees,99398515,nasi bami vlees,2‐7‐2024,Nederland,LIDL,chloraat,0.03,0.05,,CONFORM
7553,vlees,99398515,nasi bami vlees,2‐7‐2024,Nederland,LIDL,Overige bestrijdingsmiddelen,,,,CONFORM
7554,vlees gekruid,99393793,Shoarma reepjes klassiek gekruid,8‐8‐2024,Nederland,ALDI,Overige bestrijdingsmiddelen,,,,CONFORM
7555,walnoten,86787849,walnoten gepeld,29‐1‐2024,Chili,OLIVA B.V.,Overige bestrijdingsmiddelen,,,,CONFORM
7556,walnoten,86798069,Walnoten stukjes,11‐4‐2024,Landcode onbekend,BAS BOER,Overige bestrijdingsmiddelen,,,,CONFORM
7557,walnoten,86802341,Walnoten Gepeld,30‐1‐2024,Chili,TOVANO,Overige bestrijdingsmiddelen,,,,CONFORM
7558,walnoten,86802368,Shelled Walnuts,30‐1‐2024,Chili,TOVANO,Overige bestrijdingsmiddelen,,,,CONFORM
7559,walnoten,86802392,Walnuts Shelled,30‐1‐2024,Chili,TOVANO,Overige bestrijdingsmiddelen,,,,CONFORM
7560,walnoten,86866544,shelled walnut,19‐3‐2024,Chili,VERHOEF PACKAGING B.V.,Overige bestrijdingsmiddelen,,,,CONFORM
7561,walnoten,86866633,walnoten,19‐3‐2024,Verenigde Staten,VERHOEF PACKAGING B.V.,Overige bestrijdingsmiddelen,,,,CONFORM
7562,watermeloenen,86758121,Watermeloen,25‐3‐2024,Costa Rica,HEEMSKERK FRESH EN EASY,fludioxonil,0.0083,0.3,,CONFORM
7563,watermeloenen,86758121,Watermeloen,25‐3‐2024,Costa Rica,HEEMSKERK FRESH EN EASY,propamocarb,0.0057,5.0,,CONFORM
7564,watermeloenen,86758121,Watermeloen,25‐3‐2024,Costa Rica,HEEMSKERK FRESH EN EASY,Overige bestrijdingsmiddelen,,,,CONFORM
7565,watermeloenen,86779811,Mini watermelon,19‐6‐2024,Spanje,DISTRIBUTIECENTRUM ALBERT HEIJN,flupyradifurone,0.0091,0.15,,CONFORM
7566,watermeloenen,86779811,Mini watermelon,19‐6‐2024,Spanje,DISTRIBUTIECENTRUM ALBERT HEIJN,Overige bestrijdingsmiddelen,,,,CONFORM
7567,watermeloenen,86798131,AH watermeloen Mini,15‐4‐2024,Costa Rica,BAKKER CENTRALE INKOOP,fenylfenol‐2,0.02,0.01,,NIET CONFORM*
7568,watermeloenen,86798131,AH watermeloen Mini,15‐4‐2024,Costa Rica,BAKKER CENTRALE INKOOP,fludioxonil,0.011,0.3,,CONFORM
7569,watermeloenen,86798131,AH watermeloen Mini,15‐4‐2024,Costa Rica,BAKKER CENTRALE INKOOP,Overige bestrijdingsmiddelen,,,,CONFORM
7570,watermeloenen,86809605,watermeloenen,29‐5‐2024,Spanje,DISTRIBUTIECENTRUM ALBERT HEIJN,flupyradifurone,0.01,0.15,,CONFORM
7571,watermeloenen,86809605,watermeloenen,29‐5‐2024,Spanje,DISTRIBUTIECENTRUM ALBERT HEIJN,Overige bestrijdingsmiddelen,,,,CONFORM
7572,watermeloenen,86812207,Watermeloen,29‐4‐2024,Costa Rica,G.H. LUKASSEN EN ZOON B.V.,fenylfenol‐2,0.0056,0.01,,CONFORM
7573,watermeloenen,86812207,Watermeloen,29‐4‐2024,Costa Rica,G.H. LUKASSEN EN ZOON B.V.,Overige bestrijdingsmiddelen,,,,CONFORM
7574,watermeloenen,86823802,Mini Watermelons,14‐6‐2024,Italië,AGF SIERE B.V.,acetamiprid,0.028,0.2,,CONFORM
7575,watermeloenen,86823802,Mini Watermelons,14‐6‐2024,Italië,AGF SIERE B.V.,fluopyram,0.007,0.4,,CONFORM
7576,watermeloenen,86823802,Mini Watermelons,14‐6‐2024,Italië,AGF SIERE B.V.,flupyradifurone,0.011,0.15,,CONFORM
7577,watermeloenen,86823802,Mini Watermelons,14‐6‐2024,Italië,AGF SIERE B.V.,Overige bestrijdingsmiddelen,,,,CONFORM
7578,watermeloenen,86827352,Watermeloen,9‐1‐2024,Brazilië,GLOBAL PRODUCERS BV,boscalid,0.011,3.0,,CONFORM
7579,watermeloenen,86827352,Watermeloen,9‐1‐2024,Brazilië,GLOBAL PRODUCERS BV,bromide,6.1,30.0,,CONFORM
7580,watermeloenen,86827352,Watermeloen,9‐1‐2024,Brazilië,GLOBAL PRODUCERS BV,chloorantraniliprole,0.0061,0.3,,CONFORM
7581,watermeloenen,86827352,Watermeloen,9‐1‐2024,Brazilië,GLOBAL PRODUCERS BV,imidacloprid,0.0058,0.15,,CONFORM
7582,watermeloenen,86827352,Watermeloen,9‐1‐2024,Brazilië,GLOBAL PRODUCERS BV,koper,0.26,5.0,,CONFORM
7583,watermeloenen,86827352,Watermeloen,9‐1‐2024,Brazilië,GLOBAL PRODUCERS BV,Overige bestrijdingsmiddelen,,,,CONFORM
7584,watermeloenen,86867486,watermeloenen,27‐3‐2024,Brazilië,FRANKORT & KONING B.V.,azoxystrobin,0.033,1.0,,CONFORM
7585,watermeloenen,86867486,watermeloenen,27‐3‐2024,Brazilië,FRANKORT & KONING B.V.,chloorantraniliprole,0.012,0.3,,CONFORM
7586,watermeloenen,86867486,watermeloenen,27‐3‐2024,Brazilië,FRANKORT & KONING B.V.,fludioxonil,0.028,0.3,,CONFORM
7587,watermeloenen,86867486,watermeloenen,27‐3‐2024,Brazilië,FRANKORT & KONING B.V.,imidacloprid,0.0082,0.15,,CONFORM
7588,watermeloenen,86867486,watermeloenen,27‐3‐2024,Brazilië,FRANKORT & KONING B.V.,thiabendazool,0.011,0.01,,NIET CONFORM*
7589,watermeloenen,86867486,watermeloenen,27‐3‐2024,Brazilië,FRANKORT & KONING B.V.,Overige bestrijdingsmiddelen,,,,CONFORM
7590,watermeloenen,86961687,watermeloen,15‐10‐2024,Brazilië,ALDI GRONINGEN B.V.,azoxystrobin,0.011,1.0,,CONFORM
7591,watermeloenen,86961687,watermeloen,15‐10‐2024,Brazilië,ALDI GRONINGEN B.V.,fludioxonil,0.0063,0.3,,CONFORM
7592,watermeloenen,86961687,watermeloen,15‐10‐2024,Brazilië,ALDI GRONINGEN B.V.,Overige bestrijdingsmiddelen,,,,CONFORM
7593,watermeloenen,86975009,Watermeloenen,19‐11‐2024,Brazilië,KRAAIJEVELD,azoxystrobin,0.0091,1.0,,CONFORM
7594,watermeloenen,86975009,Watermeloenen,19‐11‐2024,Brazilië,KRAAIJEVELD,Overige bestrijdingsmiddelen,,,,CONFORM
7595,watermeloenen,99396032,Mini watermeloen,9‐7‐2024,Italië,MCD OCHTEN,azoxystrobin,0.0056,1.0,,CONFORM
7596,watermeloenen,99396032,Mini watermeloen,9‐7‐2024,Italië,MCD OCHTEN,fosetyl (som),0.65,75.0,,CONFORM
7597,watermeloenen,99396032,Mini watermeloen,9‐7‐2024,Italië,MCD OCHTEN,koper,0.34,5.0,,CONFORM
7598,watermeloenen,99396032,Mini watermeloen,9‐7‐2024,Italië,MCD OCHTEN,Overige bestrijdingsmiddelen,,,,CONFORM
7599,watermeloenen,99411139,watermeloen,10‐7‐2024,Spanje,EKOPLAZA (HENGELO),koper,0.2,5.0,,CONFORM
7600,watermeloenen,99411139,watermeloen,10‐7‐2024,Spanje,EKOPLAZA (HENGELO),Overige bestrijdingsmiddelen,,,,CONFORM
7601,watermeloenen,99411899,watermeloen,23‐7‐2024,Spanje,DIRK,koper,0.21,5.0,,CONFORM
7602,watermeloenen,99411899,watermeloen,23‐7‐2024,Spanje,DIRK,Overige bestrijdingsmiddelen,,,,CONFORM
7603,watermeloenen,99412208,AH mini watermeloen los 2st,17‐7‐2024,Landcode onbekend,ALBERT HEIJN MARCEL BERGHUIS,koper,0.4,5.0,,CONFORM
7604,watermeloenen,99412208,AH mini watermeloen los 2st,17‐7‐2024,Landcode onbekend,ALBERT HEIJN MARCEL BERGHUIS,Overige bestrijdingsmiddelen,,,,CONFORM
7605,watermeloenen,99430273,kleine watermeloen,16‐7‐2024,Spanje,DAGWINKEL MELDERSLO,azoxystrobin,0.044,1.0,,CONFORM
7606,watermeloenen,99430273,kleine watermeloen,16‐7‐2024,Spanje,DAGWINKEL MELDERSLO,koper,0.12,5.0,,CONFORM
7607,watermeloenen,99430273,kleine watermeloen,16‐7‐2024,Spanje,DAGWINKEL MELDERSLO,Overige bestrijdingsmiddelen,,,,CONFORM
7608,watermeloenen,99434562,"Seedless Watermelon, Classe I, Cal: 6 (2,7‐3,7 kg)",3‐7‐2024,Spanje,ALBERT HEIJN,acetamiprid,0.0064,0.2,,CONFORM
7609,watermeloenen,99434562,"Seedless Watermelon, Classe I, Cal: 6 (2,7‐3,7 kg)",3‐7‐2024,Spanje,ALBERT HEIJN,boscalid,0.0082,3.0,,CONFORM
7610,watermeloenen,99434562,"Seedless Watermelon, Classe I, Cal: 6 (2,7‐3,7 kg)",3‐7‐2024,Spanje,ALBERT HEIJN,flupyradifurone,0.0061,0.01,,CONFORM
7611,watermeloenen,99434562,"Seedless Watermelon, Classe I, Cal: 6 (2,7‐3,7 kg)",3‐7‐2024,Spanje,ALBERT HEIJN,koper,0.34,5.0,,CONFORM
7612,watermeloenen,99434562,"Seedless Watermelon, Classe I, Cal: 6 (2,7‐3,7 kg)",3‐7‐2024,Spanje,ALBERT HEIJN,Overige bestrijdingsmiddelen,,,,CONFORM
7613,watermeloenen,99440163,watermeloen,30‐7‐2024,Spanje,EKOPLAZA (HENGELO),koper,0.26,5.0,,CONFORM
7614,watermeloenen,99440163,watermeloen,30‐7‐2024,Spanje,EKOPLAZA (HENGELO),Overige bestrijdingsmiddelen,,,,CONFORM
7615,watermeloenen,99441259,water meloen,13‐8‐2024,Spanje,ALBERT HEIJN,koper,0.34979,5.0,,CONFORM
7616,watermeloenen,99441259,water meloen,13‐8‐2024,Spanje,ALBERT HEIJN,Overige bestrijdingsmiddelen,,,,CONFORM
7617,witlof/brussels lof,86781409,Witlof,26‐6‐2024,Nederland,LIDL,Overige bestrijdingsmiddelen,,,,CONFORM
7618,witlof/brussels lof,86788136,witlof,14‐2‐2024,Nederland,PICNIC FULFILLMENTCENTRUM,fluopyram,0.0072,0.3,,CONFORM
7619,witlof/brussels lof,86788136,witlof,14‐2‐2024,Nederland,PICNIC FULFILLMENTCENTRUM,propamocarb,0.009,15.0,,CONFORM
7620,witlof/brussels lof,86788136,witlof,14‐2‐2024,Nederland,PICNIC FULFILLMENTCENTRUM,Overige bestrijdingsmiddelen,,,,CONFORM
7621,witlof/brussels lof,86832909,witlof,29‐10‐2024,Nederland,JOHN WIEGMANS GROENTEN EN FRUIT GROOTHANDEL,fluopyram,0.017,0.3,,CONFORM
7622,witlof/brussels lof,86832909,witlof,29‐10‐2024,Nederland,JOHN WIEGMANS GROENTEN EN FRUIT GROOTHANDEL,Overige bestrijdingsmiddelen,,,,CONFORM
7623,witlof/brussels lof,99368608,witlof 500gr,24‐7‐2024,Nederland,POIESZ SUPERMARKTEN,Overige bestrijdingsmiddelen,,,,CONFORM
7624,witlof/brussels lof,99368861,witlof 500GR,30‐7‐2024,Nederland,LIDL,Overige bestrijdingsmiddelen,,,,CONFORM
7625,witlof/brussels lof,99393718,Witlof,8‐8‐2024,Nederland,ALDI,Overige bestrijdingsmiddelen,,,,CONFORM
7626,witlof/brussels lof,99396059,Witlof klasse 1,9‐7‐2024,Nederland,MCD OCHTEN,fluopyram,0.0085,0.3,,CONFORM
7627,witlof/brussels lof,99396059,Witlof klasse 1,9‐7‐2024,Nederland,MCD OCHTEN,Overige bestrijdingsmiddelen,,,,CONFORM
7628,witlof/brussels lof,99398469,WITLOF,2‐7‐2024,Nederland,LIDL,thiabendazool,0.0059,0.15,,CONFORM
7629,witlof/brussels lof,99398469,WITLOF,2‐7‐2024,Nederland,LIDL,Overige bestrijdingsmiddelen,,,,CONFORM
7630,witlof/brussels lof,99411058,witlof,10‐7‐2024,Nederland,EKOPLAZA (ENSCHEDE),Overige bestrijdingsmiddelen,,,,CONFORM
7631,witlof/brussels lof,99411368,witlof,16‐7‐2024,Nederland,ALDI ENSCHEDE,Overige bestrijdingsmiddelen,,,,CONFORM
7632,witlof/brussels lof,99411856,witlof,23‐7‐2024,Nederland,DIRK,Overige bestrijdingsmiddelen,,,,CONFORM
7633,witlof/brussels lof,99412097,AH witlof los,17‐7‐2024,Nederland,ALBERT HEIJN MARCEL BERGHUIS,Overige bestrijdingsmiddelen,,,,CONFORM
7634,witlof/brussels lof,99427418,witlof,31‐7‐2024,Nederland,ALBERT HEIJN,Overige bestrijdingsmiddelen,,,,CONFORM
7635,witlof/brussels lof,99429992,witlof,2‐7‐2024,Nederland,JUMBO SITTARD STADION,fluopyram,0.014,0.3,,CONFORM
7636,witlof/brussels lof,99429992,witlof,2‐7‐2024,Nederland,JUMBO SITTARD STADION,Overige bestrijdingsmiddelen,,,,CONFORM
7637,witlof/brussels lof,99430354,witlof,16‐7‐2024,Nederland,DAGWINKEL MELDERSLO,fluopyram,0.0065,0.3,,CONFORM
7638,witlof/brussels lof,99430354,witlof,16‐7‐2024,Nederland,DAGWINKEL MELDERSLO,Overige bestrijdingsmiddelen,,,,CONFORM
7639,witlof/brussels lof,99430559,witlof,23‐7‐2024,Nederland,PLUS BOUDA POSTMA,Overige bestrijdingsmiddelen,,,,CONFORM
7640,witlof/brussels lof,99434589,"Witlof, 4 stuks",3‐7‐2024,Nederland,ALBERT HEIJN,Overige bestrijdingsmiddelen,,,,CONFORM
7641,witlof/brussels lof,99434775,Witlof,10‐7‐2024,Nederland,JUMBO SUPERMARKT,fluopyram,0.016,0.3,,CONFORM
7642,witlof/brussels lof,99434775,Witlof,10‐7‐2024,Nederland,JUMBO SUPERMARKT,Overige bestrijdingsmiddelen,,,,CONFORM
7643,witlof/brussels lof,99435208,Witlof,7‐8‐2024,Nederland,LIDL,fluopyram,0.0082,0.3,,CONFORM
7644,witlof/brussels lof,99435208,Witlof,7‐8‐2024,Nederland,LIDL,Overige bestrijdingsmiddelen,,,,CONFORM
7645,witlof/brussels lof,99435453,"Witlof, Klasse I",12‐8‐2024,Nederland,ALDI MARKT,Overige bestrijdingsmiddelen,,,,CONFORM
7646,witlof/brussels lof,99435879,"Lof, Klasse 1",13‐8‐2024,Nederland,POIESZ SUPERMARKTEN,fluopyram,0.0052,0.3,,CONFORM
7647,witlof/brussels lof,99435879,"Lof, Klasse 1",13‐8‐2024,Nederland,POIESZ SUPERMARKTEN,Overige bestrijdingsmiddelen,,,,CONFORM
7648,witlof/brussels lof,99440147,witlof,30‐7‐2024,Nederland,EKOPLAZA (HENGELO),Overige bestrijdingsmiddelen,,,,CONFORM
7649,witlof/brussels lof,99440767,witlof,6‐8‐2024,Nederland,JUMBO SUPERMARKT,fluopyram,0.0076,0.3,,CONFORM
7650,witlof/brussels lof,99440767,witlof,6‐8‐2024,Nederland,JUMBO SUPERMARKT,Overige bestrijdingsmiddelen,,,,CONFORM
7651,witlof/brussels lof,99441216,AH Bio witlof,13‐8‐2024,Nederland,ALBERT HEIJN,Overige bestrijdingsmiddelen,,,,CONFORM
7652,witlof/brussels lof,99595353,Plus nederlandse witlof 500gr,9‐7‐2024,Nederland,PLUS STAM,Overige bestrijdingsmiddelen,,,,CONFORM
7653,wittekool,86804344,Biologische witte kool. 20 x 20 mm.,25‐3‐2024,Verenigd Koninkrijk,FZ ORGANIC FOOD,Overige bestrijdingsmiddelen,,,,CONFORM
7654,wittekool,86805065,kool wit planet proof,22‐4‐2024,Landcode onbekend,PLUKON CONVENIENCE DRONTEN B.V.,propamocarb,0.014,1.0,,CONFORM
7655,wittekool,86805065,kool wit planet proof,22‐4‐2024,Landcode onbekend,PLUKON CONVENIENCE DRONTEN B.V.,spirotetramat (som),0.07,2.0,,CONFORM
7656,wittekool,86805065,kool wit planet proof,22‐4‐2024,Landcode onbekend,PLUKON CONVENIENCE DRONTEN B.V.,Overige bestrijdingsmiddelen,,,,CONFORM
7657,wittekool,86814471,biologische witte kool,19‐2‐2024,Nederland,DEKAMARKT LOGISTIEK B.V. (VERSCENTRALE),Overige bestrijdingsmiddelen,,,,CONFORM
7658,wittekool,99452595,WITTE KOOL BIO,19‐9‐2024,Nederland,DE BUYTENHOF,Overige bestrijdingsmiddelen,,,,CONFORM
7659,woestijnvijgen/cactusvruchten,86847469,Prickly pear cat 1,27‐11‐2024,Tunesië,FRESH FOOD AMSTERDAM,Overige bestrijdingsmiddelen,,,,CONFORM
7660,woestijnvijgen/cactusvruchten,86984776,cactusvruchten,13‐11‐2024,Italië,HENK VAN WALDERVEEN EN ZONEN B.V.,Overige bestrijdingsmiddelen,,,,CONFORM
7661,wortels,86781484,Bio wortels,26‐6‐2024,Spanje,LIDL,Overige bestrijdingsmiddelen,,,,CONFORM
7662,wortels,86794357,bospeen,4‐6‐2024,Nederland,POIESZ SUPERMARKTEN SNEEK B.V.,fluopyram,0.0073,0.4,,CONFORM
7663,wortels,86794357,bospeen,4‐6‐2024,Nederland,POIESZ SUPERMARKTEN SNEEK B.V.,prosulfocarb,0.0058,1.0,,CONFORM
7664,wortels,86794357,bospeen,4‐6‐2024,Nederland,POIESZ SUPERMARKTEN SNEEK B.V.,Overige bestrijdingsmiddelen,,,,CONFORM
7665,wortels,86797887,Parijse worteltjes,8‐4‐2024,Frankrijk,DE JONG DIEPVRIES B.V.,Overige bestrijdingsmiddelen,,,,CONFORM
7666,wortels,86804379,Biologische wortelblokjes,25‐3‐2024,België,FZ ORGANIC FOOD,Overige bestrijdingsmiddelen,,,,CONFORM
7667,wortels,86837145,wortelen,12‐11‐2024,Nederland,GROENTEPRODUCTIE FLEVOLAND B.V.,Overige bestrijdingsmiddelen,,,,CONFORM
7668,wortels,86866765,waspeen,20‐3‐2024,Nederland,V.O.F. HARRIE GOESTEN,boscalid,0.014,2.0,,CONFORM
7669,wortels,86866765,waspeen,20‐3‐2024,Nederland,V.O.F. HARRIE GOESTEN,fluopyram,0.028,0.4,,CONFORM
7670,wortels,86866765,waspeen,20‐3‐2024,Nederland,V.O.F. HARRIE GOESTEN,tebuconazool,0.011,0.4,,CONFORM
7671,wortels,86866765,waspeen,20‐3‐2024,Nederland,V.O.F. HARRIE GOESTEN,Overige bestrijdingsmiddelen,,,,CONFORM
7672,wortels,86894491,wortelen,21‐8‐2024,Nederland,JUMBO DISTRIBUTIECENTRUM (409),Overige bestrijdingsmiddelen,,,,CONFORM
7673,wortels,86924714,Bospeen,22‐5‐2024,Spanje,COOP SUPERMARKTEN,azoxystrobin,0.021,1.0,,CONFORM
7674,wortels,86924714,Bospeen,22‐5‐2024,Spanje,COOP SUPERMARKTEN,cypermethrin,0.0097,0.05,,CONFORM
7675,wortels,86924714,Bospeen,22‐5‐2024,Spanje,COOP SUPERMARKTEN,difenoconazool,0.0054,0.4,,CONFORM
7676,wortels,86924714,Bospeen,22‐5‐2024,Spanje,COOP SUPERMARKTEN,fluxapyroxad,0.085,0.9,,CONFORM
7677,wortels,86924714,Bospeen,22‐5‐2024,Spanje,COOP SUPERMARKTEN,Overige bestrijdingsmiddelen,,,,CONFORM
7678,wortels,99370343,winterpeen vuil,26‐11‐2024,Nederland,BOERDERIJWINKEL OVERESCH,Overige bestrijdingsmiddelen,,,,CONFORM
7679,wortels,99469471,Winterpeen,18‐9‐2024,Nederland,BOERDERIJWINKEL DE GELDER,azoxystrobin,0.0078,1.0,,CONFORM
7680,wortels,99469471,Winterpeen,18‐9‐2024,Nederland,BOERDERIJWINKEL DE GELDER,boscalid,0.034,2.0,,CONFORM
7681,wortels,99469471,Winterpeen,18‐9‐2024,Nederland,BOERDERIJWINKEL DE GELDER,difenoconazool,0.0076,0.4,,CONFORM
7682,wortels,99469471,Winterpeen,18‐9‐2024,Nederland,BOERDERIJWINKEL DE GELDER,fluopicolide,0.0062,0.2,,CONFORM
7683,wortels,99469471,Winterpeen,18‐9‐2024,Nederland,BOERDERIJWINKEL DE GELDER,prosulfocarb,0.0053,1.0,,CONFORM
7684,wortels,99469471,Winterpeen,18‐9‐2024,Nederland,BOERDERIJWINKEL DE GELDER,pyraclostrobin,0.0069,0.5,,CONFORM
7685,wortels,99469471,Winterpeen,18‐9‐2024,Nederland,BOERDERIJWINKEL DE GELDER,quintozeen (som),0.0056,0.02,,CONFORM
7686,wortels,99469471,Winterpeen,18‐9‐2024,Nederland,BOERDERIJWINKEL DE GELDER,Overige bestrijdingsmiddelen,,,,CONFORM
7687,wortels,99500581,winterpeen oranje,26‐11‐2024,Nederland,BURGERBOERDERIJ DE PATRIJS,Overige bestrijdingsmiddelen,,,,CONFORM
7688,yams,86813416,fresh yam,16‐1‐2024,Ghana,ASIA EXPRESS FOOD B.V.,Overige bestrijdingsmiddelen,,,,CONFORM
7689,yams,86847353,Fresh Yams,20‐11‐2024,Ghana,HERMAN KUIJPER B.V.,Overige bestrijdingsmiddelen,,,,CONFORM
7690,zeekraal,86804751,zeekraal,8‐4‐2024,Portugal,O. SMEDING EN ZOON B.V.,spinosad,0.23,10.0,,CONFORM
7691,zeekraal,86804751,zeekraal,8‐4‐2024,Portugal,O. SMEDING EN ZOON B.V.,Overige bestrijdingsmiddelen,,,,CONFORM
7692,zoete granadillas/zoete passievruchten,86769697,Granadilla,26‐2‐2024,Equador,ROVEG FRUIT B.V.,carbendazim,0.048,0.1,,CONFORM
7693,zoete granadillas/zoete passievruchten,86769697,Granadilla,26‐2‐2024,Equador,ROVEG FRUIT B.V.,cypermethrin,0.0079,0.05,,CONFORM
7694,zoete granadillas/zoete passievruchten,86769697,Granadilla,26‐2‐2024,Equador,ROVEG FRUIT B.V.,difenoconazool,0.26,0.1,,NIET CONFORM
7695,zoete granadillas/zoete passievruchten,86769697,Granadilla,26‐2‐2024,Equador,ROVEG FRUIT B.V.,prochloraz (som),0.11,7.0,,CONFORM
7696,zoete granadillas/zoete passievruchten,86769697,Granadilla,26‐2‐2024,Equador,ROVEG FRUIT B.V.,procymidon,0.13,0.01,,NIET CONFORM
7697,zoete granadillas/zoete passievruchten,86769697,Granadilla,26‐2‐2024,Equador,ROVEG FRUIT B.V.,profenofos,0.0081,0.01,,CONFORM
7698,zoete granadillas/zoete passievruchten,86769697,Granadilla,26‐2‐2024,Equador,ROVEG FRUIT B.V.,propamocarb,0.044,0.01,,NIET CONFORM
7699,zoete granadillas/zoete passievruchten,86769697,Granadilla,26‐2‐2024,Equador,ROVEG FRUIT B.V.,tebuconazool,0.0057,1.0,,CONFORM
7700,zoete granadillas/zoete passievruchten,86769697,Granadilla,26‐2‐2024,Equador,ROVEG FRUIT B.V.,thiofanaat‐methyl,0.013,0.1,,CONFORM
7701,zoete granadillas/zoete passievruchten,86769697,Granadilla,26‐2‐2024,Equador,ROVEG FRUIT B.V.,Overige bestrijdingsmiddelen,,,,CONFORM
7702,zoete granadillas/zoete passievruchten,86924536,Granadilla,24‐4‐2024,Colombia,BRIMA FRUIT BV,Overige bestrijdingsmiddelen,,,,CONFORM
7703,zonnebloempit,86798948,Crude High Oleic Sunflower Oil,30‐4‐2024,Landcode onbekend,AAK MAAS REFINERY BV,pirimifos‐methyl,0.027,0.5,,CONFORM
7704,zonnebloempit,86798948,Crude High Oleic Sunflower Oil,30‐4‐2024,Landcode onbekend,AAK MAAS REFINERY BV,Overige bestrijdingsmiddelen,,,,CONFORM
7705,zonnebloempit,86799022,wdgSF (water degummed Zonnebloemolie),1‐5‐2024,Landcode onbekend,SD GUTHRIE INTERNATIONAL ZWIJNDRECHT REFINERY,pirimifos‐methyl,0.36,0.5,,CONFORM
7706,zonnebloempit,86799022,wdgSF (water degummed Zonnebloemolie),1‐5‐2024,Landcode onbekend,SD GUTHRIE INTERNATIONAL ZWIJNDRECHT REFINERY,Overige bestrijdingsmiddelen,,,,CONFORM
7707,zonnebloempit,86815354,zonnebloemolie organic,2‐5‐2024,Landcode onbekend,AAK NETHERLANDS B.V.,Overige bestrijdingsmiddelen,,,,CONFORM
7708,zonnebloempit,86815451,zonnebloemzaad classic,3‐5‐2024,Oekraïne,CARGILL GRAIN & OILSEED MULTISEED (GOSCE),mepiquat,0.034,40.0,,CONFORM
7709,zonnebloempit,86815451,zonnebloemzaad classic,3‐5‐2024,Oekraïne,CARGILL GRAIN & OILSEED MULTISEED (GOSCE),Overige bestrijdingsmiddelen,,,,CONFORM
7710,zonnebloempit,86815478,zonnebloemzaad high olec,3‐5‐2024,Frankrijk,CARGILL GRAIN & OILSEED MULTISEED (GOSCE),deltamethrin,0.15,0.05,,NIET CONFORM
7711,zonnebloempit,86815478,zonnebloemzaad high olec,3‐5‐2024,Frankrijk,CARGILL GRAIN & OILSEED MULTISEED (GOSCE),Overige bestrijdingsmiddelen,,,,CONFORM
7712,zonnebloempit,86815486,zonnebloemolie classic ruw,3‐5‐2024,Landcode onbekend,CARGILL GRAIN & OILSEED MULTISEED (GOSCE),chloorpyrifos‐ethyl,0.012,0.01,,NIET CONFORM*
7713,zonnebloempit,86815486,zonnebloemolie classic ruw,3‐5‐2024,Landcode onbekend,CARGILL GRAIN & OILSEED MULTISEED (GOSCE),pirimifos‐methyl,0.017,0.5,,CONFORM
7714,zonnebloempit,86815486,zonnebloemolie classic ruw,3‐5‐2024,Landcode onbekend,CARGILL GRAIN & OILSEED MULTISEED (GOSCE),Overige bestrijdingsmiddelen,,,,CONFORM
7715,zonnebloempit,86815494,zonnebloemolie classic ruw,3‐5‐2024,Landcode onbekend,CARGILL GRAIN & OILSEED MULTISEED (GOSCE),Overige bestrijdingsmiddelen,,,,CONFORM
7716,zuigelingenvoeding,86844826,Nutrilon volledige zuigelingenvoeding 1,14‐11‐2024,Nederland,HOOGVLIET (HOOFDKANTOOR EN DC),Overige bestrijdingsmiddelen,,,,CONFORM
7717,zuigelingenvoeding,86844834,Nutrilon volledige zuigelingenvoeding 1,14‐11‐2024,Nederland,HOOGVLIET (HOOFDKANTOOR EN DC),Overige bestrijdingsmiddelen,,,,CONFORM
7718,zuigelingenvoeding,86844907,Nutrilon A.R. 1,14‐11‐2024,Nederland,HOOGVLIET (HOOFDKANTOOR EN DC),Overige bestrijdingsmiddelen,,,,CONFORM
7719,zuigelingenvoeding,86844915,Nutrilon A.R. 1,14‐11‐2024,Nederland,HOOGVLIET (HOOFDKANTOOR EN DC),Overige bestrijdingsmiddelen,,,,CONFORM
7720,zuigelingenvoeding,86844982,Bonbebe Standaard Volledige zuigelingenvoeding 1,14‐11‐2024,Nederland,HOOGVLIET (HOOFDKANTOOR EN DC),Overige bestrijdingsmiddelen,,,,CONFORM
7721,zuigelingenvoeding,86845008,Bonbebe Standaard Volledige zuigelingenvoeding 1,14‐11‐2024,Nederland,HOOGVLIET (HOOFDKANTOOR EN DC),Overige bestrijdingsmiddelen,,,,CONFORM
7722,zuigelingenvoeding,86846772,zuigelingen melk op basis van geitenmelk. standaard 1. 0‐6 maanden,13‐11‐2024,Landcode onbekend,ETOS DROGISTERIJEN,Overige bestrijdingsmiddelen,,,,CONFORM
7723,zuigelingenvoeding,86846799,zuigelingen melk op basis van geitenmelk. standaard 1. 0‐6 maanden,13‐11‐2024,Landcode onbekend,ETOS DROGISTERIJEN,Overige bestrijdingsmiddelen,,,,CONFORM
7724,zuigelingenvoeding,86897164,Biobim Ekobaby 1,6‐11‐2024,Nederland,HOLLAND PHARMA,Overige bestrijdingsmiddelen,,,,CONFORM
7725,zuigelingenvoeding,86897172,Biobim Ekobaby 1,6‐11‐2024,Nederland,HOLLAND PHARMA,Overige bestrijdingsmiddelen,,,,CONFORM
7726,zuigelingenvoeding,86984105,Nannycare 1,6‐11‐2024,Nieuw Zeeland,HOLLAND PHARMA,Overige bestrijdingsmiddelen,,,,CONFORM
7727,zuigelingenvoeding,86984113,Nannycare 1,6‐11‐2024,Nieuw Zeeland,HOLLAND PHARMA,Overige bestrijdingsmiddelen,,,,CONFORM
7728,zwarte rammenassen/winterradijzen,86837595,zwarte rammenas,27‐11‐2024,Frankrijk,GEBROEDERS DE MOOIJ AMSTERDAM,Overige bestrijdingsmiddelen,,,,CONFORM
